id,customerId,productId,transactionDate,quantity,totalAmount
1,84,28,2018-05-06,1,45.0
2,84,12,2018-05-06,1,65.0
3,26,13,2018-05-06,1,50.0
4,92,1,2018-05-06,1,1200.0
5,13,15,2018-05-06,1,180.0
6,47,9,2018-05-06,1,180.0
7,51,19,2018-05-06,1,20.0
8,62,9,2018-05-07,2,360.0
9,35,30,2018-05-07,1,50.0
10,61,27,2018-05-07,1,40.0
11,1,9,2018-05-08,1,180.0
12,15,21,2018-05-09,1,15.0
13,66,25,2018-05-09,1,30.0
14,49,19,2018-05-09,2,40.0
15,16,3,2018-05-09,1,55.0
16,93,23,2018-05-09,1,15.0
17,86,4,2018-05-09,3,360.0
18,26,20,2018-05-09,2,50.0
19,56,27,2018-05-09,2,80.0
20,33,29,2018-05-10,3,114.0
21,76,3,2018-05-10,1,55.0
22,30,11,2018-05-10,1,800.0
23,55,6,2018-05-10,1,80.0
24,6,28,2018-05-10,6,270.0
25,26,21,2018-05-11,1,15.0
26,45,30,2018-05-11,1,50.0
27,48,23,2018-05-11,4,60.0
28,53,27,2018-05-12,2,80.0
29,23,23,2018-05-13,1,15.0
30,37,28,2018-05-13,2,90.0
31,40,3,2018-05-13,1,55.0
32,87,6,2018-05-13,11,880.0
33,54,24,2018-05-13,1,35.0
34,52,13,2018-05-14,2,100.0
35,98,7,2018-05-14,5,1500.0
36,80,15,2018-05-15,1,180.0
37,75,14,2018-05-15,1,70.0
38,6,25,2018-05-15,2,60.0
39,48,21,2018-05-15,1,15.0
40,17,9,2018-05-15,2,360.0
41,81,1,2018-05-15,4,4800.0
42,52,4,2018-05-15,1,120.0
43,9,27,2018-05-15,1,40.0
44,95,10,2018-05-16,1,220.0
45,35,9,2018-05-16,4,720.0
46,20,20,2018-05-16,3,75.0
47,43,1,2018-05-16,2,2400.0
48,65,20,2018-05-16,5,125.0
49,71,20,2018-05-17,2,50.0
50,13,27,2018-05-17,1,40.0
51,46,4,2018-05-17,2,240.0
52,39,28,2018-05-17,2,90.0
53,19,3,2018-05-18,3,165.0
54,100,21,2018-05-19,1,15.0
55,70,2,2018-05-19,1,35.0
56,84,27,2018-05-19,3,120.0
57,32,21,2018-05-20,3,45.0
58,22,2,2018-05-20,1,35.0
59,99,6,2018-05-21,2,160.0
60,1,13,2018-05-21,1,50.0
61,28,6,2018-05-22,1,80.0
62,79,30,2018-05-22,1,50.0
63,25,15,2018-05-22,1,180.0
64,87,12,2018-05-23,1,65.0
65,58,16,2018-05-23,2,240.0
66,18,29,2018-05-23,1,38.0
67,1,5,2018-05-24,1,350.0
68,69,14,2018-05-25,1,70.0
69,50,21,2018-05-25,1,15.0
70,29,24,2018-05-25,2,70.0
71,38,9,2018-05-25,5,900.0
72,22,13,2018-05-25,1,50.0
73,97,26,2018-05-25,5,175.0
74,31,19,2018-05-25,21,420.0
75,13,23,2018-05-26,1,15.0
76,63,21,2018-05-26,3,45.0
77,30,9,2018-05-26,1,180.0
78,26,29,2018-05-26,2,76.0
79,25,17,2018-05-26,12,480.0
80,74,18,2018-05-27,1,50.0
81,95,25,2018-05-28,2,60.0
82,76,19,2018-05-29,15,300.0
83,19,15,2018-05-29,2,360.0
84,61,16,2018-05-29,1,120.0
85,37,1,2018-05-29,2,2400.0
86,44,15,2018-05-29,2,360.0
87,85,26,2018-05-30,7,245.0
88,51,15,2018-05-30,1,180.0
89,36,30,2018-05-30,3,150.0
90,76,27,2018-05-31,6,240.0
91,81,3,2018-05-31,1,55.0
92,53,19,2018-05-31,3,60.0
93,77,29,2018-05-31,1,38.0
94,13,16,2018-05-31,2,240.0
95,21,8,2018-05-31,4,2000.0
96,39,18,2018-06-01,1,50.0
97,59,14,2018-06-01,4,280.0
98,96,14,2018-06-01,3,210.0
99,65,21,2018-06-01,1,15.0
100,97,5,2018-06-02,1,350.0
101,39,22,2018-06-03,1,28.0
102,14,27,2018-06-03,1,40.0
103,60,30,2018-06-04,1,50.0
104,85,12,2018-06-04,2,130.0
105,27,18,2018-06-04,1,50.0
106,69,10,2018-06-04,1,220.0
107,50,28,2018-06-04,1,45.0
108,17,10,2018-06-04,1,220.0
109,20,13,2018-06-05,4,200.0
110,14,28,2018-06-05,1,45.0
111,2,12,2018-06-06,3,195.0
112,97,12,2018-06-06,1,65.0
113,42,8,2018-06-07,1,500.0
114,57,15,2018-06-08,1,180.0
115,80,10,2018-06-08,2,440.0
116,78,15,2018-06-08,1,180.0
117,1,4,2018-06-09,7,840.0
118,75,18,2018-06-10,2,100.0
119,40,20,2018-06-10,4,100.0
120,86,12,2018-06-11,2,130.0
121,69,30,2018-06-11,3,150.0
122,33,25,2018-06-11,2,60.0
123,74,23,2018-06-11,1,15.0
124,50,16,2018-06-12,4,480.0
125,21,11,2018-06-12,1,800.0
126,85,10,2018-06-13,1,220.0
127,67,3,2018-06-13,1,55.0
128,43,22,2018-06-13,3,84.0
129,7,28,2018-06-13,1,45.0
130,40,27,2018-06-13,5,200.0
131,32,15,2018-06-13,2,360.0
132,76,7,2018-06-14,4,1200.0
133,23,6,2018-06-14,1,80.0
134,85,23,2018-06-14,1,15.0
135,90,15,2018-06-14,3,540.0
136,22,3,2018-06-14,1,55.0
137,69,26,2018-06-15,1,35.0
138,66,6,2018-06-15,1,80.0
139,48,30,2018-06-16,1,50.0
140,64,26,2018-06-16,1,35.0
141,88,12,2018-06-16,1,65.0
142,41,19,2018-06-17,2,40.0
143,11,5,2018-06-17,3,1050.0
144,84,21,2018-06-17,6,90.0
145,22,7,2018-06-17,6,1800.0
146,49,2,2018-06-17,1,35.0
147,57,28,2018-06-17,1,45.0
148,23,14,2018-06-18,1,70.0
149,11,11,2018-06-18,3,2400.0
150,75,26,2018-06-18,1,35.0
151,78,26,2018-06-18,1,35.0
152,53,14,2018-06-19,1,70.0
153,27,1,2018-06-19,3,3600.0
154,95,25,2018-06-19,2,60.0
155,6,1,2018-06-19,2,2400.0
156,53,17,2018-06-20,3,120.0
157,70,17,2018-06-20,8,320.0
158,52,18,2018-06-20,2,100.0
159,56,5,2018-06-21,3,1050.0
160,22,24,2018-06-21,1,35.0
161,31,3,2018-06-21,1,55.0
162,4,25,2018-06-22,1,30.0
163,38,28,2018-06-23,1,45.0
164,46,13,2018-06-23,6,300.0
165,71,10,2018-06-23,1,220.0
166,73,19,2018-06-24,1,20.0
167,87,18,2018-06-24,2,100.0
168,8,5,2018-06-24,1,350.0
169,93,7,2018-06-24,1,300.0
170,100,15,2018-06-24,2,360.0
171,62,23,2018-06-24,1,15.0
172,81,23,2018-06-25,1,15.0
173,88,16,2018-06-25,10,1200.0
174,46,11,2018-06-25,2,1600.0
175,8,21,2018-06-26,3,45.0
176,94,19,2018-06-27,4,80.0
177,35,3,2018-06-27,1,55.0
178,72,3,2018-06-28,1,55.0
179,65,2,2018-06-28,3,105.0
180,43,23,2018-06-28,1,15.0
181,67,1,2018-06-28,1,1200.0
182,75,11,2018-06-30,2,1600.0
183,69,14,2018-06-30,1,70.0
184,39,25,2018-06-30,2,60.0
185,16,26,2018-06-30,1,35.0
186,71,26,2018-06-30,1,35.0
187,39,3,2018-06-30,1,55.0
188,81,11,2018-07-01,1,800.0
189,34,21,2018-07-01,1,15.0
190,42,29,2018-07-01,1,38.0
191,85,22,2018-07-01,6,168.0
192,70,17,2018-07-01,1,40.0
193,75,26,2018-07-02,1,35.0
194,64,13,2018-07-02,3,150.0
195,45,30,2018-07-02,2,100.0
196,95,30,2018-07-02,1,50.0
197,84,29,2018-07-03,2,76.0
198,7,3,2018-07-03,1,55.0
199,37,7,2018-07-03,1,300.0
200,3,28,2018-07-03,3,135.0
201,77,1,2018-07-03,1,1200.0
202,65,9,2018-07-03,3,540.0
203,47,30,2018-07-04,1,50.0
204,75,30,2018-07-04,1,50.0
205,44,28,2018-07-04,2,90.0
206,90,22,2018-07-05,1,28.0
207,60,15,2018-07-05,1,180.0
208,67,5,2018-07-05,3,1050.0
209,34,5,2018-07-05,1,350.0
210,73,3,2018-07-05,1,55.0
211,33,26,2018-07-05,1,35.0
212,91,13,2018-07-05,3,150.0
213,54,15,2018-07-06,18,3240.0
214,53,24,2018-07-06,2,70.0
215,11,27,2018-07-06,1,40.0
216,32,12,2018-07-06,1,65.0
217,16,1,2018-07-06,1,1200.0
218,18,30,2018-07-07,1,50.0
219,39,25,2018-07-07,1,30.0
220,41,17,2018-07-07,4,160.0
221,50,24,2018-07-08,11,385.0
222,48,5,2018-07-08,1,350.0
223,68,17,2018-07-08,1,40.0
224,38,5,2018-07-08,1,350.0
225,97,13,2018-07-08,1,50.0
226,94,2,2018-07-09,1,35.0
227,34,5,2018-07-09,1,350.0
228,91,6,2018-07-09,4,320.0
229,10,27,2018-07-10,1,40.0
230,75,1,2018-07-10,1,1200.0
231,64,16,2018-07-11,3,360.0
232,3,12,2018-07-11,1,65.0
233,66,30,2018-07-11,3,150.0
234,50,2,2018-07-11,2,70.0
235,68,14,2018-07-11,2,140.0
236,64,23,2018-07-12,2,30.0
237,50,3,2018-07-12,3,165.0
238,68,9,2018-07-13,2,360.0
239,55,26,2018-07-13,2,70.0
240,85,18,2018-07-13,3,150.0
241,14,18,2018-07-13,1,50.0
242,88,29,2018-07-13,1,38.0
243,12,27,2018-07-14,1,40.0
244,78,14,2018-07-14,2,140.0
245,34,10,2018-07-15,1,220.0
246,29,24,2018-07-16,1,35.0
247,93,21,2018-07-16,2,30.0
248,78,30,2018-07-16,1,50.0
249,98,25,2018-07-17,3,90.0
250,42,16,2018-07-17,13,1560.0
251,87,10,2018-07-17,1,220.0
252,68,23,2018-07-17,1,15.0
253,13,9,2018-07-17,1,180.0
254,40,12,2018-07-18,15,975.0
255,11,6,2018-07-18,1,80.0
256,59,9,2018-07-18,1,180.0
257,17,1,2018-07-19,3,3600.0
258,40,9,2018-07-20,1,180.0
259,80,9,2018-07-20,1,180.0
260,48,17,2018-07-20,2,80.0
261,22,16,2018-07-20,3,360.0
262,78,20,2018-07-20,5,125.0
263,52,13,2018-07-21,1,50.0
264,76,11,2018-07-21,1,800.0
265,68,28,2018-07-21,3,135.0
266,90,23,2018-07-21,1,15.0
267,22,30,2018-07-22,1,50.0
268,70,14,2018-07-22,1,70.0
269,10,22,2018-07-22,1,28.0
270,50,16,2018-07-23,2,240.0
271,32,13,2018-07-23,3,150.0
272,30,6,2018-07-23,1,80.0
273,81,13,2018-07-23,2,100.0
274,32,23,2018-07-24,1,15.0
275,90,15,2018-07-24,2,360.0
276,27,10,2018-07-24,6,1320.0
277,41,29,2018-07-24,1,38.0
278,28,25,2018-07-24,1,30.0
279,28,25,2018-07-25,1,30.0
280,68,19,2018-07-25,5,100.0
281,71,1,2018-07-25,2,2400.0
282,15,24,2018-07-25,1,35.0
283,40,30,2018-07-25,1,50.0
284,34,2,2018-07-27,1,35.0
285,31,23,2018-07-27,2,30.0
286,80,8,2018-07-27,1,500.0
287,88,2,2018-07-27,1,35.0
288,89,3,2018-07-27,1,55.0
289,58,3,2018-07-28,1,55.0
290,38,13,2018-07-28,1,50.0
291,18,6,2018-07-28,2,160.0
292,66,16,2018-07-28,1,120.0
293,15,14,2018-07-29,1,70.0
294,47,28,2018-07-29,1,45.0
295,52,22,2018-07-29,1,28.0
296,6,27,2018-07-29,1,40.0
297,48,28,2018-07-30,3,135.0
298,84,21,2018-07-30,3,45.0
299,46,3,2018-07-31,1,55.0
300,35,8,2018-07-31,3,1500.0
301,79,29,2018-07-31,2,76.0
302,87,16,2018-08-01,1,120.0
303,1,20,2018-08-01,1,25.0
304,71,17,2018-08-01,1,40.0
305,11,12,2018-08-01,1,65.0
306,57,29,2018-08-01,3,114.0
307,89,30,2018-08-02,1,50.0
308,9,20,2018-08-02,1,25.0
309,16,30,2018-08-02,1,50.0
310,40,13,2018-08-02,1,50.0
311,90,19,2018-08-03,1,20.0
312,89,4,2018-08-04,1,120.0
313,5,17,2018-08-04,1,40.0
314,43,10,2018-08-04,1,220.0
315,16,15,2018-08-04,1,180.0
316,42,14,2018-08-04,1,70.0
317,6,29,2018-08-04,1,38.0
318,46,9,2018-08-04,1,180.0
319,71,14,2018-08-04,3,210.0
320,36,4,2018-08-04,2,240.0
321,22,15,2018-08-05,1,180.0
322,88,19,2018-08-05,2,40.0
323,6,7,2018-08-05,1,300.0
324,7,18,2018-08-05,3,150.0
325,96,6,2018-08-05,1,80.0
326,80,23,2018-08-05,1,15.0
327,94,17,2018-08-05,2,80.0
328,10,12,2018-08-06,1,65.0
329,13,27,2018-08-06,1,40.0
330,24,28,2018-08-06,1,45.0
331,21,24,2018-08-06,1,35.0
332,82,25,2018-08-07,2,60.0
333,19,19,2018-08-07,4,80.0
334,41,26,2018-08-08,2,70.0
335,32,19,2018-08-08,2,40.0
336,42,27,2018-08-08,1,40.0
337,61,27,2018-08-09,6,240.0
338,29,27,2018-08-09,1,40.0
339,31,24,2018-08-09,2,70.0
340,41,4,2018-08-09,1,120.0
341,83,20,2018-08-11,2,50.0
342,21,1,2018-08-12,5,6000.0
343,91,20,2018-08-12,2,50.0
344,32,25,2018-08-12,1,30.0
345,92,5,2018-08-12,1,350.0
346,56,1,2018-08-12,3,3600.0
347,43,9,2018-08-12,2,360.0
348,70,22,2018-08-13,2,56.0
349,7,25,2018-08-13,4,120.0
350,45,23,2018-08-14,1,15.0
351,86,17,2018-08-14,2,80.0
352,55,21,2018-08-14,1,15.0
353,19,10,2018-08-15,11,2420.0
354,58,3,2018-08-15,3,165.0
355,2,5,2018-08-15,1,350.0
356,67,27,2018-08-15,4,160.0
357,81,11,2018-08-15,2,1600.0
358,14,26,2018-08-16,1,35.0
359,99,10,2018-08-16,1,220.0
360,4,1,2018-08-16,3,3600.0
361,94,20,2018-08-16,4,100.0
362,72,10,2018-08-16,1,220.0
363,68,26,2018-08-16,1,35.0
364,89,19,2018-08-16,1,20.0
365,49,10,2018-08-16,2,440.0
366,3,22,2018-08-16,3,84.0
367,88,21,2018-08-16,2,30.0
368,60,28,2018-08-16,1,45.0
369,47,18,2018-08-16,1,50.0
370,47,1,2018-08-16,2,2400.0
371,7,9,2018-08-17,2,360.0
372,78,24,2018-08-17,3,105.0
373,49,3,2018-08-17,1,55.0
374,61,24,2018-08-17,3,105.0
375,34,22,2018-08-17,5,140.0
376,54,20,2018-08-18,1,25.0
377,79,22,2018-08-18,1,28.0
378,6,21,2018-08-18,2,30.0
379,91,5,2018-08-18,1,350.0
380,12,2,2018-08-18,1,35.0
381,93,2,2018-08-18,1,35.0
382,20,15,2018-08-19,3,540.0
383,72,18,2018-08-20,1,50.0
384,51,29,2018-08-20,1,38.0
385,99,10,2018-08-20,1,220.0
386,82,14,2018-08-20,2,140.0
387,50,17,2018-08-21,1,40.0
388,45,5,2018-08-22,2,700.0
389,69,12,2018-08-22,1,65.0
390,14,9,2018-08-22,3,540.0
391,69,13,2018-08-23,2,100.0
392,46,11,2018-08-23,2,1600.0
393,53,12,2018-08-23,2,130.0
394,12,3,2018-08-23,2,110.0
395,100,13,2018-08-23,2,100.0
396,56,23,2018-08-23,1,15.0
397,33,26,2018-08-23,3,105.0
398,60,30,2018-08-23,1,50.0
399,16,25,2018-08-24,3,90.0
400,10,9,2018-08-24,5,900.0
401,20,18,2018-08-24,2,100.0
402,15,11,2018-08-25,2,1600.0
403,39,3,2018-08-25,2,110.0
404,10,14,2018-08-25,1,70.0
405,56,2,2018-08-25,1,35.0
406,52,16,2018-08-25,3,360.0
407,11,8,2018-08-25,2,1000.0
408,58,2,2018-08-26,1,35.0
409,1,17,2018-08-26,3,120.0
410,9,13,2018-08-26,1,50.0
411,73,25,2018-08-26,2,60.0
412,62,9,2018-08-27,3,540.0
413,21,28,2018-08-28,8,360.0
414,87,2,2018-08-28,2,70.0
415,77,19,2018-08-28,2,40.0
416,59,20,2018-08-29,1,25.0
417,97,4,2018-08-29,4,480.0
418,39,18,2018-08-29,4,200.0
419,61,17,2018-08-30,5,200.0
420,96,19,2018-08-30,1,20.0
421,61,13,2018-08-30,1,50.0
422,98,18,2018-08-30,2,100.0
423,25,26,2018-08-31,15,525.0
424,64,14,2018-08-31,1,70.0
425,59,2,2018-08-31,2,70.0
426,61,2,2018-08-31,2,70.0
427,35,21,2018-08-31,2,30.0
428,4,6,2018-08-31,1,80.0
429,25,18,2018-08-31,4,200.0
430,22,2,2018-09-01,1,35.0
431,33,27,2018-09-01,2,80.0
432,65,22,2018-09-01,6,168.0
433,3,22,2018-09-02,2,56.0
434,89,6,2018-09-02,1,80.0
435,45,28,2018-09-02,1,45.0
436,42,2,2018-09-03,1,35.0
437,93,15,2018-09-03,10,1800.0
438,30,15,2018-09-03,1,180.0
439,29,27,2018-09-04,1,40.0
440,66,29,2018-09-04,8,304.0
441,72,7,2018-09-04,2,600.0
442,90,12,2018-09-04,1,65.0
443,61,11,2018-09-04,2,1600.0
444,63,16,2018-09-04,2,240.0
445,43,15,2018-09-05,4,720.0
446,29,12,2018-09-05,3,195.0
447,32,12,2018-09-05,3,195.0
448,86,11,2018-09-05,1,800.0
449,21,7,2018-09-06,1,300.0
450,3,1,2018-09-06,4,4800.0
451,86,5,2018-09-07,2,700.0
452,42,18,2018-09-07,3,150.0
453,24,4,2018-09-08,1,120.0
454,70,21,2018-09-08,1,15.0
455,25,28,2018-09-08,2,90.0
456,39,25,2018-09-09,1,30.0
457,31,26,2018-09-09,3,105.0
458,92,3,2018-09-10,1,55.0
459,69,18,2018-09-10,2,100.0
460,94,3,2018-09-10,5,275.0
461,68,21,2018-09-10,4,60.0
462,98,1,2018-09-10,4,4800.0
463,27,26,2018-09-11,6,210.0
464,35,15,2018-09-11,5,900.0
465,87,6,2018-09-11,2,160.0
466,79,4,2018-09-11,2,240.0
467,54,8,2018-09-11,1,500.0
468,27,23,2018-09-12,14,210.0
469,75,14,2018-09-12,3,210.0
470,11,14,2018-09-12,5,350.0
471,94,8,2018-09-12,3,1500.0
472,84,19,2018-09-13,2,40.0
473,29,10,2018-09-13,1,220.0
474,64,2,2018-09-13,5,175.0
475,83,26,2018-09-13,2,70.0
476,56,6,2018-09-14,6,480.0
477,9,3,2018-09-15,2,110.0
478,84,29,2018-09-15,1,38.0
479,36,5,2018-09-16,1,350.0
480,86,25,2018-09-16,1,30.0
481,90,4,2018-09-16,7,840.0
482,81,22,2018-09-17,5,140.0
483,56,6,2018-09-17,1,80.0
484,64,18,2018-09-18,3,150.0
485,98,15,2018-09-19,1,180.0
486,43,17,2018-09-19,4,160.0
487,82,13,2018-09-20,3,150.0
488,53,14,2018-09-20,3,210.0
489,5,29,2018-09-20,4,152.0
490,25,21,2018-09-20,3,45.0
491,74,8,2018-09-22,1,500.0
492,77,16,2018-09-22,15,1800.0
493,80,19,2018-09-22,2,40.0
494,64,9,2018-09-22,2,360.0
495,31,11,2018-09-22,1,800.0
496,94,9,2018-09-23,2,360.0
497,21,22,2018-09-23,1,28.0
498,1,15,2018-09-24,5,900.0
499,44,17,2018-09-25,3,120.0
500,5,28,2018-09-25,4,180.0
501,24,18,2018-09-25,2,100.0
502,73,5,2018-09-25,5,1750.0
503,89,8,2018-09-25,4,2000.0
504,53,13,2018-09-26,1,50.0
505,37,14,2018-09-26,1,70.0
506,34,7,2018-09-26,5,1500.0
507,19,24,2018-09-27,1,35.0
508,19,15,2018-09-27,1,180.0
509,7,10,2018-09-27,5,1100.0
510,60,19,2018-09-27,1,20.0
511,70,7,2018-09-27,8,2400.0
512,20,3,2018-09-28,5,275.0
513,81,26,2018-09-28,2,70.0
514,9,1,2018-09-28,6,7200.0
515,77,13,2018-09-28,2,100.0
516,56,26,2018-09-28,1,35.0
517,9,13,2018-09-29,1,50.0
518,65,10,2018-09-29,4,880.0
519,77,5,2018-09-29,1,350.0
520,55,9,2018-09-30,2,360.0
521,12,26,2018-09-30,1,35.0
522,4,11,2018-09-30,5,4000.0
523,32,2,2018-09-30,3,105.0
524,100,30,2018-09-30,1,50.0
525,45,7,2018-10-01,5,1500.0
526,56,1,2018-10-01,4,4800.0
527,66,8,2018-10-01,1,500.0
528,51,20,2018-10-01,1,25.0
529,51,3,2018-10-01,1,55.0
530,73,18,2018-10-01,10,500.0
531,47,23,2018-10-01,2,30.0
532,49,28,2018-10-02,2,90.0
533,19,24,2018-10-02,4,140.0
534,44,22,2018-10-02,2,56.0
535,89,3,2018-10-02,2,110.0
536,59,21,2018-10-02,1,15.0
537,71,1,2018-10-02,6,7200.0
538,59,1,2018-10-02,4,4800.0
539,14,19,2018-10-03,2,40.0
540,30,27,2018-10-04,1,40.0
541,76,16,2018-10-04,1,120.0
542,67,27,2018-10-04,1,40.0
543,59,15,2018-10-04,2,360.0
544,72,22,2018-10-04,5,140.0
545,67,16,2018-10-04,1,120.0
546,60,30,2018-10-04,1,50.0
547,13,27,2018-10-04,7,280.0
548,48,21,2018-10-04,2,30.0
549,94,27,2018-10-04,1,40.0
550,93,15,2018-10-04,1,180.0
551,20,8,2018-10-05,1,500.0
552,62,23,2018-10-05,4,60.0
553,15,28,2018-10-05,1,45.0
554,36,3,2018-10-05,3,165.0
555,94,18,2018-10-05,1,50.0
556,4,9,2018-10-06,1,180.0
557,91,29,2018-10-06,1,38.0
558,2,11,2018-10-08,1,800.0
559,31,27,2018-10-08,1,40.0
560,88,24,2018-10-09,1,35.0
561,75,16,2018-10-09,5,600.0
562,35,8,2018-10-09,4,2000.0
563,98,30,2018-10-11,4,200.0
564,54,11,2018-10-11,15,12000.0
565,11,21,2018-10-11,20,300.0
566,20,15,2018-10-12,17,3060.0
567,24,29,2018-10-12,5,190.0
568,21,26,2018-10-13,2,70.0
569,60,23,2018-10-13,1,15.0
570,4,5,2018-10-13,7,2450.0
571,76,12,2018-10-13,2,130.0
572,10,30,2018-10-13,1,50.0
573,11,11,2018-10-14,1,800.0
574,66,29,2018-10-14,3,114.0
575,93,26,2018-10-14,3,105.0
576,65,18,2018-10-14,1,50.0
577,55,8,2018-10-15,6,3000.0
578,41,16,2018-10-15,2,240.0
579,63,27,2018-10-15,2,80.0
580,47,15,2018-10-16,4,720.0
581,18,7,2018-10-16,6,1800.0
582,3,11,2018-10-16,3,2400.0
583,94,26,2018-10-16,1,35.0
584,23,11,2018-10-16,1,800.0
585,5,7,2018-10-17,3,900.0
586,67,27,2018-10-17,1,40.0
587,97,29,2018-10-17,4,152.0
588,34,30,2018-10-17,1,50.0
589,73,22,2018-10-17,1,28.0
590,90,19,2018-10-18,4,80.0
591,48,12,2018-10-18,1,65.0
592,90,16,2018-10-18,4,480.0
593,42,16,2018-10-18,1,120.0
594,48,17,2018-10-19,1,40.0
595,80,25,2018-10-19,1,30.0
596,5,19,2018-10-19,4,80.0
597,77,9,2018-10-19,1,180.0
598,59,9,2018-10-19,3,540.0
599,64,28,2018-10-20,4,180.0
600,98,19,2018-10-21,1,20.0
601,73,2,2018-10-21,1,35.0
602,85,15,2018-10-21,1,180.0
603,29,15,2018-10-21,1,180.0
604,74,4,2018-10-21,1,120.0
605,81,5,2018-10-21,1,350.0
606,66,26,2018-10-22,1,35.0
607,82,18,2018-10-22,2,100.0
608,53,24,2018-10-22,1,35.0
609,4,24,2018-10-22,5,175.0
610,34,22,2018-10-22,5,140.0
611,2,15,2018-10-22,1,180.0
612,54,7,2018-10-22,2,600.0
613,61,6,2018-10-22,2,160.0
614,30,18,2018-10-23,3,150.0
615,83,18,2018-10-23,1,50.0
616,64,25,2018-10-23,5,150.0
617,46,6,2018-10-23,1,80.0
618,66,4,2018-10-23,7,840.0
619,93,22,2018-10-24,1,28.0
620,45,10,2018-10-24,2,440.0
621,68,18,2018-10-24,1,50.0
622,20,15,2018-10-24,3,540.0
623,51,7,2018-10-25,1,300.0
624,90,18,2018-10-25,5,250.0
625,76,4,2018-10-26,1,120.0
626,16,5,2018-10-26,2,700.0
627,15,14,2018-10-26,1,70.0
628,36,4,2018-10-26,5,600.0
629,55,28,2018-10-27,1,45.0
630,34,27,2018-10-27,4,160.0
631,15,29,2018-10-28,1,38.0
632,8,17,2018-10-28,7,280.0
633,1,2,2018-10-28,2,70.0
634,48,26,2018-10-29,3,105.0
635,90,30,2018-10-29,1,50.0
636,95,19,2018-10-29,1,20.0
637,48,30,2018-10-29,3,150.0
638,51,26,2018-10-29,1,35.0
639,75,12,2018-10-29,1,65.0
640,67,21,2018-10-29,1,15.0
641,79,16,2018-10-30,4,480.0
642,60,21,2018-10-30,2,30.0
643,57,19,2018-10-30,1,20.0
644,43,9,2018-11-01,5,900.0
645,94,16,2018-11-01,3,360.0
646,12,16,2018-11-01,3,360.0
647,34,24,2018-11-01,7,245.0
648,45,18,2018-11-02,5,250.0
649,3,26,2018-11-02,1,35.0
650,41,1,2018-11-02,5,6000.0
651,19,1,2018-11-02,9,10800.0
652,90,30,2018-11-02,3,150.0
653,58,15,2018-11-03,1,180.0
654,84,21,2018-11-03,1,15.0
655,67,25,2018-11-03,2,60.0
656,39,20,2018-11-04,1,25.0
657,15,18,2018-11-05,1,50.0
658,18,27,2018-11-05,1,40.0
659,42,22,2018-11-05,2,56.0
660,2,8,2018-11-05,6,3000.0
661,39,2,2018-11-05,4,140.0
662,64,24,2018-11-06,1,35.0
663,81,13,2018-11-06,3,150.0
664,58,11,2018-11-07,4,3200.0
665,69,21,2018-11-08,1,15.0
666,98,4,2018-11-08,3,360.0
667,92,13,2018-11-08,4,200.0
668,33,24,2018-11-09,4,140.0
669,69,16,2018-11-09,2,240.0
670,18,30,2018-11-09,3,150.0
671,18,21,2018-11-10,3,45.0
672,52,6,2018-11-10,2,160.0
673,15,23,2018-11-11,14,210.0
674,63,24,2018-11-12,2,70.0
675,14,25,2018-11-12,4,120.0
676,72,23,2018-11-12,2,30.0
677,32,16,2018-11-12,2,240.0
678,45,22,2018-11-13,4,112.0
679,29,11,2018-11-13,2,1600.0
680,77,9,2018-11-13,1,180.0
681,38,9,2018-11-14,9,1620.0
682,42,13,2018-11-14,8,400.0
683,12,22,2018-11-14,3,84.0
684,55,21,2018-11-15,3,45.0
685,56,29,2018-11-16,1,38.0
686,37,15,2018-11-16,26,4680.0
687,51,17,2018-11-16,2,80.0
688,88,19,2018-11-16,5,100.0
689,39,13,2018-11-16,3,150.0
690,97,24,2018-11-16,2,70.0
691,2,18,2018-11-16,7,350.0
692,10,17,2018-11-16,2,80.0
693,50,20,2018-11-16,3,75.0
694,49,2,2018-11-16,1,35.0
695,84,15,2018-11-16,4,720.0
696,31,24,2018-11-17,2,70.0
697,58,14,2018-11-17,6,420.0
698,32,13,2018-11-17,2,100.0
699,75,30,2018-11-17,3,150.0
700,59,28,2018-11-17,9,405.0
701,33,10,2018-11-18,3,660.0
702,7,19,2018-11-18,1,20.0
703,23,9,2018-11-18,3,540.0
704,96,12,2018-11-18,5,325.0
705,81,16,2018-11-19,25,3000.0
706,6,3,2018-11-19,3,165.0
707,20,1,2018-11-20,1,1200.0
708,50,21,2018-11-20,4,60.0
709,35,29,2018-11-20,2,76.0
710,61,14,2018-11-21,1,70.0
711,46,24,2018-11-21,18,630.0
712,1,25,2018-11-21,1,30.0
713,98,2,2018-11-21,2,70.0
714,7,8,2018-11-21,6,3000.0
715,77,21,2018-11-22,1,15.0
716,53,19,2018-11-23,4,80.0
717,81,9,2018-11-23,2,360.0
718,26,7,2018-11-24,16,4800.0
719,53,4,2018-11-24,1,120.0
720,47,1,2018-11-24,1,1200.0
721,96,8,2018-11-25,7,3500.0
722,9,28,2018-11-25,3,135.0
723,92,5,2018-11-25,3,1050.0
724,19,28,2018-11-25,2,90.0
725,23,24,2018-11-26,9,315.0
726,30,15,2018-11-26,2,360.0
727,82,27,2018-11-26,4,160.0
728,64,10,2018-11-26,5,1100.0
729,88,23,2018-11-27,2,30.0
730,48,30,2018-11-28,7,350.0
731,64,12,2018-11-28,5,325.0
732,93,14,2018-11-28,32,2240.0
733,72,19,2018-11-29,7,140.0
734,94,13,2018-11-29,4,200.0
735,20,3,2018-11-29,3,165.0
736,43,3,2018-11-30,9,495.0
737,90,8,2018-11-30,3,1500.0
738,47,5,2018-11-30,3,1050.0
739,56,16,2018-11-30,5,600.0
740,95,28,2018-11-30,3,135.0
741,12,7,2018-11-30,4,1200.0
742,45,15,2018-12-01,5,900.0
743,55,11,2018-12-01,6,4800.0
744,57,16,2018-12-02,2,240.0
745,19,3,2018-12-02,1,55.0
746,25,8,2018-12-02,4,2000.0
747,10,27,2018-12-03,2,80.0
748,29,1,2018-12-03,1,1200.0
749,5,29,2018-12-03,5,190.0
750,40,27,2018-12-03,1,40.0
751,57,7,2018-12-03,3,900.0
752,53,27,2018-12-03,7,280.0
753,81,17,2018-12-03,1,40.0
754,62,15,2018-12-04,8,1440.0
755,8,1,2018-12-04,3,3600.0
756,58,6,2018-12-04,2,160.0
757,9,14,2018-12-04,3,210.0
758,76,24,2018-12-05,1,35.0
759,31,13,2018-12-05,1,50.0
760,32,30,2018-12-05,2,100.0
761,31,23,2018-12-05,7,105.0
762,55,29,2018-12-06,3,114.0
763,16,12,2018-12-06,5,325.0
764,61,22,2018-12-07,10,280.0
765,33,20,2018-12-07,2,50.0
766,54,28,2018-12-07,33,1485.0
767,91,6,2018-12-07,7,560.0
768,1,2,2018-12-07,2,70.0
769,75,9,2018-12-08,1,180.0
770,51,7,2018-12-08,1,300.0
771,73,11,2018-12-08,4,3200.0
772,9,3,2018-12-09,1,55.0
773,63,15,2018-12-09,2,360.0
774,96,6,2018-12-09,3,240.0
775,77,5,2018-12-09,1,350.0
776,44,15,2018-12-10,1,180.0
777,49,10,2018-12-10,2,440.0
778,31,23,2018-12-10,1,15.0
779,91,11,2018-12-10,1,800.0
780,14,6,2018-12-10,5,400.0
781,82,26,2018-12-10,1,35.0
782,42,28,2018-12-11,10,450.0
783,34,28,2018-12-11,6,270.0
784,21,12,2018-12-12,3,195.0
785,78,26,2018-12-12,2,70.0
786,89,9,2018-12-12,8,1440.0
787,21,7,2018-12-12,4,1200.0
788,33,1,2018-12-12,10,12000.0
789,100,14,2018-12-12,2,140.0
790,58,28,2018-12-13,2,90.0
791,45,17,2018-12-13,3,120.0
792,90,11,2018-12-14,3,2400.0
793,24,12,2018-12-14,4,260.0
794,71,27,2018-12-15,1,40.0
795,95,25,2018-12-16,1,30.0
796,66,4,2018-12-16,3,360.0
797,71,27,2018-12-16,4,160.0
798,6,25,2018-12-17,3,90.0
799,93,6,2018-12-17,7,560.0
800,5,4,2018-12-17,1,120.0
801,41,28,2018-12-17,7,315.0
802,67,23,2018-12-18,1,15.0
803,49,14,2018-12-18,1,70.0
804,79,24,2018-12-18,4,140.0
805,15,24,2018-12-19,3,105.0
806,89,23,2018-12-19,4,60.0
807,88,3,2018-12-19,5,275.0
808,63,14,2018-12-19,6,420.0
809,58,15,2018-12-19,1,180.0
810,36,15,2018-12-20,6,1080.0
811,7,9,2018-12-20,6,1080.0
812,36,2,2018-12-21,8,280.0
813,81,11,2018-12-21,1,800.0
814,20,15,2018-12-21,1,180.0
815,27,7,2018-12-22,2,600.0
816,54,2,2018-12-22,7,245.0
817,77,9,2018-12-22,1,180.0
818,81,24,2018-12-22,8,280.0
819,18,14,2018-12-22,1,70.0
820,63,24,2018-12-23,15,525.0
821,38,28,2018-12-23,1,45.0
822,22,5,2018-12-23,6,2100.0
823,36,3,2018-12-23,10,550.0
824,16,7,2018-12-24,1,300.0
825,79,26,2018-12-24,1,35.0
826,20,17,2018-12-24,1,40.0
827,96,6,2018-12-24,3,240.0
828,3,25,2018-12-24,3,90.0
829,45,10,2018-12-24,1,220.0
830,8,17,2018-12-25,20,800.0
831,94,14,2018-12-25,1,70.0
832,92,30,2018-12-26,7,350.0
833,37,5,2018-12-26,3,1050.0
834,35,30,2018-12-26,7,350.0
835,76,17,2018-12-27,2,80.0
836,90,4,2018-12-27,2,240.0
837,99,17,2018-12-27,2,80.0
838,26,6,2018-12-28,2,160.0
839,22,13,2018-12-28,41,2050.0
840,83,21,2018-12-28,10,150.0
841,42,3,2018-12-28,2,110.0
842,59,3,2018-12-28,48,2640.0
843,58,25,2018-12-29,1,30.0
844,78,3,2018-12-29,4,220.0
845,32,29,2018-12-29,1,38.0
846,77,3,2018-12-29,1,55.0
847,78,24,2018-12-30,1,35.0
848,37,3,2018-12-30,24,1320.0
849,95,16,2018-12-31,4,480.0
850,20,26,2018-12-31,2,70.0
851,3,25,2018-12-31,2,60.0
852,78,5,2019-01-01,1,350.0
853,98,21,2019-01-02,6,90.0
854,31,27,2019-01-02,1,40.0
855,85,4,2019-01-02,1,120.0
856,39,30,2019-01-03,1,50.0
857,62,8,2019-01-03,1,500.0
858,89,29,2019-01-03,1,38.0
859,80,22,2019-01-04,1,28.0
860,54,19,2019-01-04,2,40.0
861,68,23,2019-01-04,7,105.0
862,6,18,2019-01-04,1,50.0
863,46,10,2019-01-04,1,220.0
864,69,19,2019-01-04,1,20.0
865,76,30,2019-01-05,1,50.0
866,24,27,2019-01-05,1,40.0
867,99,10,2019-01-05,1,220.0
868,92,14,2019-01-05,2,140.0
869,28,16,2019-01-05,1,120.0
870,46,16,2019-01-06,2,240.0
871,3,4,2019-01-06,1,120.0
872,25,25,2019-01-06,1,30.0
873,2,27,2019-01-07,1,40.0
874,28,28,2019-01-07,10,450.0
875,9,5,2019-01-07,1,350.0
876,16,23,2019-01-07,1,15.0
877,86,15,2019-01-07,1,180.0
878,38,1,2019-01-08,1,1200.0
879,92,23,2019-01-08,1,15.0
880,81,18,2019-01-08,1,50.0
881,12,2,2019-01-08,1,35.0
882,17,30,2019-01-08,1,50.0
883,23,18,2019-01-09,2,100.0
884,4,21,2019-01-09,1,15.0
885,74,11,2019-01-09,1,800.0
886,18,9,2019-01-10,2,360.0
887,91,4,2019-01-10,1,120.0
888,10,6,2019-01-10,2,160.0
889,17,16,2019-01-10,1,120.0
890,10,9,2019-01-10,1,180.0
891,31,3,2019-01-10,2,110.0
892,43,5,2019-01-11,1,350.0
893,55,9,2019-01-11,2,360.0
894,89,13,2019-01-11,1,50.0
895,99,22,2019-01-12,1,28.0
896,61,24,2019-01-12,1,35.0
897,45,3,2019-01-12,1,55.0
898,95,30,2019-01-12,2,100.0
899,49,30,2019-01-13,1,50.0
900,56,7,2019-01-14,1,300.0
901,46,5,2019-01-15,1,350.0
902,6,22,2019-01-15,1,28.0
903,29,15,2019-01-15,1,180.0
904,80,25,2019-01-16,1,30.0
905,91,7,2019-01-16,2,600.0
906,43,22,2019-01-17,1,28.0
907,31,15,2019-01-17,1,180.0
908,14,18,2019-01-18,3,150.0
909,94,28,2019-01-18,1,45.0
910,37,20,2019-01-18,3,75.0
911,19,14,2019-01-19,1,70.0
912,99,17,2019-01-19,1,40.0
913,53,18,2019-01-19,1,50.0
914,16,4,2019-01-19,1,120.0
915,100,22,2019-01-19,1,28.0
916,51,4,2019-01-19,1,120.0
917,57,27,2019-01-19,1,40.0
918,87,1,2019-01-20,3,3600.0
919,14,25,2019-01-20,1,30.0
920,72,18,2019-01-20,1,50.0
921,25,25,2019-01-20,1,30.0
922,62,12,2019-01-21,7,455.0
923,86,4,2019-01-21,2,240.0
924,61,15,2019-01-22,4,720.0
925,6,17,2019-01-22,1,40.0
926,25,1,2019-01-22,1,1200.0
927,56,25,2019-01-22,3,90.0
928,29,18,2019-01-22,1,50.0
929,2,30,2019-01-23,1,50.0
930,39,23,2019-01-23,1,15.0
931,34,13,2019-01-24,1,50.0
932,36,30,2019-01-24,2,100.0
933,78,25,2019-01-24,3,90.0
934,58,16,2019-01-25,3,360.0
935,93,8,2019-01-25,1,500.0
936,93,2,2019-01-25,1,35.0
937,67,6,2019-01-25,1,80.0
938,26,23,2019-01-26,6,90.0
939,18,6,2019-01-26,1,80.0
940,68,10,2019-01-26,1,220.0
941,73,24,2019-01-26,1,35.0
942,11,24,2019-01-26,1,35.0
943,86,11,2019-01-27,1,800.0
944,98,13,2019-01-27,2,100.0
945,53,10,2019-01-27,2,440.0
946,43,2,2019-01-27,1,35.0
947,96,13,2019-01-27,1,50.0
948,37,23,2019-01-28,1,15.0
949,18,23,2019-01-28,1,15.0
950,97,17,2019-01-28,2,80.0
951,39,24,2019-01-28,1,35.0
952,71,6,2019-01-28,2,160.0
953,46,1,2019-01-29,8,9600.0
954,90,10,2019-01-29,1,220.0
955,16,25,2019-01-31,2,60.0
956,85,16,2019-01-31,1,120.0
957,54,20,2019-01-31,2,50.0
958,15,19,2019-01-31,6,120.0
959,58,1,2019-01-31,1,1200.0
960,57,25,2019-01-31,2,60.0
961,34,23,2019-01-31,1,15.0
962,86,7,2019-02-01,1,300.0
963,48,12,2019-02-01,3,195.0
964,95,6,2019-02-01,1,80.0
965,33,16,2019-02-01,2,240.0
966,44,7,2019-02-01,2,600.0
967,46,11,2019-02-01,1,800.0
968,88,11,2019-02-01,3,2400.0
969,49,28,2019-02-02,1,45.0
970,81,4,2019-02-02,1,120.0
971,33,14,2019-02-03,1,70.0
972,75,14,2019-02-03,1,70.0
973,8,15,2019-02-03,1,180.0
974,84,4,2019-02-04,8,960.0
975,76,4,2019-02-04,1,120.0
976,81,11,2019-02-04,1,800.0
977,60,23,2019-02-04,1,15.0
978,70,9,2019-02-04,1,180.0
979,68,28,2019-02-05,1,45.0
980,74,26,2019-02-05,4,140.0
981,28,15,2019-02-05,1,180.0
982,14,3,2019-02-05,1,55.0
983,7,23,2019-02-06,1,15.0
984,72,20,2019-02-06,3,75.0
985,49,9,2019-02-06,1,180.0
986,41,4,2019-02-06,1,120.0
987,20,6,2019-02-06,1,80.0
988,85,9,2019-02-06,1,180.0
989,34,13,2019-02-07,1,50.0
990,60,30,2019-02-07,2,100.0
991,17,20,2019-02-07,1,25.0
992,56,13,2019-02-07,1,50.0
993,85,2,2019-02-07,2,70.0
994,38,6,2019-02-07,2,160.0
995,33,2,2019-02-08,2,70.0
996,88,19,2019-02-08,1,20.0
997,19,10,2019-02-08,1,220.0
998,75,27,2019-02-08,2,80.0
999,88,14,2019-02-08,3,210.0
1000,60,7,2019-02-09,5,1500.0
1001,18,20,2019-02-09,1,25.0
1002,18,1,2019-02-09,1,1200.0
1003,35,10,2019-02-09,1,220.0
1004,44,29,2019-02-09,1,38.0
1005,73,2,2019-02-09,1,35.0
1006,16,14,2019-02-10,1,70.0
1007,10,20,2019-02-10,2,50.0
1008,78,15,2019-02-10,1,180.0
1009,15,29,2019-02-10,7,266.0
1010,35,3,2019-02-10,2,110.0
1011,85,11,2019-02-11,3,2400.0
1012,35,26,2019-02-11,1,35.0
1013,11,15,2019-02-11,1,180.0
1014,12,26,2019-02-11,2,70.0
1015,9,29,2019-02-11,1,38.0
1016,81,9,2019-02-12,2,360.0
1017,95,7,2019-02-12,2,600.0
1018,37,12,2019-02-12,3,195.0
1019,57,20,2019-02-12,3,75.0
1020,74,24,2019-02-12,1,35.0
1021,3,27,2019-02-12,1,40.0
1022,51,25,2019-02-13,1,30.0
1023,64,5,2019-02-13,1,350.0
1024,85,18,2019-02-13,1,50.0
1025,78,12,2019-02-13,1,65.0
1026,54,6,2019-02-14,2,160.0
1027,27,5,2019-02-14,3,1050.0
1028,67,23,2019-02-14,1,15.0
1029,53,6,2019-02-14,1,80.0
1030,22,8,2019-02-14,1,500.0
1031,81,4,2019-02-14,2,240.0
1032,4,22,2019-02-14,1,28.0
1033,16,6,2019-02-15,8,640.0
1034,64,21,2019-02-15,2,30.0
1035,99,7,2019-02-15,1,300.0
1036,97,2,2019-02-15,3,105.0
1037,50,14,2019-02-15,2,140.0
1038,80,11,2019-02-15,1,800.0
1039,43,29,2019-02-17,1,38.0
1040,38,25,2019-02-17,1,30.0
1041,1,8,2019-02-17,1,500.0
1042,93,15,2019-02-17,1,180.0
1043,65,2,2019-02-17,2,70.0
1044,50,1,2019-02-18,2,2400.0
1045,2,7,2019-02-18,1,300.0
1046,12,27,2019-02-18,1,40.0
1047,99,17,2019-02-19,1,40.0
1048,100,26,2019-02-19,1,35.0
1049,83,1,2019-02-19,1,1200.0
1050,93,30,2019-02-19,1,50.0
1051,49,2,2019-02-19,2,70.0
1052,19,5,2019-02-20,1,350.0
1053,1,3,2019-02-20,9,495.0
1054,95,28,2019-02-20,1,45.0
1055,15,2,2019-02-20,1,35.0
1056,2,22,2019-02-21,3,84.0
1057,84,21,2019-02-21,1,15.0
1058,47,19,2019-02-22,4,80.0
1059,58,6,2019-02-22,1,80.0
1060,99,14,2019-02-22,1,70.0
1061,79,27,2019-02-22,1,40.0
1062,3,10,2019-02-23,1,220.0
1063,66,22,2019-02-23,1,28.0
1064,49,25,2019-02-23,1,30.0
1065,26,7,2019-02-23,1,300.0
1066,93,11,2019-02-24,1,800.0
1067,76,14,2019-02-24,1,70.0
1068,57,6,2019-02-24,1,80.0
1069,77,22,2019-02-24,1,28.0
1070,45,30,2019-02-25,4,200.0
1071,6,15,2019-02-25,1,180.0
1072,25,15,2019-02-25,1,180.0
1073,22,21,2019-02-25,3,45.0
1074,19,14,2019-02-26,1,70.0
1075,92,4,2019-02-26,2,240.0
1076,94,30,2019-02-26,1,50.0
1077,68,26,2019-02-26,2,70.0
1078,94,22,2019-02-27,1,28.0
1079,61,1,2019-02-27,1,1200.0
1080,69,2,2019-02-27,1,35.0
1081,61,24,2019-02-27,1,35.0
1082,64,9,2019-02-28,1,180.0
1083,78,4,2019-02-28,1,120.0
1084,5,9,2019-03-01,5,900.0
1085,44,30,2019-03-01,5,250.0
1086,59,7,2019-03-01,1,300.0
1087,50,5,2019-03-02,1,350.0
1088,69,23,2019-03-02,1,15.0
1089,6,28,2019-03-02,1,45.0
1090,96,2,2019-03-02,1,35.0
1091,95,17,2019-03-03,6,240.0
1092,95,22,2019-03-03,1,28.0
1093,16,24,2019-03-04,1,35.0
1094,5,4,2019-03-04,3,360.0
1095,35,7,2019-03-05,1,300.0
1096,2,10,2019-03-05,1,220.0
1097,94,27,2019-03-05,1,40.0
1098,21,15,2019-03-05,2,360.0
1099,2,18,2019-03-05,1,50.0
1100,51,27,2019-03-05,1,40.0
1101,83,14,2019-03-06,1,70.0
1102,18,24,2019-03-07,2,70.0
1103,58,6,2019-03-07,1,80.0
1104,76,25,2019-03-07,1,30.0
1105,45,15,2019-03-07,3,540.0
1106,50,1,2019-03-08,3,3600.0
1107,51,15,2019-03-08,1,180.0
1108,98,17,2019-03-09,1,40.0
1109,34,16,2019-03-10,1,120.0
1110,84,22,2019-03-10,2,56.0
1111,5,13,2019-03-10,1,50.0
1112,6,22,2019-03-10,1,28.0
1113,65,23,2019-03-11,3,45.0
1114,28,21,2019-03-11,1,15.0
1115,96,17,2019-03-11,1,40.0
1116,67,27,2019-03-11,1,40.0
1117,39,6,2019-03-11,3,240.0
1118,9,1,2019-03-12,2,2400.0
1119,78,16,2019-03-12,6,720.0
1120,64,6,2019-03-12,2,160.0
1121,68,14,2019-03-12,3,210.0
1122,80,18,2019-03-12,1,50.0
1123,70,23,2019-03-12,2,30.0
1124,4,19,2019-03-12,2,40.0
1125,60,11,2019-03-12,1,800.0
1126,67,9,2019-03-12,3,540.0
1127,3,6,2019-03-13,3,240.0
1128,6,7,2019-03-13,1,300.0
1129,87,7,2019-03-13,2,600.0
1130,17,16,2019-03-13,2,240.0
1131,15,27,2019-03-13,1,40.0
1132,58,25,2019-03-14,1,30.0
1133,84,21,2019-03-15,3,45.0
1134,16,23,2019-03-15,3,45.0
1135,20,3,2019-03-15,2,110.0
1136,13,5,2019-03-15,2,700.0
1137,38,10,2019-03-15,7,1540.0
1138,94,24,2019-03-15,2,70.0
1139,65,1,2019-03-16,2,2400.0
1140,45,20,2019-03-16,1,25.0
1141,41,14,2019-03-16,1,70.0
1142,27,5,2019-03-16,2,700.0
1143,68,21,2019-03-16,1,15.0
1144,11,29,2019-03-16,1,38.0
1145,73,29,2019-03-16,3,114.0
1146,52,25,2019-03-16,1,30.0
1147,5,29,2019-03-17,2,76.0
1148,100,4,2019-03-17,1,120.0
1149,65,2,2019-03-17,1,35.0
1150,36,6,2019-03-17,1,80.0
1151,33,24,2019-03-18,4,140.0
1152,10,8,2019-03-18,15,7500.0
1153,8,24,2019-03-18,2,70.0
1154,23,29,2019-03-19,3,114.0
1155,32,15,2019-03-19,1,180.0
1156,85,7,2019-03-19,1,300.0
1157,27,2,2019-03-19,1,35.0
1158,44,17,2019-03-19,2,80.0
1159,52,3,2019-03-19,1,55.0
1160,33,19,2019-03-20,3,60.0
1161,64,21,2019-03-20,1,15.0
1162,55,8,2019-03-20,3,1500.0
1163,94,22,2019-03-22,1,28.0
1164,30,12,2019-03-22,3,195.0
1165,46,15,2019-03-22,6,1080.0
1166,89,19,2019-03-23,2,40.0
1167,73,1,2019-03-23,2,2400.0
1168,69,5,2019-03-23,1,350.0
1169,72,25,2019-03-23,4,120.0
1170,42,22,2019-03-24,1,28.0
1171,77,25,2019-03-24,2,60.0
1172,36,17,2019-03-24,1,40.0
1173,60,11,2019-03-25,4,3200.0
1174,4,1,2019-03-25,1,1200.0
1175,51,22,2019-03-25,2,56.0
1176,64,25,2019-03-25,2,60.0
1177,2,25,2019-03-25,4,120.0
1178,26,7,2019-03-26,1,300.0
1179,12,12,2019-03-26,2,130.0
1180,84,18,2019-03-26,2,100.0
1181,91,15,2019-03-26,2,360.0
1182,78,6,2019-03-27,1,80.0
1183,9,15,2019-03-27,1,180.0
1184,97,20,2019-03-27,1,25.0
1185,55,27,2019-03-27,1,40.0
1186,95,18,2019-03-28,1,50.0
1187,91,22,2019-03-28,3,84.0
1188,60,22,2019-03-28,5,140.0
1189,88,18,2019-03-28,1,50.0
1190,88,20,2019-03-28,4,100.0
1191,88,13,2019-03-29,3,150.0
1192,16,9,2019-03-29,5,900.0
1193,2,11,2019-03-29,2,1600.0
1194,16,26,2019-03-30,2,70.0
1195,98,25,2019-03-30,1,30.0
1196,5,15,2019-03-30,1,180.0
1197,76,15,2019-03-30,1,180.0
1198,90,30,2019-03-31,1,50.0
1199,42,3,2019-03-31,1,55.0
1200,88,14,2019-03-31,1,70.0
1201,76,26,2019-04-01,2,70.0
1202,67,29,2019-04-01,1,38.0
1203,70,2,2019-04-01,1,35.0
1204,80,21,2019-04-01,5,75.0
1205,55,8,2019-04-02,1,500.0
1206,27,5,2019-04-02,4,1400.0
1207,36,26,2019-04-02,12,420.0
1208,52,6,2019-04-02,1,80.0
1209,54,10,2019-04-03,3,660.0
1210,64,2,2019-04-03,1,35.0
1211,23,25,2019-04-03,5,150.0
1212,12,24,2019-04-03,1,35.0
1213,9,24,2019-04-04,2,70.0
1214,69,14,2019-04-04,3,210.0
1215,96,27,2019-04-04,1,40.0
1216,9,30,2019-04-04,1,50.0
1217,44,10,2019-04-04,1,220.0
1218,34,17,2019-04-04,1,40.0
1219,20,9,2019-04-05,1,180.0
1220,42,12,2019-04-06,1,65.0
1221,8,6,2019-04-07,1,80.0
1222,38,6,2019-04-07,1,80.0
1223,28,2,2019-04-07,3,105.0
1224,37,22,2019-04-07,1,28.0
1225,31,5,2019-04-09,6,2100.0
1226,61,8,2019-04-09,1,500.0
1227,92,16,2019-04-09,2,240.0
1228,82,20,2019-04-10,3,75.0
1229,58,30,2019-04-10,1,50.0
1230,20,17,2019-04-10,1,40.0
1231,88,27,2019-04-10,3,120.0
1232,87,24,2019-04-11,5,175.0
1233,26,5,2019-04-12,2,700.0
1234,54,24,2019-04-12,4,140.0
1235,70,10,2019-04-12,1,220.0
1236,45,1,2019-04-12,1,1200.0
1237,67,29,2019-04-12,1,38.0
1238,81,5,2019-04-12,4,1400.0
1239,35,21,2019-04-13,3,45.0
1240,24,21,2019-04-13,3,45.0
1241,85,7,2019-04-13,1,300.0
1242,17,27,2019-04-13,1,40.0
1243,21,21,2019-04-14,3,45.0
1244,71,9,2019-04-14,1,180.0
1245,53,11,2019-04-14,1,800.0
1246,97,24,2019-04-14,1,35.0
1247,24,12,2019-04-14,2,130.0
1248,26,23,2019-04-15,1,15.0
1249,72,24,2019-04-15,4,140.0
1250,12,18,2019-04-15,1,50.0
1251,29,10,2019-04-16,1,220.0
1252,76,18,2019-04-16,1,50.0
1253,50,28,2019-04-16,3,135.0
1254,32,5,2019-04-17,1,350.0
1255,15,7,2019-04-17,10,3000.0
1256,32,12,2019-04-17,3,195.0
1257,8,2,2019-04-17,3,105.0
1258,52,14,2019-04-18,2,140.0
1259,19,7,2019-04-18,1,300.0
1260,4,29,2019-04-18,1,38.0
1261,1,5,2019-04-19,1,350.0
1262,64,26,2019-04-19,4,140.0
1263,74,30,2019-04-19,1,50.0
1264,80,29,2019-04-19,1,38.0
1265,43,21,2019-04-19,2,30.0
1266,17,2,2019-04-19,1,35.0
1267,63,20,2019-04-20,2,50.0
1268,24,29,2019-04-21,9,342.0
1269,1,23,2019-04-21,1,15.0
1270,99,3,2019-04-22,1,55.0
1271,89,7,2019-04-22,1,300.0
1272,90,28,2019-04-23,4,180.0
1273,10,21,2019-04-23,2,30.0
1274,44,14,2019-04-23,2,140.0
1275,33,4,2019-04-23,2,240.0
1276,82,30,2019-04-24,3,150.0
1277,5,2,2019-04-24,1,35.0
1278,95,2,2019-04-24,3,105.0
1279,22,19,2019-04-24,2,40.0
1280,21,25,2019-04-25,3,90.0
1281,72,28,2019-04-25,7,315.0
1282,65,13,2019-04-25,2,100.0
1283,17,17,2019-04-25,2,80.0
1284,26,21,2019-04-25,4,60.0
1285,16,16,2019-04-25,15,1800.0
1286,10,25,2019-04-26,4,120.0
1287,26,27,2019-04-26,2,80.0
1288,52,29,2019-04-26,3,114.0
1289,99,16,2019-04-26,4,480.0
1290,57,28,2019-04-27,1,45.0
1291,73,6,2019-04-27,1,80.0
1292,23,25,2019-04-27,4,120.0
1293,2,30,2019-04-27,1,50.0
1294,76,13,2019-04-28,4,200.0
1295,66,15,2019-04-28,1,180.0
1296,50,15,2019-04-29,3,540.0
1297,11,13,2019-04-30,5,250.0
1298,76,18,2019-04-30,5,250.0
1299,44,25,2019-04-30,1,30.0
1300,89,27,2019-04-30,1,40.0
1301,47,24,2019-04-30,1,35.0
1302,26,27,2019-04-30,4,160.0
1303,45,6,2019-04-30,22,1760.0
1304,80,27,2019-05-01,1,40.0
1305,35,21,2019-05-01,1,15.0
1306,37,6,2019-05-01,2,160.0
1307,26,22,2019-05-01,3,84.0
1308,1,25,2019-05-01,5,150.0
1309,95,17,2019-05-02,6,240.0
1310,82,9,2019-05-02,2,360.0
1311,57,9,2019-05-03,2,360.0
1312,5,27,2019-05-03,1,40.0
1313,1,7,2019-05-03,2,600.0
1314,72,9,2019-05-04,2,360.0
1315,77,23,2019-05-04,1,15.0
1316,25,18,2019-05-04,3,150.0
1317,32,4,2019-05-04,1,120.0
1318,75,9,2019-05-04,1,180.0
1319,23,16,2019-05-05,1,120.0
1320,23,1,2019-05-05,4,4800.0
1321,93,6,2019-05-06,1,80.0
1322,89,12,2019-05-06,1,65.0
1323,12,21,2019-05-06,1,15.0
1324,8,19,2019-05-07,1,20.0
1325,19,28,2019-05-07,3,135.0
1326,88,28,2019-05-07,1,45.0
1327,68,27,2019-05-07,5,200.0
1328,77,26,2019-05-07,1,35.0
1329,34,13,2019-05-08,4,200.0
1330,5,26,2019-05-08,2,70.0
1331,69,28,2019-05-08,2,90.0
1332,47,20,2019-05-08,2,50.0
1333,23,1,2019-05-08,1,1200.0
1334,84,23,2019-05-09,1,15.0
1335,3,4,2019-05-10,3,360.0
1336,91,16,2019-05-10,5,600.0
1337,56,28,2019-05-10,1,45.0
1338,51,7,2019-05-10,1,300.0
1339,12,1,2019-05-10,1,1200.0
1340,22,27,2019-05-10,1,40.0
1341,41,11,2019-05-10,2,1600.0
1342,42,22,2019-05-11,2,56.0
1343,51,13,2019-05-11,2,100.0
1344,91,21,2019-05-12,2,30.0
1345,45,27,2019-05-12,2,80.0
1346,87,4,2019-05-12,14,1680.0
1347,55,24,2019-05-12,4,140.0
1348,3,16,2019-05-12,1,120.0
1349,38,4,2019-05-12,1,120.0
1350,12,11,2019-05-12,1,800.0
1351,80,26,2019-05-13,6,210.0
1352,3,21,2019-05-13,2,30.0
1353,48,3,2019-05-13,6,330.0
1354,73,1,2019-05-13,3,3600.0
1355,13,25,2019-05-13,1,30.0
1356,74,15,2019-05-13,1,180.0
1357,35,25,2019-05-13,4,120.0
1358,7,9,2019-05-14,5,900.0
1359,86,23,2019-05-14,2,30.0
1360,40,24,2019-05-15,2,70.0
1361,57,11,2019-05-15,2,1600.0
1362,25,27,2019-05-16,1,40.0
1363,76,17,2019-05-16,1,40.0
1364,96,27,2019-05-16,1,40.0
1365,89,8,2019-05-17,14,7000.0
1366,26,30,2019-05-17,1,50.0
1367,7,17,2019-05-17,4,160.0
1368,80,16,2019-05-17,3,360.0
1369,66,19,2019-05-17,3,60.0
1370,74,22,2019-05-18,1,28.0
1371,19,14,2019-05-19,2,140.0
1372,64,28,2019-05-19,1,45.0
1373,3,6,2019-05-19,1,80.0
1374,66,28,2019-05-21,3,135.0
1375,30,13,2019-05-21,1,50.0
1376,43,13,2019-05-21,6,300.0
1377,48,3,2019-05-21,1,55.0
1378,1,23,2019-05-21,1,15.0
1379,96,14,2019-05-22,1,70.0
1380,57,26,2019-05-22,14,490.0
1381,34,18,2019-05-22,3,150.0
1382,38,26,2019-05-22,1,35.0
1383,26,5,2019-05-23,1,350.0
1384,30,17,2019-05-23,7,280.0
1385,2,13,2019-05-23,2,100.0
1386,10,25,2019-05-23,1,30.0
1387,97,4,2019-05-24,2,240.0
1388,78,5,2019-05-24,1,350.0
1389,15,29,2019-05-24,1,38.0
1390,19,23,2019-05-24,3,45.0
1391,77,27,2019-05-24,4,160.0
1392,25,29,2019-05-24,2,76.0
1393,41,2,2019-05-24,1,35.0
1394,89,19,2019-05-24,1,20.0
1395,85,21,2019-05-25,3,45.0
1396,56,14,2019-05-25,1,70.0
1397,16,20,2019-05-26,4,100.0
1398,18,16,2019-05-26,1,120.0
1399,51,21,2019-05-27,1,15.0
1400,10,16,2019-05-27,2,240.0
1401,15,3,2019-05-27,6,330.0
1402,91,21,2019-05-27,1,15.0
1403,99,4,2019-05-28,1,120.0
1404,3,28,2019-05-28,4,180.0
1405,32,11,2019-05-28,2,1600.0
1406,47,23,2019-05-28,1,15.0
1407,41,2,2019-05-28,1,35.0
1408,62,16,2019-05-29,2,240.0
1409,91,24,2019-05-30,4,140.0
1410,78,1,2019-05-30,2,2400.0
1411,41,11,2019-05-30,4,3200.0
1412,4,5,2019-05-30,1,350.0
1413,23,8,2019-05-31,1,500.0
1414,86,9,2019-05-31,6,1080.0
1415,52,14,2019-05-31,4,280.0
1416,93,20,2019-05-31,1,25.0
1417,41,30,2019-06-01,2,100.0
1418,79,5,2019-06-01,1,350.0
1419,61,11,2019-06-02,1,800.0
1420,14,1,2019-06-02,1,1200.0
1421,15,23,2019-06-02,1,15.0
1422,35,18,2019-06-03,1,50.0
1423,31,4,2019-06-03,11,1320.0
1424,11,29,2019-06-03,1,38.0
1425,37,6,2019-06-03,3,240.0
1426,62,8,2019-06-03,1,500.0
1427,17,25,2019-06-04,16,480.0
1428,52,14,2019-06-04,2,140.0
1429,49,19,2019-06-04,1,20.0
1430,66,1,2019-06-04,1,1200.0
1431,6,5,2019-06-04,1,350.0
1432,30,28,2019-06-04,1,45.0
1433,24,23,2019-06-05,3,45.0
1434,28,7,2019-06-05,2,600.0
1435,91,17,2019-06-05,2,80.0
1436,82,11,2019-06-05,4,3200.0
1437,22,11,2019-06-06,3,2400.0
1438,29,20,2019-06-07,1,25.0
1439,72,4,2019-06-07,1,120.0
1440,34,8,2019-06-07,2,1000.0
1441,54,29,2019-06-07,1,38.0
1442,81,17,2019-06-07,4,160.0
1443,44,17,2019-06-07,1,40.0
1444,96,3,2019-06-08,1,55.0
1445,64,23,2019-06-08,1,15.0
1446,18,15,2019-06-09,1,180.0
1447,24,28,2019-06-10,2,90.0
1448,73,5,2019-06-10,3,1050.0
1449,28,9,2019-06-11,3,540.0
1450,96,20,2019-06-11,5,125.0
1451,100,16,2019-06-11,1,120.0
1452,56,19,2019-06-12,2,40.0
1453,51,12,2019-06-12,1,65.0
1454,8,3,2019-06-12,2,110.0
1455,87,7,2019-06-13,1,300.0
1456,13,6,2019-06-13,1,80.0
1457,10,9,2019-06-13,1,180.0
1458,81,16,2019-06-13,1,120.0
1459,93,7,2019-06-13,5,1500.0
1460,54,2,2019-06-14,3,105.0
1461,50,7,2019-06-14,2,600.0
1462,69,13,2019-06-14,1,50.0
1463,17,10,2019-06-15,14,3080.0
1464,41,2,2019-06-15,1,35.0
1465,54,23,2019-06-15,1,15.0
1466,6,23,2019-06-16,1,15.0
1467,65,12,2019-06-16,1,65.0
1468,77,8,2019-06-17,4,2000.0
1469,46,29,2019-06-17,4,152.0
1470,40,22,2019-06-18,1,28.0
1471,54,10,2019-06-18,1,220.0
1472,41,23,2019-06-18,1,15.0
1473,82,18,2019-06-19,2,100.0
1474,39,15,2019-06-20,1,180.0
1475,98,4,2019-06-20,4,480.0
1476,84,7,2019-06-21,4,1200.0
1477,33,6,2019-06-21,4,320.0
1478,64,22,2019-06-21,1,28.0
1479,94,1,2019-06-21,1,1200.0
1480,10,19,2019-06-22,1,20.0
1481,85,27,2019-06-22,1,40.0
1482,64,7,2019-06-22,3,900.0
1483,23,23,2019-06-23,2,30.0
1484,72,1,2019-06-23,1,1200.0
1485,48,2,2019-06-23,1,35.0
1486,39,21,2019-06-24,3,45.0
1487,86,8,2019-06-24,2,1000.0
1488,47,20,2019-06-24,1,25.0
1489,22,21,2019-06-24,1,15.0
1490,1,26,2019-06-24,1,35.0
1491,1,1,2019-06-24,8,9600.0
1492,13,8,2019-06-24,2,1000.0
1493,51,3,2019-06-25,2,110.0
1494,77,30,2019-06-25,3,150.0
1495,69,1,2019-06-26,1,1200.0
1496,40,16,2019-06-26,2,240.0
1497,78,15,2019-06-26,1,180.0
1498,77,30,2019-06-26,1,50.0
1499,60,6,2019-06-26,3,240.0
1500,16,28,2019-06-27,3,135.0
1501,62,23,2019-06-27,1,15.0
1502,1,15,2019-06-27,6,1080.0
1503,99,4,2019-06-27,1,120.0
1504,87,7,2019-06-27,1,300.0
1505,70,26,2019-06-28,3,105.0
1506,90,1,2019-06-28,8,9600.0
1507,77,3,2019-06-29,2,110.0
1508,61,26,2019-06-30,1,35.0
1509,82,28,2019-06-30,5,225.0
1510,54,26,2019-07-01,2,70.0
1511,82,24,2019-07-01,1,35.0
1512,97,9,2019-07-01,3,540.0
1513,41,18,2019-07-02,1,50.0
1514,80,4,2019-07-02,1,120.0
1515,37,2,2019-07-02,1,35.0
1516,88,2,2019-07-02,1,35.0
1517,63,27,2019-07-03,2,80.0
1518,54,24,2019-07-03,1,35.0
1519,81,17,2019-07-03,2,80.0
1520,64,14,2019-07-04,4,280.0
1521,19,20,2019-07-04,3,75.0
1522,99,6,2019-07-05,3,240.0
1523,54,1,2019-07-05,2,2400.0
1524,19,6,2019-07-05,1,80.0
1525,49,15,2019-07-06,2,360.0
1526,90,6,2019-07-06,1,80.0
1527,61,6,2019-07-06,1,80.0
1528,73,19,2019-07-06,1,20.0
1529,21,21,2019-07-07,1,15.0
1530,66,3,2019-07-07,1,55.0
1531,66,13,2019-07-07,1,50.0
1532,75,1,2019-07-07,1,1200.0
1533,1,5,2019-07-07,1,350.0
1534,81,16,2019-07-07,1,120.0
1535,4,20,2019-07-08,1,25.0
1536,64,27,2019-07-08,4,160.0
1537,43,2,2019-07-09,1,35.0
1538,51,7,2019-07-09,1,300.0
1539,90,27,2019-07-09,1,40.0
1540,95,22,2019-07-09,2,56.0
1541,87,14,2019-07-10,3,210.0
1542,19,19,2019-07-10,3,60.0
1543,68,5,2019-07-10,3,1050.0
1544,58,27,2019-07-11,3,120.0
1545,94,3,2019-07-11,1,55.0
1546,32,15,2019-07-11,1,180.0
1547,4,24,2019-07-11,1,35.0
1548,31,17,2019-07-11,1,40.0
1549,40,5,2019-07-12,3,1050.0
1550,21,10,2019-07-12,2,440.0
1551,2,24,2019-07-12,1,35.0
1552,27,28,2019-07-12,4,180.0
1553,55,24,2019-07-12,1,35.0
1554,47,2,2019-07-12,3,105.0
1555,68,28,2019-07-13,10,450.0
1556,10,25,2019-07-13,1,30.0
1557,96,14,2019-07-13,1,70.0
1558,83,4,2019-07-13,1,120.0
1559,96,28,2019-07-14,1,45.0
1560,90,8,2019-07-15,1,500.0
1561,47,20,2019-07-15,3,75.0
1562,61,12,2019-07-15,2,130.0
1563,66,16,2019-07-16,2,240.0
1564,62,9,2019-07-16,1,180.0
1565,1,25,2019-07-16,2,60.0
1566,64,11,2019-07-16,2,1600.0
1567,63,28,2019-07-16,3,135.0
1568,19,15,2019-07-16,2,360.0
1569,98,2,2019-07-17,1,35.0
1570,40,21,2019-07-17,1,15.0
1571,79,10,2019-07-18,1,220.0
1572,44,25,2019-07-18,2,60.0
1573,70,10,2019-07-18,24,5280.0
1574,62,16,2019-07-18,1,120.0
1575,33,25,2019-07-18,4,120.0
1576,11,10,2019-07-19,1,220.0
1577,75,1,2019-07-19,2,2400.0
1578,98,6,2019-07-20,1,80.0
1579,4,19,2019-07-20,3,60.0
1580,34,13,2019-07-20,1,50.0
1581,34,29,2019-07-20,1,38.0
1582,21,19,2019-07-21,2,40.0
1583,70,25,2019-07-21,1,30.0
1584,41,16,2019-07-21,1,120.0
1585,11,11,2019-07-21,1,800.0
1586,1,29,2019-07-22,4,152.0
1587,79,10,2019-07-23,3,660.0
1588,5,13,2019-07-23,1,50.0
1589,69,16,2019-07-23,2,240.0
1590,29,14,2019-07-23,1,70.0
1591,22,20,2019-07-23,4,100.0
1592,97,27,2019-07-24,4,160.0
1593,89,1,2019-07-24,14,16800.0
1594,96,3,2019-07-24,1,55.0
1595,70,1,2019-07-25,20,24000.0
1596,27,16,2019-07-26,5,600.0
1597,72,3,2019-07-26,4,220.0
1598,23,12,2019-07-26,3,195.0
1599,64,25,2019-07-26,3,90.0
1600,50,30,2019-07-27,1,50.0
1601,38,7,2019-07-28,3,900.0
1602,74,8,2019-07-28,1,500.0
1603,14,10,2019-07-29,1,220.0
1604,58,11,2019-07-29,1,800.0
1605,63,2,2019-07-30,11,385.0
1606,16,12,2019-07-30,3,195.0
1607,37,14,2019-07-30,1,70.0
1608,25,14,2019-07-31,1,70.0
1609,31,20,2019-08-01,2,50.0
1610,84,30,2019-08-01,3,150.0
1611,40,10,2019-08-01,2,440.0
1612,32,14,2019-08-01,1,70.0
1613,19,14,2019-08-01,1,70.0
1614,86,27,2019-08-02,1,40.0
1615,89,7,2019-08-02,4,1200.0
1616,55,15,2019-08-02,1,180.0
1617,35,22,2019-08-02,1,28.0
1618,52,11,2019-08-02,4,3200.0
1619,62,3,2019-08-02,4,220.0
1620,53,4,2019-08-03,1,120.0
1621,12,14,2019-08-03,1,70.0
1622,40,19,2019-08-03,1,20.0
1623,77,22,2019-08-04,1,28.0
1624,63,1,2019-08-05,1,1200.0
1625,14,18,2019-08-05,2,100.0
1626,41,7,2019-08-05,2,600.0
1627,19,30,2019-08-05,2,100.0
1628,8,2,2019-08-05,1,35.0
1629,20,25,2019-08-05,1,30.0
1630,10,21,2019-08-05,8,120.0
1631,13,14,2019-08-05,3,210.0
1632,62,14,2019-08-05,3,210.0
1633,74,3,2019-08-06,2,110.0
1634,95,28,2019-08-06,27,1215.0
1635,21,9,2019-08-06,1,180.0
1636,44,29,2019-08-06,1,38.0
1637,75,20,2019-08-07,1,25.0
1638,90,18,2019-08-07,1,50.0
1639,94,20,2019-08-07,2,50.0
1640,21,18,2019-08-07,1,50.0
1641,31,26,2019-08-07,4,140.0
1642,23,27,2019-08-08,10,400.0
1643,56,7,2019-08-08,1,300.0
1644,21,27,2019-08-08,1,40.0
1645,93,26,2019-08-08,10,350.0
1646,99,13,2019-08-09,1,50.0
1647,59,10,2019-08-10,1,220.0
1648,62,30,2019-08-10,7,350.0
1649,32,15,2019-08-11,2,360.0
1650,29,23,2019-08-11,2,30.0
1651,67,24,2019-08-11,2,70.0
1652,89,19,2019-08-12,3,60.0
1653,100,18,2019-08-12,1,50.0
1654,27,5,2019-08-12,2,700.0
1655,100,6,2019-08-13,6,480.0
1656,8,13,2019-08-13,1,50.0
1657,95,3,2019-08-13,1,55.0
1658,93,12,2019-08-13,2,130.0
1659,46,23,2019-08-13,1,15.0
1660,53,30,2019-08-14,4,200.0
1661,93,2,2019-08-14,1,35.0
1662,31,22,2019-08-15,1,28.0
1663,67,2,2019-08-16,4,140.0
1664,33,25,2019-08-16,1,30.0
1665,30,2,2019-08-16,1,35.0
1666,62,2,2019-08-16,1,35.0
1667,2,25,2019-08-16,1,30.0
1668,24,28,2019-08-16,1,45.0
1669,11,2,2019-08-17,3,105.0
1670,45,10,2019-08-17,1,220.0
1671,67,12,2019-08-17,1,65.0
1672,24,21,2019-08-18,1,15.0
1673,43,30,2019-08-18,1,50.0
1674,96,3,2019-08-18,1,55.0
1675,62,8,2019-08-18,1,500.0
1676,85,1,2019-08-18,1,1200.0
1677,43,29,2019-08-21,1,38.0
1678,91,8,2019-08-21,2,1000.0
1679,7,18,2019-08-21,3,150.0
1680,39,14,2019-08-21,2,140.0
1681,52,23,2019-08-21,1,15.0
1682,93,22,2019-08-22,2,56.0
1683,74,25,2019-08-22,2,60.0
1684,14,25,2019-08-23,1,30.0
1685,71,13,2019-08-23,12,600.0
1686,55,4,2019-08-23,1,120.0
1687,51,22,2019-08-24,1,28.0
1688,62,30,2019-08-24,11,550.0
1689,67,13,2019-08-24,1,50.0
1690,47,3,2019-08-24,2,110.0
1691,44,10,2019-08-25,1,220.0
1692,58,9,2019-08-25,1,180.0
1693,70,3,2019-08-25,1,55.0
1694,44,6,2019-08-25,3,240.0
1695,90,18,2019-08-25,1,50.0
1696,23,15,2019-08-25,1,180.0
1697,99,6,2019-08-26,2,160.0
1698,1,20,2019-08-26,1,25.0
1699,1,1,2019-08-26,3,3600.0
1700,15,21,2019-08-26,1,15.0
1701,12,8,2019-08-27,2,1000.0
1702,18,2,2019-08-27,2,70.0
1703,61,7,2019-08-27,13,3900.0
1704,10,28,2019-08-28,1,45.0
1705,58,28,2019-08-29,9,405.0
1706,35,12,2019-08-29,2,130.0
1707,19,11,2019-08-30,4,3200.0
1708,60,30,2019-08-30,14,700.0
1709,14,5,2019-08-31,2,700.0
1710,90,5,2019-08-31,1,350.0
1711,59,27,2019-08-31,1,40.0
1712,65,27,2019-08-31,1,40.0
1713,26,25,2019-08-31,8,240.0
1714,52,30,2019-09-01,3,150.0
1715,10,22,2019-09-01,1,28.0
1716,5,3,2019-09-01,1,55.0
1717,55,5,2019-09-01,4,1400.0
1718,79,30,2019-09-01,1,50.0
1719,2,8,2019-09-02,4,2000.0
1720,16,11,2019-09-02,2,1600.0
1721,81,30,2019-09-02,2,100.0
1722,86,22,2019-09-02,7,196.0
1723,32,18,2019-09-04,4,200.0
1724,66,13,2019-09-05,6,300.0
1725,30,27,2019-09-05,1,40.0
1726,96,14,2019-09-05,1,70.0
1727,19,22,2019-09-06,5,140.0
1728,79,7,2019-09-06,1,300.0
1729,22,20,2019-09-06,1,25.0
1730,68,8,2019-09-06,2,1000.0
1731,53,23,2019-09-07,1,15.0
1732,100,18,2019-09-07,1,50.0
1733,94,1,2019-09-07,1,1200.0
1734,45,3,2019-09-07,1,55.0
1735,6,20,2019-09-07,5,125.0
1736,53,21,2019-09-07,2,30.0
1737,18,8,2019-09-08,3,1500.0
1738,30,22,2019-09-08,1,28.0
1739,28,28,2019-09-08,1,45.0
1740,6,17,2019-09-08,1,40.0
1741,21,3,2019-09-09,1,55.0
1742,93,8,2019-09-09,4,2000.0
1743,68,27,2019-09-10,2,80.0
1744,1,8,2019-09-10,1,500.0
1745,74,25,2019-09-10,4,120.0
1746,13,21,2019-09-11,4,60.0
1747,28,21,2019-09-11,3,45.0
1748,43,13,2019-09-12,1,50.0
1749,83,30,2019-09-12,1,50.0
1750,36,8,2019-09-12,2,1000.0
1751,66,28,2019-09-12,23,1035.0
1752,62,3,2019-09-13,1,55.0
1753,16,27,2019-09-13,1,40.0
1754,75,25,2019-09-14,1,30.0
1755,67,7,2019-09-14,2,600.0
1756,59,15,2019-09-14,5,900.0
1757,3,18,2019-09-14,1,50.0
1758,9,21,2019-09-15,12,180.0
1759,63,26,2019-09-15,1,35.0
1760,11,14,2019-09-16,1,70.0
1761,51,5,2019-09-16,3,1050.0
1762,51,7,2019-09-16,4,1200.0
1763,62,27,2019-09-16,5,200.0
1764,74,19,2019-09-16,8,160.0
1765,63,14,2019-09-16,22,1540.0
1766,4,23,2019-09-16,4,60.0
1767,8,2,2019-09-17,3,105.0
1768,1,15,2019-09-17,1,180.0
1769,17,27,2019-09-17,1,40.0
1770,36,2,2019-09-17,1,35.0
1771,37,6,2019-09-17,3,240.0
1772,10,27,2019-09-17,4,160.0
1773,12,6,2019-09-18,3,240.0
1774,88,22,2019-09-18,15,420.0
1775,2,14,2019-09-19,5,350.0
1776,4,15,2019-09-19,1,180.0
1777,24,28,2019-09-20,1,45.0
1778,77,4,2019-09-20,2,240.0
1779,86,19,2019-09-20,1,20.0
1780,25,19,2019-09-21,1,20.0
1781,28,5,2019-09-22,1,350.0
1782,13,4,2019-09-22,1,120.0
1783,13,16,2019-09-23,5,600.0
1784,99,11,2019-09-24,3,2400.0
1785,37,27,2019-09-24,1,40.0
1786,37,3,2019-09-24,2,110.0
1787,31,24,2019-09-24,1,35.0
1788,92,30,2019-09-24,1,50.0
1789,76,6,2019-09-26,1,80.0
1790,32,2,2019-09-26,2,70.0
1791,81,6,2019-09-26,1,80.0
1792,37,1,2019-09-27,1,1200.0
1793,87,19,2019-09-27,9,180.0
1794,74,7,2019-09-27,2,600.0
1795,69,12,2019-09-27,5,325.0
1796,38,4,2019-09-27,4,480.0
1797,52,20,2019-09-29,1,25.0
1798,86,12,2019-09-29,2,130.0
1799,49,22,2019-09-30,2,56.0
1800,44,16,2019-09-30,3,360.0
1801,55,5,2019-09-30,17,5950.0
1802,55,17,2019-10-01,1,40.0
1803,69,8,2019-10-01,1,500.0
1804,39,19,2019-10-01,5,100.0
1805,85,11,2019-10-01,2,1600.0
1806,20,19,2019-10-02,8,160.0
1807,23,14,2019-10-02,3,210.0
1808,56,2,2019-10-03,7,245.0
1809,64,28,2019-10-03,1,45.0
1810,19,1,2019-10-03,5,6000.0
1811,19,3,2019-10-04,4,220.0
1812,96,21,2019-10-04,4,60.0
1813,84,13,2019-10-04,7,350.0
1814,45,10,2019-10-05,5,1100.0
1815,59,21,2019-10-06,1,15.0
1816,10,15,2019-10-06,1,180.0
1817,90,6,2019-10-06,1,80.0
1818,79,4,2019-10-06,2,240.0
1819,34,25,2019-10-06,1,30.0
1820,31,10,2019-10-07,6,1320.0
1821,39,5,2019-10-07,16,5600.0
1822,14,30,2019-10-07,1,50.0
1823,86,1,2019-10-08,1,1200.0
1824,58,11,2019-10-08,6,4800.0
1825,54,14,2019-10-08,3,210.0
1826,58,12,2019-10-08,1,65.0
1827,37,19,2019-10-09,1,20.0
1828,21,4,2019-10-09,2,240.0
1829,68,3,2019-10-10,2,110.0
1830,88,24,2019-10-10,1,35.0
1831,36,3,2019-10-10,3,165.0
1832,96,10,2019-10-11,8,1760.0
1833,25,22,2019-10-11,7,196.0
1834,69,25,2019-10-11,4,120.0
1835,76,5,2019-10-11,3,1050.0
1836,58,7,2019-10-12,1,300.0
1837,30,20,2019-10-12,3,75.0
1838,2,6,2019-10-12,3,240.0
1839,57,9,2019-10-13,2,360.0
1840,20,3,2019-10-13,3,165.0
1841,79,10,2019-10-13,4,880.0
1842,67,11,2019-10-13,1,800.0
1843,96,29,2019-10-13,3,114.0
1844,83,24,2019-10-13,1,35.0
1845,31,16,2019-10-14,2,240.0
1846,78,3,2019-10-14,1,55.0
1847,26,15,2019-10-14,1,180.0
1848,41,21,2019-10-14,2,30.0
1849,61,15,2019-10-15,6,1080.0
1850,80,15,2019-10-15,2,360.0
1851,23,4,2019-10-15,4,480.0
1852,73,29,2019-10-15,5,190.0
1853,82,20,2019-10-16,5,125.0
1854,14,7,2019-10-16,1,300.0
1855,10,12,2019-10-17,18,1170.0
1856,94,11,2019-10-18,1,800.0
1857,65,9,2019-10-18,5,900.0
1858,81,28,2019-10-18,5,225.0
1859,5,19,2019-10-19,1,20.0
1860,77,7,2019-10-19,1,300.0
1861,55,16,2019-10-20,1,120.0
1862,47,11,2019-10-20,2,1600.0
1863,5,29,2019-10-21,16,608.0
1864,52,21,2019-10-22,1,15.0
1865,90,5,2019-10-22,4,1400.0
1866,89,6,2019-10-22,3,240.0
1867,52,16,2019-10-22,2,240.0
1868,48,3,2019-10-23,3,165.0
1869,51,1,2019-10-23,1,1200.0
1870,25,9,2019-10-24,1,180.0
1871,95,30,2019-10-24,1,50.0
1872,39,15,2019-10-24,4,720.0
1873,57,21,2019-10-24,1,15.0
1874,40,7,2019-10-25,3,900.0
1875,24,28,2019-10-25,2,90.0
1876,46,11,2019-10-25,3,2400.0
1877,35,3,2019-10-25,3,165.0
1878,34,9,2019-10-25,2,360.0
1879,74,7,2019-10-26,2,600.0
1880,40,13,2019-10-26,3,150.0
1881,76,23,2019-10-26,3,45.0
1882,1,8,2019-10-26,6,3000.0
1883,8,8,2019-10-26,2,1000.0
1884,14,14,2019-10-27,1,70.0
1885,13,28,2019-10-27,1,45.0
1886,39,21,2019-10-28,4,60.0
1887,68,17,2019-10-28,5,200.0
1888,65,24,2019-10-28,6,210.0
1889,79,26,2019-10-28,7,245.0
1890,73,17,2019-10-28,6,240.0
1891,64,14,2019-10-29,5,350.0
1892,10,27,2019-10-29,1,40.0
1893,88,12,2019-10-29,6,390.0
1894,38,21,2019-10-29,2,30.0
1895,25,25,2019-10-30,1,30.0
1896,40,16,2019-10-30,1,120.0
1897,85,26,2019-10-30,3,105.0
1898,44,25,2019-10-30,5,150.0
1899,77,21,2019-10-30,1,15.0
1900,4,3,2019-10-30,2,110.0
1901,81,29,2019-10-30,1,38.0
1902,79,30,2019-10-31,7,350.0
1903,80,4,2019-11-01,4,480.0
1904,32,30,2019-11-01,3,150.0
1905,44,25,2019-11-01,2,60.0
1906,20,1,2019-11-01,4,4800.0
1907,5,30,2019-11-01,7,350.0
1908,70,21,2019-11-01,10,150.0
1909,43,4,2019-11-01,1,120.0
1910,78,16,2019-11-02,4,480.0
1911,25,20,2019-11-02,1,25.0
1912,40,17,2019-11-02,3,120.0
1913,80,26,2019-11-02,11,385.0
1914,71,27,2019-11-02,1,40.0
1915,72,28,2019-11-03,2,90.0
1916,98,15,2019-11-03,2,360.0
1917,77,16,2019-11-03,5,600.0
1918,99,5,2019-11-03,11,3850.0
1919,1,26,2019-11-04,1,35.0
1920,60,6,2019-11-04,6,480.0
1921,17,14,2019-11-04,3,210.0
1922,31,18,2019-11-05,6,300.0
1923,15,15,2019-11-05,1,180.0
1924,40,23,2019-11-05,2,30.0
1925,55,30,2019-11-05,5,250.0
1926,39,23,2019-11-05,1,15.0
1927,64,21,2019-11-06,10,150.0
1928,68,30,2019-11-06,2,100.0
1929,79,4,2019-11-07,1,120.0
1930,55,17,2019-11-07,6,240.0
1931,36,2,2019-11-07,5,175.0
1932,26,9,2019-11-07,3,540.0
1933,12,20,2019-11-08,7,175.0
1934,51,4,2019-11-08,2,240.0
1935,42,24,2019-11-08,2,70.0
1936,4,25,2019-11-08,4,120.0
1937,4,9,2019-11-10,2,360.0
1938,14,17,2019-11-10,4,160.0
1939,8,20,2019-11-11,3,75.0
1940,85,28,2019-11-12,3,135.0
1941,51,19,2019-11-12,4,80.0
1942,30,12,2019-11-12,6,390.0
1943,76,2,2019-11-12,1,35.0
1944,96,11,2019-11-12,4,3200.0
1945,19,24,2019-11-12,28,980.0
1946,26,27,2019-11-13,1,40.0
1947,97,4,2019-11-13,4,480.0
1948,37,21,2019-11-13,4,60.0
1949,75,18,2019-11-13,1,50.0
1950,81,9,2019-11-14,1,180.0
1951,7,2,2019-11-14,5,175.0
1952,48,7,2019-11-14,1,300.0
1953,38,22,2019-11-15,4,112.0
1954,60,3,2019-11-15,3,165.0
1955,11,24,2019-11-15,1,35.0
1956,28,30,2019-11-15,3,150.0
1957,91,3,2019-11-15,4,220.0
1958,100,15,2019-11-16,1,180.0
1959,7,25,2019-11-16,1,30.0
1960,92,28,2019-11-18,3,135.0
1961,11,15,2019-11-18,3,540.0
1962,100,30,2019-11-18,2,100.0
1963,75,9,2019-11-19,6,1080.0
1964,44,26,2019-11-19,4,140.0
1965,15,27,2019-11-19,4,160.0
1966,52,21,2019-11-19,1,15.0
1967,40,23,2019-11-20,28,420.0
1968,68,26,2019-11-20,3,105.0
1969,79,20,2019-11-20,2,50.0
1970,94,3,2019-11-20,2,110.0
1971,12,17,2019-11-20,4,160.0
1972,39,2,2019-11-20,3,105.0
1973,35,15,2019-11-21,5,900.0
1974,69,8,2019-11-21,1,500.0
1975,13,17,2019-11-22,9,360.0
1976,37,2,2019-11-22,2,70.0
1977,39,27,2019-11-22,4,160.0
1978,90,3,2019-11-23,4,220.0
1979,28,28,2019-11-23,4,180.0
1980,16,28,2019-11-23,2,90.0
1981,82,18,2019-11-24,6,300.0
1982,66,15,2019-11-24,3,540.0
1983,59,20,2019-11-24,2,50.0
1984,20,4,2019-11-24,5,600.0
1985,28,28,2019-11-24,1,45.0
1986,4,29,2019-11-24,4,152.0
1987,71,2,2019-11-25,1,35.0
1988,5,1,2019-11-25,12,14400.0
1989,27,2,2019-11-26,3,105.0
1990,46,1,2019-11-26,7,8400.0
1991,77,26,2019-11-26,1,35.0
1992,74,11,2019-11-27,4,3200.0
1993,49,25,2019-11-27,7,210.0
1994,84,3,2019-11-27,2,110.0
1995,75,19,2019-11-28,5,100.0
1996,8,20,2019-11-28,2,50.0
1997,73,5,2019-11-28,7,2450.0
1998,32,8,2019-11-28,2,1000.0
1999,92,2,2019-11-28,1,35.0
2000,73,21,2019-11-29,1,15.0
2001,3,21,2019-11-30,1,15.0
2002,27,8,2019-11-30,4,2000.0
2003,57,16,2019-11-30,1,120.0
2004,63,10,2019-11-30,7,1540.0
2005,62,16,2019-11-30,1,120.0
2006,16,26,2019-12-01,2,70.0
2007,35,10,2019-12-02,5,1100.0
2008,76,15,2019-12-02,3,540.0
2009,40,18,2019-12-02,3,150.0
2010,33,14,2019-12-02,1,70.0
2011,73,6,2019-12-03,5,400.0
2012,19,28,2019-12-04,2,90.0
2013,93,10,2019-12-04,6,1320.0
2014,17,18,2019-12-04,6,300.0
2015,8,6,2019-12-04,4,320.0
2016,42,12,2019-12-04,3,195.0
2017,75,29,2019-12-05,8,304.0
2018,61,22,2019-12-05,2,56.0
2019,76,30,2019-12-05,19,950.0
2020,60,3,2019-12-05,23,1265.0
2021,52,8,2019-12-06,3,1500.0
2022,9,11,2019-12-06,2,1600.0
2023,30,19,2019-12-07,4,80.0
2024,87,21,2019-12-07,8,120.0
2025,16,4,2019-12-07,1,120.0
2026,54,22,2019-12-07,4,112.0
2027,21,28,2019-12-08,2,90.0
2028,43,27,2019-12-08,1,40.0
2029,48,30,2019-12-09,1,50.0
2030,20,13,2019-12-10,7,350.0
2031,68,7,2019-12-10,6,1800.0
2032,46,14,2019-12-10,1,70.0
2033,6,19,2019-12-11,15,300.0
2034,4,13,2019-12-11,6,300.0
2035,53,8,2019-12-11,7,3500.0
2036,54,30,2019-12-11,7,350.0
2037,52,8,2019-12-12,1,500.0
2038,64,20,2019-12-12,2,50.0
2039,38,23,2019-12-12,2,30.0
2040,25,25,2019-12-13,4,120.0
2041,83,16,2019-12-13,11,1320.0
2042,94,12,2019-12-13,9,585.0
2043,5,11,2019-12-13,29,23200.0
2044,3,21,2019-12-14,1,15.0
2045,4,8,2019-12-14,2,1000.0
2046,62,23,2019-12-14,4,60.0
2047,26,30,2019-12-14,5,250.0
2048,45,2,2019-12-14,1,35.0
2049,5,8,2019-12-14,1,500.0
2050,46,12,2019-12-15,4,260.0
2051,33,21,2019-12-16,6,90.0
2052,71,6,2019-12-16,7,560.0
2053,65,8,2019-12-16,4,2000.0
2054,85,20,2019-12-17,2,50.0
2055,82,24,2019-12-17,2,70.0
2056,50,27,2019-12-18,2,80.0
2057,64,2,2019-12-18,5,175.0
2058,46,28,2019-12-18,18,810.0
2059,15,25,2019-12-18,6,180.0
2060,12,1,2019-12-18,2,2400.0
2061,79,1,2019-12-19,4,4800.0
2062,14,6,2019-12-19,1,80.0
2063,64,7,2019-12-19,2,600.0
2064,71,15,2019-12-19,1,180.0
2065,84,1,2019-12-20,3,3600.0
2066,94,13,2019-12-20,1,50.0
2067,63,14,2019-12-20,6,420.0
2068,8,9,2019-12-20,1,180.0
2069,72,1,2019-12-21,2,2400.0
2070,8,26,2019-12-21,2,70.0
2071,8,16,2019-12-22,2,240.0
2072,65,22,2019-12-22,2,56.0
2073,52,29,2019-12-23,5,190.0
2074,25,24,2019-12-23,6,210.0
2075,30,18,2019-12-24,7,350.0
2076,81,7,2019-12-24,1,300.0
2077,22,3,2019-12-24,4,220.0
2078,80,26,2019-12-24,7,245.0
2079,63,22,2019-12-25,5,140.0
2080,24,26,2019-12-25,14,490.0
2081,32,29,2019-12-25,5,190.0
2082,27,3,2019-12-26,7,385.0
2083,59,24,2019-12-26,2,70.0
2084,26,19,2019-12-26,5,100.0
2085,62,5,2019-12-28,5,1750.0
2086,48,19,2019-12-29,6,120.0
2087,44,27,2019-12-29,1,40.0
2088,100,25,2019-12-29,1,30.0
2089,2,26,2019-12-30,6,210.0
2090,85,14,2019-12-30,3,210.0
2091,89,24,2019-12-31,6,210.0
2092,19,26,2019-12-31,3,105.0
2093,40,6,2019-12-31,7,560.0
2094,68,9,2019-12-31,7,1260.0
2095,23,26,2019-12-31,5,175.0
2096,40,7,2019-12-31,10,3000.0
2097,19,19,2020-01-01,1,20.0
2098,21,14,2020-01-01,1,70.0
2099,82,26,2020-01-01,1,35.0
2100,8,11,2020-01-01,1,800.0
2101,35,6,2020-01-02,1,80.0
2102,77,30,2020-01-02,2,100.0
2103,99,7,2020-01-02,7,2100.0
2104,46,29,2020-01-02,1,38.0
2105,50,6,2020-01-02,1,80.0
2106,92,27,2020-01-02,1,40.0
2107,53,5,2020-01-03,3,1050.0
2108,61,29,2020-01-03,1,38.0
2109,88,22,2020-01-03,1,28.0
2110,18,24,2020-01-03,1,35.0
2111,26,30,2020-01-03,1,50.0
2112,13,24,2020-01-04,1,35.0
2113,77,4,2020-01-04,1,120.0
2114,87,29,2020-01-04,3,114.0
2115,33,1,2020-01-05,1,1200.0
2116,6,17,2020-01-05,1,40.0
2117,22,3,2020-01-05,1,55.0
2118,69,7,2020-01-06,1,300.0
2119,89,9,2020-01-06,1,180.0
2120,56,6,2020-01-07,2,160.0
2121,46,18,2020-01-07,1,50.0
2122,86,3,2020-01-07,2,110.0
2123,30,22,2020-01-08,3,84.0
2124,56,20,2020-01-08,1,25.0
2125,57,25,2020-01-08,1,30.0
2126,39,29,2020-01-08,1,38.0
2127,73,18,2020-01-09,2,100.0
2128,78,22,2020-01-09,2,56.0
2129,45,5,2020-01-10,1,350.0
2130,94,30,2020-01-10,3,150.0
2131,60,28,2020-01-10,1,45.0
2132,43,20,2020-01-11,1,25.0
2133,2,1,2020-01-11,1,1200.0
2134,94,25,2020-01-13,1,30.0
2135,22,30,2020-01-13,1,50.0
2136,60,18,2020-01-13,1,50.0
2137,59,11,2020-01-13,1,800.0
2138,8,24,2020-01-14,1,35.0
2139,64,4,2020-01-14,1,120.0
2140,25,4,2020-01-14,2,240.0
2141,19,9,2020-01-16,1,180.0
2142,43,14,2020-01-16,2,140.0
2143,7,11,2020-01-16,1,800.0
2144,51,14,2020-01-16,1,70.0
2145,87,8,2020-01-16,1,500.0
2146,56,26,2020-01-17,1,35.0
2147,66,17,2020-01-17,1,40.0
2148,99,7,2020-01-17,1,300.0
2149,28,1,2020-01-17,3,3600.0
2150,71,26,2020-01-17,2,70.0
2151,5,13,2020-01-17,3,150.0
2152,92,7,2020-01-18,1,300.0
2153,77,14,2020-01-18,1,70.0
2154,55,23,2020-01-18,1,15.0
2155,70,12,2020-01-19,1,65.0
2156,27,22,2020-01-19,1,28.0
2157,50,5,2020-01-19,1,350.0
2158,29,21,2020-01-20,7,105.0
2159,13,12,2020-01-20,1,65.0
2160,25,15,2020-01-20,1,180.0
2161,17,23,2020-01-20,2,30.0
2162,56,14,2020-01-20,1,70.0
2163,89,12,2020-01-21,7,455.0
2164,2,8,2020-01-21,1,500.0
2165,83,24,2020-01-21,1,35.0
2166,17,11,2020-01-21,1,800.0
2167,18,3,2020-01-21,2,110.0
2168,22,19,2020-01-21,2,40.0
2169,25,6,2020-01-21,1,80.0
2170,59,15,2020-01-22,1,180.0
2171,58,26,2020-01-24,6,210.0
2172,16,30,2020-01-24,1,50.0
2173,67,30,2020-01-25,2,100.0
2174,52,4,2020-01-25,1,120.0
2175,15,20,2020-01-25,1,25.0
2176,96,30,2020-01-26,1,50.0
2177,85,29,2020-01-26,1,38.0
2178,53,12,2020-01-27,1,65.0
2179,83,17,2020-01-27,1,40.0
2180,41,22,2020-01-27,1,28.0
2181,3,28,2020-01-27,2,90.0
2182,40,2,2020-01-28,2,70.0
2183,60,18,2020-01-28,2,100.0
2184,97,9,2020-01-28,3,540.0
2185,7,10,2020-01-28,1,220.0
2186,46,26,2020-01-28,7,245.0
2187,46,9,2020-01-28,1,180.0
2188,74,27,2020-01-29,1,40.0
2189,5,4,2020-01-30,1,120.0
2190,7,11,2020-01-30,4,3200.0
2191,32,10,2020-01-30,1,220.0
2192,56,23,2020-01-30,1,15.0
2193,83,25,2020-01-30,1,30.0
2194,54,13,2020-01-31,3,150.0
2195,94,4,2020-01-31,1,120.0
2196,10,15,2020-01-31,2,360.0
2197,22,18,2020-01-31,5,250.0
2198,82,7,2020-01-31,1,300.0
2199,45,8,2020-01-31,1,500.0
2200,82,5,2020-02-01,1,350.0
2201,73,4,2020-02-01,1,120.0
2202,25,1,2020-02-01,1,1200.0
2203,22,21,2020-02-01,1,15.0
2204,89,25,2020-02-02,1,30.0
2205,62,8,2020-02-02,2,1000.0
2206,86,6,2020-02-03,1,80.0
2207,19,17,2020-02-03,1,40.0
2208,32,5,2020-02-04,1,350.0
2209,5,17,2020-02-04,1,40.0
2210,48,16,2020-02-04,1,120.0
2211,31,11,2020-02-04,1,800.0
2212,23,18,2020-02-05,1,50.0
2213,64,9,2020-02-05,1,180.0
2214,33,10,2020-02-05,1,220.0
2215,54,27,2020-02-06,1,40.0
2216,80,15,2020-02-06,1,180.0
2217,98,21,2020-02-06,14,210.0
2218,11,22,2020-02-06,1,28.0
2219,38,25,2020-02-06,1,30.0
2220,72,25,2020-02-06,1,30.0
2221,4,29,2020-02-07,1,38.0
2222,9,30,2020-02-07,2,100.0
2223,57,22,2020-02-07,1,28.0
2224,83,4,2020-02-09,1,120.0
2225,68,19,2020-02-09,1,20.0
2226,72,17,2020-02-09,4,160.0
2227,28,11,2020-02-09,5,4000.0
2228,87,6,2020-02-10,1,80.0
2229,57,22,2020-02-10,1,28.0
2230,60,21,2020-02-10,1,15.0
2231,3,27,2020-02-10,1,40.0
2232,70,10,2020-02-10,3,660.0
2233,84,17,2020-02-11,1,40.0
2234,27,21,2020-02-11,1,15.0
2235,83,1,2020-02-11,1,1200.0
2236,85,25,2020-02-11,2,60.0
2237,55,16,2020-02-12,1,120.0
2238,74,13,2020-02-12,1,50.0
2239,22,29,2020-02-13,1,38.0
2240,1,17,2020-02-13,3,120.0
2241,81,2,2020-02-14,1,35.0
2242,58,1,2020-02-14,2,2400.0
2243,13,26,2020-02-15,1,35.0
2244,41,22,2020-02-15,1,28.0
2245,56,15,2020-02-16,1,180.0
2246,71,8,2020-02-16,1,500.0
2247,44,6,2020-02-16,1,80.0
2248,97,1,2020-02-16,1,1200.0
2249,82,21,2020-02-17,1,15.0
2250,44,7,2020-02-17,1,300.0
2251,79,7,2020-02-17,1,300.0
2252,64,4,2020-02-17,1,120.0
2253,32,20,2020-02-18,1,25.0
2254,47,12,2020-02-18,2,130.0
2255,24,18,2020-02-18,2,100.0
2256,48,20,2020-02-18,1,25.0
2257,55,19,2020-02-18,7,140.0
2258,54,10,2020-02-19,1,220.0
2259,37,28,2020-02-19,1,45.0
2260,77,8,2020-02-19,1,500.0
2261,79,8,2020-02-19,1,500.0
2262,51,2,2020-02-20,1,35.0
2263,71,16,2020-02-20,1,120.0
2264,96,12,2020-02-21,1,65.0
2265,71,10,2020-02-21,3,660.0
2266,53,9,2020-02-22,1,180.0
2267,68,26,2020-02-22,1,35.0
2268,90,23,2020-02-22,1,15.0
2269,19,28,2020-02-24,1,45.0
2270,87,30,2020-02-24,1,50.0
2271,57,11,2020-02-25,1,800.0
2272,97,18,2020-02-25,1,50.0
2273,80,21,2020-02-25,2,30.0
2274,63,23,2020-02-25,1,15.0
2275,21,19,2020-02-26,1,20.0
2276,51,10,2020-02-26,3,660.0
2277,29,15,2020-02-26,4,720.0
2278,59,6,2020-02-26,3,240.0
2279,15,15,2020-02-26,1,180.0
2280,46,18,2020-02-27,3,150.0
2281,36,4,2020-02-28,1,120.0
2282,48,23,2020-02-28,1,15.0
2283,77,26,2020-02-28,3,105.0
2284,90,18,2020-02-28,3,150.0
2285,84,21,2020-02-29,1,15.0
2286,98,17,2020-02-29,1,40.0
2287,9,12,2020-02-29,1,65.0
2288,31,16,2020-02-29,1,120.0
2289,100,5,2020-03-01,1,350.0
2290,17,7,2020-03-01,1,300.0
2291,88,16,2020-03-01,1,120.0
2292,82,5,2020-03-01,1,350.0
2293,7,27,2020-03-02,1,40.0
2294,7,17,2020-03-02,1,40.0
2295,63,20,2020-03-02,1,25.0
2296,27,1,2020-03-02,1,1200.0
2297,39,25,2020-03-03,2,60.0
2298,66,26,2020-03-04,1,35.0
2299,32,28,2020-03-04,1,45.0
2300,8,7,2020-03-04,1,300.0
2301,23,10,2020-03-04,2,440.0
2302,97,15,2020-03-04,1,180.0
2303,58,25,2020-03-04,1,30.0
2304,59,11,2020-03-05,1,800.0
2305,74,21,2020-03-05,1,15.0
2306,87,16,2020-03-05,1,120.0
2307,9,14,2020-03-05,2,140.0
2308,65,23,2020-03-05,1,15.0
2309,4,6,2020-03-07,2,160.0
2310,69,13,2020-03-08,1,50.0
2311,63,14,2020-03-08,1,70.0
2312,60,3,2020-03-09,4,220.0
2313,48,25,2020-03-09,2,60.0
2314,94,28,2020-03-09,1,45.0
2315,3,4,2020-03-10,1,120.0
2316,92,6,2020-03-10,1,80.0
2317,18,26,2020-03-11,1,35.0
2318,15,23,2020-03-11,3,45.0
2319,20,15,2020-03-11,1,180.0
2320,76,15,2020-03-12,1,180.0
2321,15,23,2020-03-12,2,30.0
2322,26,12,2020-03-12,4,260.0
2323,61,13,2020-03-12,3,150.0
2324,26,27,2020-03-12,1,40.0
2325,45,27,2020-03-12,8,320.0
2326,86,22,2020-03-12,1,28.0
2327,76,16,2020-03-13,17,2040.0
2328,68,26,2020-03-13,4,140.0
2329,66,8,2020-03-13,2,1000.0
2330,5,15,2020-03-14,1,180.0
2331,77,9,2020-03-14,1,180.0
2332,77,11,2020-03-14,1,800.0
2333,97,16,2020-03-14,2,240.0
2334,90,18,2020-03-15,1,50.0
2335,32,11,2020-03-15,1,800.0
2336,5,30,2020-03-15,1,50.0
2337,4,29,2020-03-15,9,342.0
2338,65,6,2020-03-15,1,80.0
2339,87,9,2020-03-15,1,180.0
2340,20,13,2020-03-15,1,50.0
2341,90,23,2020-03-15,1,15.0
2342,57,21,2020-03-16,1,15.0
2343,64,18,2020-03-16,1,50.0
2344,90,5,2020-03-17,2,700.0
2345,72,8,2020-03-18,2,1000.0
2346,80,29,2020-03-19,14,532.0
2347,41,21,2020-03-19,1,15.0
2348,26,8,2020-03-20,1,500.0
2349,9,20,2020-03-20,1,25.0
2350,31,1,2020-03-20,4,4800.0
2351,80,7,2020-03-20,2,600.0
2352,87,27,2020-03-20,1,40.0
2353,1,17,2020-03-20,3,120.0
2354,35,27,2020-03-20,1,40.0
2355,52,28,2020-03-20,1,45.0
2356,90,14,2020-03-21,1,70.0
2357,13,20,2020-03-22,1,25.0
2358,42,15,2020-03-22,2,360.0
2359,36,27,2020-03-22,2,80.0
2360,28,4,2020-03-22,1,120.0
2361,40,28,2020-03-23,2,90.0
2362,96,9,2020-03-23,3,540.0
2363,41,23,2020-03-23,2,30.0
2364,15,19,2020-03-24,2,40.0
2365,84,26,2020-03-25,2,70.0
2366,68,20,2020-03-25,1,25.0
2367,94,14,2020-03-25,1,70.0
2368,39,17,2020-03-25,3,120.0
2369,9,11,2020-03-26,2,1600.0
2370,93,18,2020-03-26,2,100.0
2371,24,27,2020-03-26,1,40.0
2372,13,7,2020-03-26,1,300.0
2373,11,1,2020-03-26,1,1200.0
2374,29,14,2020-03-26,1,70.0
2375,36,20,2020-03-26,3,75.0
2376,52,11,2020-03-28,1,800.0
2377,92,11,2020-03-28,4,3200.0
2378,94,20,2020-03-29,1,25.0
2379,32,26,2020-03-29,1,35.0
2380,63,17,2020-03-29,1,40.0
2381,50,8,2020-03-30,1,500.0
2382,45,9,2020-03-30,1,180.0
2383,79,5,2020-03-31,5,1750.0
2384,8,23,2020-03-31,1,15.0
2385,61,1,2020-03-31,5,6000.0
2386,58,15,2020-04-01,13,2340.0
2387,46,20,2020-04-01,1,25.0
2388,61,25,2020-04-03,10,300.0
2389,5,21,2020-04-03,4,60.0
2390,95,19,2020-04-03,8,160.0
2391,89,18,2020-04-03,1,50.0
2392,12,1,2020-04-03,1,1200.0
2393,74,9,2020-04-03,3,540.0
2394,62,10,2020-04-03,1,220.0
2395,45,23,2020-04-03,2,30.0
2396,94,3,2020-04-04,1,55.0
2397,44,10,2020-04-04,3,660.0
2398,58,3,2020-04-04,1,55.0
2399,26,14,2020-04-04,2,140.0
2400,73,27,2020-04-05,1,40.0
2401,69,27,2020-04-05,3,120.0
2402,6,11,2020-04-06,1,800.0
2403,7,8,2020-04-06,1,500.0
2404,48,18,2020-04-06,1,50.0
2405,49,12,2020-04-06,2,130.0
2406,20,30,2020-04-06,5,250.0
2407,73,9,2020-04-06,9,1620.0
2408,4,28,2020-04-06,1,45.0
2409,67,5,2020-04-07,1,350.0
2410,21,13,2020-04-07,3,150.0
2411,29,13,2020-04-08,3,150.0
2412,29,13,2020-04-08,9,450.0
2413,2,13,2020-04-08,12,600.0
2414,68,23,2020-04-08,1,15.0
2415,73,23,2020-04-09,2,30.0
2416,32,19,2020-04-10,1,20.0
2417,30,8,2020-04-10,5,2500.0
2418,92,22,2020-04-10,1,28.0
2419,86,5,2020-04-10,1,350.0
2420,6,7,2020-04-10,1,300.0
2421,59,13,2020-04-10,1,50.0
2422,25,2,2020-04-10,2,70.0
2423,96,9,2020-04-10,13,2340.0
2424,65,14,2020-04-12,1,70.0
2425,56,20,2020-04-12,1,25.0
2426,35,11,2020-04-12,3,2400.0
2427,86,7,2020-04-12,2,600.0
2428,13,20,2020-04-13,1,25.0
2429,75,6,2020-04-13,4,320.0
2430,18,27,2020-04-13,1,40.0
2431,12,7,2020-04-14,4,1200.0
2432,93,22,2020-04-14,7,196.0
2433,4,5,2020-04-14,1,350.0
2434,32,12,2020-04-14,1,65.0
2435,28,12,2020-04-15,4,260.0
2436,40,5,2020-04-16,2,700.0
2437,59,18,2020-04-16,1,50.0
2438,60,27,2020-04-16,3,120.0
2439,22,10,2020-04-16,3,660.0
2440,24,3,2020-04-17,1,55.0
2441,29,27,2020-04-17,5,200.0
2442,81,22,2020-04-17,20,560.0
2443,3,15,2020-04-17,4,720.0
2444,7,17,2020-04-18,3,120.0
2445,48,9,2020-04-18,1,180.0
2446,24,17,2020-04-18,2,80.0
2447,98,4,2020-04-19,3,360.0
2448,68,23,2020-04-19,1,15.0
2449,71,28,2020-04-19,1,45.0
2450,68,7,2020-04-19,1,300.0
2451,71,29,2020-04-19,4,152.0
2452,87,16,2020-04-19,1,120.0
2453,88,14,2020-04-19,1,70.0
2454,80,5,2020-04-19,1,350.0
2455,26,14,2020-04-19,1,70.0
2456,73,11,2020-04-19,3,2400.0
2457,34,15,2020-04-20,2,360.0
2458,95,11,2020-04-20,1,800.0
2459,4,28,2020-04-20,1,45.0
2460,25,30,2020-04-20,5,250.0
2461,29,24,2020-04-21,1,35.0
2462,59,12,2020-04-21,1,65.0
2463,83,26,2020-04-22,1,35.0
2464,24,17,2020-04-22,1,40.0
2465,45,12,2020-04-22,3,195.0
2466,15,3,2020-04-22,2,110.0
2467,35,20,2020-04-22,1,25.0
2468,90,23,2020-04-22,3,45.0
2469,47,8,2020-04-23,6,3000.0
2470,29,8,2020-04-23,1,500.0
2471,4,18,2020-04-23,2,100.0
2472,1,27,2020-04-24,3,120.0
2473,44,26,2020-04-24,1,35.0
2474,68,11,2020-04-25,1,800.0
2475,32,9,2020-04-25,3,540.0
2476,46,9,2020-04-25,2,360.0
2477,4,28,2020-04-25,3,135.0
2478,30,29,2020-04-25,4,152.0
2479,65,22,2020-04-26,3,84.0
2480,89,8,2020-04-26,1,500.0
2481,84,15,2020-04-27,1,180.0
2482,48,22,2020-04-27,4,112.0
2483,84,6,2020-04-27,2,160.0
2484,51,6,2020-04-28,3,240.0
2485,63,19,2020-04-29,8,160.0
2486,38,6,2020-04-29,1,80.0
2487,97,5,2020-04-29,3,1050.0
2488,57,7,2020-04-30,5,1500.0
2489,51,11,2020-04-30,1,800.0
2490,22,30,2020-04-30,3,150.0
2491,38,7,2020-04-30,1,300.0
2492,26,13,2020-04-30,3,150.0
2493,32,25,2020-05-01,1,30.0
2494,90,25,2020-05-01,3,90.0
2495,61,23,2020-05-01,1,15.0
2496,66,5,2020-05-02,1,350.0
2497,48,21,2020-05-02,3,45.0
2498,92,10,2020-05-02,1,220.0
2499,98,21,2020-05-02,1,15.0
2500,23,19,2020-05-02,1,20.0
2501,15,29,2020-05-02,1,38.0
2502,22,26,2020-05-03,3,105.0
2503,23,7,2020-05-03,1,300.0
2504,32,23,2020-05-03,1,15.0
2505,81,21,2020-05-03,1,15.0
2506,99,23,2020-05-04,1,15.0
2507,38,15,2020-05-04,1,180.0
2508,73,20,2020-05-04,2,50.0
2509,87,26,2020-05-05,4,140.0
2510,20,12,2020-05-06,1,65.0
2511,64,18,2020-05-06,1,50.0
2512,97,26,2020-05-07,1,35.0
2513,78,29,2020-05-07,6,228.0
2514,19,3,2020-05-08,6,330.0
2515,85,1,2020-05-08,1,1200.0
2516,39,20,2020-05-08,1,25.0
2517,100,11,2020-05-08,7,5600.0
2518,93,9,2020-05-08,4,720.0
2519,46,23,2020-05-08,1,15.0
2520,43,1,2020-05-08,1,1200.0
2521,77,27,2020-05-09,1,40.0
2522,21,2,2020-05-09,1,35.0
2523,61,9,2020-05-09,1,180.0
2524,31,20,2020-05-09,1,25.0
2525,99,1,2020-05-10,3,3600.0
2526,69,3,2020-05-10,1,55.0
2527,58,6,2020-05-10,2,160.0
2528,6,22,2020-05-10,2,56.0
2529,28,14,2020-05-10,2,140.0
2530,32,26,2020-05-10,1,35.0
2531,26,8,2020-05-11,4,2000.0
2532,14,30,2020-05-11,4,200.0
2533,49,24,2020-05-12,2,70.0
2534,91,12,2020-05-12,2,130.0
2535,20,12,2020-05-12,3,195.0
2536,27,6,2020-05-13,4,320.0
2537,36,9,2020-05-13,1,180.0
2538,98,15,2020-05-13,4,720.0
2539,45,4,2020-05-14,1,120.0
2540,100,19,2020-05-14,3,60.0
2541,76,17,2020-05-14,1,40.0
2542,65,11,2020-05-14,2,1600.0
2543,42,2,2020-05-15,3,105.0
2544,42,23,2020-05-15,2,30.0
2545,68,22,2020-05-16,1,28.0
2546,16,14,2020-05-16,1,70.0
2547,97,10,2020-05-16,1,220.0
2548,36,8,2020-05-16,1,500.0
2549,96,24,2020-05-17,1,35.0
2550,59,1,2020-05-17,1,1200.0
2551,2,16,2020-05-17,2,240.0
2552,7,6,2020-05-17,3,240.0
2553,57,4,2020-05-17,1,120.0
2554,49,5,2020-05-17,1,350.0
2555,21,21,2020-05-18,4,60.0
2556,88,15,2020-05-18,1,180.0
2557,29,11,2020-05-18,1,800.0
2558,46,16,2020-05-19,1,120.0
2559,79,2,2020-05-20,5,175.0
2560,94,24,2020-05-20,1,35.0
2561,39,30,2020-05-20,2,100.0
2562,7,8,2020-05-20,5,2500.0
2563,25,7,2020-05-20,2,600.0
2564,66,29,2020-05-21,4,152.0
2565,60,14,2020-05-21,1,70.0
2566,59,5,2020-05-21,1,350.0
2567,57,26,2020-05-21,1,35.0
2568,69,23,2020-05-22,1,15.0
2569,5,13,2020-05-22,4,200.0
2570,98,22,2020-05-22,1,28.0
2571,18,1,2020-05-22,2,2400.0
2572,84,17,2020-05-22,1,40.0
2573,7,12,2020-05-23,1,65.0
2574,82,23,2020-05-23,1,15.0
2575,98,15,2020-05-24,2,360.0
2576,97,3,2020-05-24,1,55.0
2577,48,23,2020-05-24,2,30.0
2578,12,26,2020-05-25,3,105.0
2579,73,9,2020-05-26,5,900.0
2580,6,18,2020-05-26,1,50.0
2581,25,23,2020-05-26,4,60.0
2582,52,26,2020-05-26,2,70.0
2583,49,27,2020-05-26,1,40.0
2584,17,8,2020-05-26,1,500.0
2585,28,25,2020-05-27,7,210.0
2586,48,7,2020-05-27,1,300.0
2587,69,9,2020-05-27,2,360.0
2588,21,30,2020-05-28,1,50.0
2589,74,13,2020-05-28,5,250.0
2590,57,20,2020-05-29,1,25.0
2591,6,26,2020-05-29,1,35.0
2592,78,15,2020-05-29,8,1440.0
2593,61,12,2020-05-29,1,65.0
2594,39,18,2020-05-29,13,650.0
2595,1,30,2020-05-29,1,50.0
2596,31,27,2020-05-30,1,40.0
2597,36,17,2020-05-30,1,40.0
2598,48,9,2020-05-30,1,180.0
2599,16,17,2020-05-30,3,120.0
2600,86,13,2020-05-30,3,150.0
2601,36,11,2020-05-30,1,800.0
2602,34,1,2020-05-31,1,1200.0
2603,70,18,2020-05-31,2,100.0
2604,62,10,2020-05-31,1,220.0
2605,65,5,2020-06-01,1,350.0
2606,5,18,2020-06-01,2,100.0
2607,83,8,2020-06-01,1,500.0
2608,38,30,2020-06-01,1,50.0
2609,79,6,2020-06-02,6,480.0
2610,100,22,2020-06-02,12,336.0
2611,9,4,2020-06-03,3,360.0
2612,19,29,2020-06-03,4,152.0
2613,4,20,2020-06-04,1,25.0
2614,1,30,2020-06-04,1,50.0
2615,54,20,2020-06-04,1,25.0
2616,23,16,2020-06-04,1,120.0
2617,77,8,2020-06-04,2,1000.0
2618,44,17,2020-06-05,1,40.0
2619,44,7,2020-06-05,3,900.0
2620,9,3,2020-06-05,4,220.0
2621,12,29,2020-06-06,1,38.0
2622,99,18,2020-06-06,2,100.0
2623,84,2,2020-06-06,1,35.0
2624,6,7,2020-06-06,4,1200.0
2625,92,15,2020-06-06,1,180.0
2626,58,2,2020-06-07,1,35.0
2627,64,26,2020-06-07,1,35.0
2628,20,17,2020-06-07,1,40.0
2629,100,30,2020-06-07,1,50.0
2630,74,8,2020-06-07,2,1000.0
2631,24,10,2020-06-08,1,220.0
2632,52,23,2020-06-08,7,105.0
2633,80,18,2020-06-08,1,50.0
2634,2,15,2020-06-08,1,180.0
2635,20,22,2020-06-09,23,644.0
2636,4,22,2020-06-09,2,56.0
2637,5,13,2020-06-10,1,50.0
2638,13,17,2020-06-10,2,80.0
2639,100,23,2020-06-10,2,30.0
2640,72,5,2020-06-11,2,700.0
2641,77,18,2020-06-11,2,100.0
2642,96,27,2020-06-11,1,40.0
2643,22,11,2020-06-11,1,800.0
2644,26,15,2020-06-12,3,540.0
2645,18,20,2020-06-12,7,175.0
2646,36,29,2020-06-12,1,38.0
2647,80,7,2020-06-12,4,1200.0
2648,76,15,2020-06-12,2,360.0
2649,93,8,2020-06-12,7,3500.0
2650,38,2,2020-06-12,1,35.0
2651,25,9,2020-06-12,2,360.0
2652,56,24,2020-06-13,1,35.0
2653,72,23,2020-06-13,1,15.0
2654,61,8,2020-06-13,14,7000.0
2655,50,28,2020-06-13,6,270.0
2656,27,10,2020-06-14,1,220.0
2657,42,19,2020-06-15,1,20.0
2658,49,4,2020-06-15,1,120.0
2659,60,26,2020-06-16,1,35.0
2660,1,2,2020-06-17,1,35.0
2661,70,27,2020-06-17,2,80.0
2662,78,5,2020-06-17,3,1050.0
2663,39,9,2020-06-18,1,180.0
2664,64,17,2020-06-19,1,40.0
2665,38,18,2020-06-20,3,150.0
2666,71,9,2020-06-20,1,180.0
2667,36,5,2020-06-20,1,350.0
2668,51,14,2020-06-21,2,140.0
2669,43,6,2020-06-21,2,160.0
2670,91,4,2020-06-22,2,240.0
2671,35,10,2020-06-22,1,220.0
2672,35,12,2020-06-22,1,65.0
2673,54,5,2020-06-23,4,1400.0
2674,77,16,2020-06-23,1,120.0
2675,66,7,2020-06-24,2,600.0
2676,72,30,2020-06-24,3,150.0
2677,94,22,2020-06-25,2,56.0
2678,50,9,2020-06-25,17,3060.0
2679,4,25,2020-06-25,4,120.0
2680,24,14,2020-06-25,1,70.0
2681,74,9,2020-06-25,1,180.0
2682,27,20,2020-06-26,1,25.0
2683,15,28,2020-06-26,4,180.0
2684,67,27,2020-06-26,5,200.0
2685,39,6,2020-06-26,6,480.0
2686,7,11,2020-06-26,3,2400.0
2687,79,14,2020-06-27,4,280.0
2688,59,8,2020-06-27,4,2000.0
2689,65,9,2020-06-27,1,180.0
2690,85,25,2020-06-27,15,450.0
2691,75,5,2020-06-28,2,700.0
2692,82,16,2020-06-28,2,240.0
2693,19,18,2020-06-29,3,150.0
2694,16,23,2020-06-30,8,120.0
2695,24,15,2020-06-30,1,180.0
2696,24,20,2020-07-01,1,25.0
2697,21,10,2020-07-01,2,440.0
2698,87,6,2020-07-01,1,80.0
2699,86,17,2020-07-02,2,80.0
2700,31,27,2020-07-02,1,40.0
2701,69,11,2020-07-03,8,6400.0
2702,89,1,2020-07-04,1,1200.0
2703,47,1,2020-07-04,1,1200.0
2704,97,30,2020-07-04,1,50.0
2705,63,25,2020-07-04,3,90.0
2706,72,4,2020-07-04,1,120.0
2707,54,11,2020-07-05,2,1600.0
2708,70,8,2020-07-05,1,500.0
2709,59,21,2020-07-05,1,15.0
2710,29,26,2020-07-05,1,35.0
2711,90,26,2020-07-06,4,140.0
2712,97,25,2020-07-06,4,120.0
2713,48,25,2020-07-07,3,90.0
2714,29,28,2020-07-07,1,45.0
2715,62,3,2020-07-07,22,1210.0
2716,58,12,2020-07-07,1,65.0
2717,73,4,2020-07-08,1,120.0
2718,2,16,2020-07-08,1,120.0
2719,6,5,2020-07-09,3,1050.0
2720,23,28,2020-07-09,2,90.0
2721,84,2,2020-07-09,1,35.0
2722,78,29,2020-07-09,1,38.0
2723,81,6,2020-07-10,2,160.0
2724,46,21,2020-07-10,2,30.0
2725,31,3,2020-07-10,3,165.0
2726,57,1,2020-07-10,1,1200.0
2727,69,30,2020-07-10,1,50.0
2728,41,5,2020-07-10,2,700.0
2729,50,26,2020-07-10,1,35.0
2730,66,17,2020-07-11,3,120.0
2731,10,11,2020-07-11,1,800.0
2732,7,23,2020-07-11,4,60.0
2733,88,10,2020-07-12,3,660.0
2734,15,23,2020-07-12,1,15.0
2735,22,1,2020-07-12,1,1200.0
2736,68,28,2020-07-12,1,45.0
2737,17,25,2020-07-12,1,30.0
2738,89,20,2020-07-13,3,75.0
2739,89,21,2020-07-13,5,75.0
2740,15,17,2020-07-13,1,40.0
2741,64,30,2020-07-14,2,100.0
2742,75,23,2020-07-14,4,60.0
2743,68,5,2020-07-15,16,5600.0
2744,38,19,2020-07-15,2,40.0
2745,95,1,2020-07-16,1,1200.0
2746,8,21,2020-07-16,2,30.0
2747,50,8,2020-07-16,2,1000.0
2748,60,10,2020-07-17,6,1320.0
2749,68,8,2020-07-17,1,500.0
2750,73,10,2020-07-17,4,880.0
2751,23,15,2020-07-18,1,180.0
2752,37,11,2020-07-18,1,800.0
2753,12,9,2020-07-18,1,180.0
2754,32,1,2020-07-20,3,3600.0
2755,1,9,2020-07-20,2,360.0
2756,65,9,2020-07-21,1,180.0
2757,9,9,2020-07-21,4,720.0
2758,70,11,2020-07-21,1,800.0
2759,84,30,2020-07-21,3,150.0
2760,15,25,2020-07-22,1,30.0
2761,20,12,2020-07-22,2,130.0
2762,18,28,2020-07-23,3,135.0
2763,46,27,2020-07-24,1,40.0
2764,60,20,2020-07-24,3,75.0
2765,62,17,2020-07-24,4,160.0
2766,2,9,2020-07-25,4,720.0
2767,94,13,2020-07-25,1,50.0
2768,13,18,2020-07-25,1,50.0
2769,44,14,2020-07-25,1,70.0
2770,86,21,2020-07-25,3,45.0
2771,72,13,2020-07-26,1,50.0
2772,54,4,2020-07-26,1,120.0
2773,43,4,2020-07-26,1,120.0
2774,88,5,2020-07-26,1,350.0
2775,16,10,2020-07-26,1,220.0
2776,91,9,2020-07-26,2,360.0
2777,84,23,2020-07-26,2,30.0
2778,94,22,2020-07-27,2,56.0
2779,2,16,2020-07-28,6,720.0
2780,73,4,2020-07-28,9,1080.0
2781,30,7,2020-07-29,1,300.0
2782,14,4,2020-07-30,2,240.0
2783,27,18,2020-07-30,2,100.0
2784,4,10,2020-07-30,1,220.0
2785,59,17,2020-07-30,1,40.0
2786,48,14,2020-07-30,2,140.0
2787,51,13,2020-07-31,12,600.0
2788,4,11,2020-07-31,2,1600.0
2789,3,9,2020-07-31,1,180.0
2790,91,27,2020-07-31,1,40.0
2791,70,15,2020-08-02,1,180.0
2792,67,7,2020-08-02,1,300.0
2793,40,28,2020-08-02,1,45.0
2794,85,14,2020-08-02,1,70.0
2795,69,22,2020-08-02,1,28.0
2796,3,12,2020-08-02,2,130.0
2797,79,8,2020-08-02,1,500.0
2798,28,12,2020-08-03,1,65.0
2799,70,20,2020-08-03,1,25.0
2800,53,3,2020-08-03,3,165.0
2801,57,2,2020-08-04,7,245.0
2802,19,2,2020-08-04,1,35.0
2803,56,6,2020-08-04,1,80.0
2804,79,21,2020-08-04,1,15.0
2805,34,1,2020-08-04,1,1200.0
2806,69,9,2020-08-04,3,540.0
2807,2,13,2020-08-05,3,150.0
2808,59,26,2020-08-05,2,70.0
2809,95,20,2020-08-05,3,75.0
2810,58,22,2020-08-05,2,56.0
2811,76,30,2020-08-06,2,100.0
2812,89,16,2020-08-06,3,360.0
2813,40,10,2020-08-06,1,220.0
2814,84,12,2020-08-06,1,65.0
2815,58,13,2020-08-06,1,50.0
2816,81,8,2020-08-07,2,1000.0
2817,100,17,2020-08-07,2,80.0
2818,88,23,2020-08-07,1,15.0
2819,34,2,2020-08-07,5,175.0
2820,19,15,2020-08-08,1,180.0
2821,68,30,2020-08-08,3,150.0
2822,43,15,2020-08-08,1,180.0
2823,6,23,2020-08-08,1,15.0
2824,70,3,2020-08-09,1,55.0
2825,19,16,2020-08-10,2,240.0
2826,92,23,2020-08-10,2,30.0
2827,11,22,2020-08-10,2,56.0
2828,49,19,2020-08-10,4,80.0
2829,11,4,2020-08-10,1,120.0
2830,20,14,2020-08-10,4,280.0
2831,86,7,2020-08-11,2,600.0
2832,81,17,2020-08-11,4,160.0
2833,4,7,2020-08-12,2,600.0
2834,87,10,2020-08-13,3,660.0
2835,56,9,2020-08-13,1,180.0
2836,44,29,2020-08-14,2,76.0
2837,57,17,2020-08-14,1,40.0
2838,86,15,2020-08-14,1,180.0
2839,73,1,2020-08-14,1,1200.0
2840,93,22,2020-08-14,1,28.0
2841,51,16,2020-08-15,2,240.0
2842,17,30,2020-08-15,2,100.0
2843,37,6,2020-08-15,2,160.0
2844,52,13,2020-08-15,4,200.0
2845,1,10,2020-08-16,1,220.0
2846,79,6,2020-08-16,2,160.0
2847,56,20,2020-08-16,1,25.0
2848,19,13,2020-08-16,1,50.0
2849,11,27,2020-08-16,1,40.0
2850,81,14,2020-08-16,2,140.0
2851,72,27,2020-08-17,1,40.0
2852,91,21,2020-08-17,1,15.0
2853,21,4,2020-08-18,1,120.0
2854,39,17,2020-08-18,1,40.0
2855,28,30,2020-08-18,1,50.0
2856,19,26,2020-08-18,1,35.0
2857,56,21,2020-08-18,1,15.0
2858,37,19,2020-08-19,9,180.0
2859,60,12,2020-08-19,1,65.0
2860,67,2,2020-08-20,1,35.0
2861,72,30,2020-08-20,1,50.0
2862,29,3,2020-08-20,2,110.0
2863,73,19,2020-08-21,4,80.0
2864,19,16,2020-08-21,1,120.0
2865,69,13,2020-08-21,1,50.0
2866,16,22,2020-08-22,1,28.0
2867,23,24,2020-08-22,1,35.0
2868,43,20,2020-08-22,1,25.0
2869,53,15,2020-08-22,1,180.0
2870,7,21,2020-08-22,1,15.0
2871,26,22,2020-08-23,2,56.0
2872,12,25,2020-08-23,1,30.0
2873,27,12,2020-08-23,1,65.0
2874,44,17,2020-08-24,2,80.0
2875,24,13,2020-08-24,3,150.0
2876,3,19,2020-08-24,2,40.0
2877,19,8,2020-08-25,1,500.0
2878,62,20,2020-08-26,3,75.0
2879,52,27,2020-08-27,3,120.0
2880,74,11,2020-08-27,4,3200.0
2881,29,19,2020-08-27,4,80.0
2882,78,26,2020-08-28,3,105.0
2883,96,17,2020-08-28,3,120.0
2884,74,18,2020-08-28,2,100.0
2885,75,21,2020-08-28,3,45.0
2886,28,13,2020-08-28,2,100.0
2887,74,28,2020-08-29,1,45.0
2888,27,21,2020-08-29,1,15.0
2889,66,7,2020-08-29,1,300.0
2890,54,24,2020-08-29,2,70.0
2891,97,28,2020-08-31,1,45.0
2892,41,27,2020-08-31,1,40.0
2893,66,11,2020-08-31,1,800.0
2894,63,2,2020-08-31,1,35.0
2895,40,21,2020-08-31,1,15.0
2896,47,3,2020-08-31,3,165.0
2897,50,4,2020-08-31,1,120.0
2898,42,26,2020-08-31,1,35.0
2899,95,14,2020-08-31,2,140.0
2900,99,16,2020-08-31,3,360.0
2901,88,15,2020-08-31,2,360.0
2902,97,9,2020-09-01,1,180.0
2903,3,11,2020-09-01,1,800.0
2904,85,1,2020-09-01,3,3600.0
2905,11,15,2020-09-01,2,360.0
2906,99,18,2020-09-01,1,50.0
2907,80,3,2020-09-01,3,165.0
2908,33,8,2020-09-02,1,500.0
2909,97,23,2020-09-02,2,30.0
2910,70,18,2020-09-02,2,100.0
2911,55,15,2020-09-02,4,720.0
2912,12,15,2020-09-03,3,540.0
2913,82,25,2020-09-03,4,120.0
2914,2,26,2020-09-03,1,35.0
2915,81,21,2020-09-03,1,15.0
2916,68,6,2020-09-04,6,480.0
2917,6,10,2020-09-04,13,2860.0
2918,62,9,2020-09-04,1,180.0
2919,92,28,2020-09-04,7,315.0
2920,92,19,2020-09-04,8,160.0
2921,98,30,2020-09-04,5,250.0
2922,1,10,2020-09-05,3,660.0
2923,2,1,2020-09-06,1,1200.0
2924,80,30,2020-09-07,2,100.0
2925,69,27,2020-09-07,2,80.0
2926,40,24,2020-09-07,4,140.0
2927,57,10,2020-09-07,1,220.0
2928,96,21,2020-09-07,3,45.0
2929,1,9,2020-09-07,1,180.0
2930,9,30,2020-09-09,5,250.0
2931,69,10,2020-09-09,1,220.0
2932,100,17,2020-09-09,3,120.0
2933,56,13,2020-09-10,1,50.0
2934,34,16,2020-09-10,5,600.0
2935,15,10,2020-09-10,4,880.0
2936,38,8,2020-09-11,5,2500.0
2937,37,11,2020-09-11,6,4800.0
2938,54,1,2020-09-11,3,3600.0
2939,33,20,2020-09-11,3,75.0
2940,2,29,2020-09-12,1,38.0
2941,29,29,2020-09-12,1,38.0
2942,60,18,2020-09-12,3,150.0
2943,43,21,2020-09-12,3,45.0
2944,54,16,2020-09-13,2,240.0
2945,42,26,2020-09-13,2,70.0
2946,37,9,2020-09-14,4,720.0
2947,97,6,2020-09-14,1,80.0
2948,85,6,2020-09-15,3,240.0
2949,28,5,2020-09-15,6,2100.0
2950,80,30,2020-09-15,1,50.0
2951,33,8,2020-09-15,1,500.0
2952,10,10,2020-09-16,1,220.0
2953,38,4,2020-09-16,1,120.0
2954,17,4,2020-09-16,1,120.0
2955,71,27,2020-09-16,1,40.0
2956,82,10,2020-09-16,2,440.0
2957,51,27,2020-09-17,5,200.0
2958,57,8,2020-09-17,1,500.0
2959,97,14,2020-09-17,2,140.0
2960,17,9,2020-09-18,5,900.0
2961,56,17,2020-09-18,4,160.0
2962,18,29,2020-09-18,1,38.0
2963,17,10,2020-09-19,5,1100.0
2964,67,18,2020-09-19,3,150.0
2965,56,26,2020-09-19,4,140.0
2966,96,14,2020-09-20,5,350.0
2967,16,16,2020-09-20,1,120.0
2968,34,25,2020-09-20,1,30.0
2969,87,16,2020-09-21,1,120.0
2970,4,13,2020-09-22,2,100.0
2971,95,8,2020-09-22,3,1500.0
2972,57,3,2020-09-22,1,55.0
2973,41,3,2020-09-22,1,55.0
2974,52,17,2020-09-22,1,40.0
2975,81,2,2020-09-23,5,175.0
2976,43,18,2020-09-23,9,450.0
2977,90,21,2020-09-23,1,15.0
2978,98,15,2020-09-24,2,360.0
2979,10,12,2020-09-24,3,195.0
2980,76,28,2020-09-25,3,135.0
2981,39,14,2020-09-26,1,70.0
2982,91,28,2020-09-26,2,90.0
2983,65,16,2020-09-27,20,2400.0
2984,45,20,2020-09-27,1,25.0
2985,78,29,2020-09-27,5,190.0
2986,79,14,2020-09-27,5,350.0
2987,19,27,2020-09-28,1,40.0
2988,34,16,2020-09-28,14,1680.0
2989,31,24,2020-09-28,6,210.0
2990,83,22,2020-09-28,1,28.0
2991,7,10,2020-09-29,1,220.0
2992,28,22,2020-09-29,8,224.0
2993,31,30,2020-09-30,4,200.0
2994,48,29,2020-09-30,2,76.0
2995,35,6,2020-10-01,1,80.0
2996,22,21,2020-10-01,7,105.0
2997,66,3,2020-10-02,12,660.0
2998,48,25,2020-10-02,1,30.0
2999,96,21,2020-10-03,1,15.0
3000,45,22,2020-10-03,1,28.0
3001,10,18,2020-10-04,2,100.0
3002,41,30,2020-10-04,2,100.0
3003,41,4,2020-10-04,3,360.0
3004,29,19,2020-10-04,1,20.0
3005,66,27,2020-10-05,1,40.0
3006,82,9,2020-10-05,6,1080.0
3007,82,21,2020-10-05,1,15.0
3008,50,23,2020-10-05,4,60.0
3009,9,22,2020-10-05,4,112.0
3010,57,21,2020-10-05,2,30.0
3011,90,11,2020-10-05,5,4000.0
3012,14,15,2020-10-06,8,1440.0
3013,8,11,2020-10-06,2,1600.0
3014,42,16,2020-10-07,3,360.0
3015,78,6,2020-10-07,6,480.0
3016,59,6,2020-10-07,2,160.0
3017,66,15,2020-10-08,1,180.0
3018,15,25,2020-10-08,3,90.0
3019,48,20,2020-10-08,1,25.0
3020,20,17,2020-10-08,1,40.0
3021,6,6,2020-10-09,4,320.0
3022,50,13,2020-10-09,10,500.0
3023,43,30,2020-10-09,7,350.0
3024,86,15,2020-10-09,6,1080.0
3025,31,9,2020-10-10,1,180.0
3026,16,3,2020-10-10,1,55.0
3027,65,6,2020-10-10,1,80.0
3028,21,27,2020-10-11,12,480.0
3029,21,10,2020-10-11,2,440.0
3030,94,17,2020-10-11,1,40.0
3031,6,14,2020-10-12,2,140.0
3032,16,15,2020-10-13,4,720.0
3033,63,6,2020-10-13,5,400.0
3034,36,4,2020-10-13,1,120.0
3035,14,3,2020-10-14,1,55.0
3036,85,19,2020-10-14,2,40.0
3037,67,10,2020-10-14,1,220.0
3038,24,11,2020-10-14,5,4000.0
3039,95,16,2020-10-15,5,600.0
3040,89,25,2020-10-15,3,90.0
3041,98,2,2020-10-16,3,105.0
3042,3,11,2020-10-16,5,4000.0
3043,86,3,2020-10-17,2,110.0
3044,32,18,2020-10-18,26,1300.0
3045,49,20,2020-10-18,1,25.0
3046,83,21,2020-10-18,1,15.0
3047,91,4,2020-10-18,3,360.0
3048,73,13,2020-10-18,1,50.0
3049,61,26,2020-10-18,4,140.0
3050,17,30,2020-10-19,1,50.0
3051,6,6,2020-10-19,1,80.0
3052,2,3,2020-10-19,1,55.0
3053,42,28,2020-10-20,3,135.0
3054,60,7,2020-10-20,1,300.0
3055,56,14,2020-10-21,5,350.0
3056,16,26,2020-10-22,4,140.0
3057,98,30,2020-10-22,1,50.0
3058,56,20,2020-10-22,4,100.0
3059,61,22,2020-10-23,5,140.0
3060,32,26,2020-10-23,3,105.0
3061,55,25,2020-10-23,4,120.0
3062,80,21,2020-10-23,18,270.0
3063,13,25,2020-10-24,1,30.0
3064,84,17,2020-10-24,2,80.0
3065,41,10,2020-10-24,1,220.0
3066,30,23,2020-10-24,2,30.0
3067,46,17,2020-10-24,2,80.0
3068,56,2,2020-10-25,1,35.0
3069,40,1,2020-10-25,1,1200.0
3070,62,12,2020-10-26,1,65.0
3071,18,29,2020-10-26,1,38.0
3072,53,16,2020-10-26,1,120.0
3073,72,17,2020-10-26,3,120.0
3074,87,17,2020-10-26,1,40.0
3075,12,21,2020-10-27,2,30.0
3076,45,8,2020-10-27,4,2000.0
3077,20,10,2020-10-27,3,660.0
3078,29,25,2020-10-27,5,150.0
3079,23,11,2020-10-28,4,3200.0
3080,87,28,2020-10-28,3,135.0
3081,22,13,2020-10-28,4,200.0
3082,44,8,2020-10-29,5,2500.0
3083,79,29,2020-10-30,38,1444.0
3084,50,27,2020-10-30,2,80.0
3085,49,20,2020-10-30,5,125.0
3086,9,28,2020-10-31,1,45.0
3087,77,30,2020-10-31,1,50.0
3088,97,13,2020-10-31,23,1150.0
3089,89,13,2020-10-31,3,150.0
3090,95,21,2020-11-01,1,15.0
3091,12,16,2020-11-01,3,360.0
3092,16,23,2020-11-01,2,30.0
3093,26,21,2020-11-01,1,15.0
3094,91,7,2020-11-02,1,300.0
3095,47,11,2020-11-02,3,2400.0
3096,23,21,2020-11-02,3,45.0
3097,78,12,2020-11-02,1,65.0
3098,99,6,2020-11-02,3,240.0
3099,92,2,2020-11-03,26,910.0
3100,8,3,2020-11-03,3,165.0
3101,59,13,2020-11-03,2,100.0
3102,52,15,2020-11-04,1,180.0
3103,37,16,2020-11-04,3,360.0
3104,58,8,2020-11-04,8,4000.0
3105,48,6,2020-11-05,14,1120.0
3106,74,12,2020-11-06,1,65.0
3107,100,25,2020-11-06,8,240.0
3108,45,8,2020-11-06,1,500.0
3109,99,24,2020-11-07,1,35.0
3110,95,10,2020-11-07,1,220.0
3111,90,27,2020-11-07,6,240.0
3112,61,14,2020-11-08,6,420.0
3113,67,2,2020-11-08,1,35.0
3114,95,15,2020-11-08,1,180.0
3115,21,20,2020-11-08,5,125.0
3116,43,16,2020-11-09,12,1440.0
3117,52,23,2020-11-09,1,15.0
3118,10,18,2020-11-09,17,850.0
3119,63,6,2020-11-09,2,160.0
3120,15,30,2020-11-09,4,200.0
3121,76,18,2020-11-10,14,700.0
3122,82,14,2020-11-10,1,70.0
3123,77,9,2020-11-11,3,540.0
3124,20,30,2020-11-11,1,50.0
3125,29,16,2020-11-12,1,120.0
3126,24,13,2020-11-13,2,100.0
3127,86,6,2020-11-13,1,80.0
3128,46,4,2020-11-14,1,120.0
3129,65,18,2020-11-14,2,100.0
3130,95,23,2020-11-14,1,15.0
3131,31,15,2020-11-15,2,360.0
3132,87,9,2020-11-15,1,180.0
3133,84,18,2020-11-17,1,50.0
3134,2,26,2020-11-18,5,175.0
3135,10,25,2020-11-18,8,240.0
3136,91,10,2020-11-18,1,220.0
3137,75,20,2020-11-18,6,150.0
3138,58,17,2020-11-18,4,160.0
3139,61,10,2020-11-19,7,1540.0
3140,88,20,2020-11-19,7,175.0
3141,54,30,2020-11-19,9,450.0
3142,43,27,2020-11-20,2,80.0
3143,80,14,2020-11-21,3,210.0
3144,30,8,2020-11-21,1,500.0
3145,20,23,2020-11-21,3,45.0
3146,12,3,2020-11-21,2,110.0
3147,98,23,2020-11-21,4,60.0
3148,95,8,2020-11-21,2,1000.0
3149,26,28,2020-11-22,2,90.0
3150,96,22,2020-11-22,4,112.0
3151,29,4,2020-11-22,1,120.0
3152,86,26,2020-11-23,20,700.0
3153,2,22,2020-11-23,6,168.0
3154,16,2,2020-11-23,3,105.0
3155,73,23,2020-11-23,1,15.0
3156,60,3,2020-11-23,47,2585.0
3157,55,13,2020-11-24,10,500.0
3158,71,22,2020-11-24,5,140.0
3159,85,9,2020-11-27,6,1080.0
3160,89,21,2020-11-27,6,90.0
3161,44,11,2020-11-28,19,15200.0
3162,10,4,2020-11-28,1,120.0
3163,42,22,2020-11-29,4,112.0
3164,36,19,2020-11-30,3,60.0
3165,14,20,2020-11-30,2,50.0
3166,58,17,2020-11-30,8,320.0
3167,4,17,2020-11-30,19,760.0
3168,36,22,2020-11-30,3,84.0
3169,85,15,2020-11-30,3,540.0
3170,85,27,2020-11-30,6,240.0
3171,11,24,2020-12-01,11,385.0
3172,15,2,2020-12-01,4,140.0
3173,77,13,2020-12-02,5,250.0
3174,35,25,2020-12-02,15,450.0
3175,92,14,2020-12-02,1,70.0
3176,44,18,2020-12-02,4,200.0
3177,52,16,2020-12-03,2,240.0
3178,23,5,2020-12-03,9,3150.0
3179,72,6,2020-12-03,10,800.0
3180,19,26,2020-12-03,1,35.0
3181,7,1,2020-12-04,8,9600.0
3182,16,22,2020-12-04,2,56.0
3183,83,12,2020-12-04,4,260.0
3184,55,21,2020-12-04,2,30.0
3185,67,15,2020-12-05,5,900.0
3186,99,1,2020-12-05,4,4800.0
3187,1,25,2020-12-07,10,300.0
3188,30,26,2020-12-07,4,140.0
3189,68,18,2020-12-07,2,100.0
3190,95,8,2020-12-07,4,2000.0
3191,31,11,2020-12-07,5,4000.0
3192,33,7,2020-12-07,4,1200.0
3193,67,4,2020-12-08,5,600.0
3194,74,24,2020-12-08,3,105.0
3195,31,22,2020-12-08,5,140.0
3196,95,23,2020-12-09,2,30.0
3197,13,2,2020-12-10,1,35.0
3198,28,19,2020-12-11,8,160.0
3199,25,17,2020-12-11,12,480.0
3200,61,22,2020-12-11,2,56.0
3201,17,6,2020-12-11,5,400.0
3202,92,13,2020-12-11,5,250.0
3203,7,26,2020-12-11,2,70.0
3204,78,19,2020-12-13,1,20.0
3205,71,3,2020-12-13,2,110.0
3206,56,27,2020-12-13,1,40.0
3207,66,24,2020-12-13,5,175.0
3208,67,29,2020-12-14,2,76.0
3209,87,23,2020-12-14,2,30.0
3210,33,19,2020-12-14,2,40.0
3211,95,27,2020-12-15,1,40.0
3212,30,9,2020-12-15,2,360.0
3213,59,1,2020-12-15,1,1200.0
3214,85,27,2020-12-15,7,280.0
3215,34,12,2020-12-15,6,390.0
3216,65,3,2020-12-16,2,110.0
3217,29,22,2020-12-16,21,588.0
3218,55,21,2020-12-16,10,150.0
3219,57,26,2020-12-17,6,210.0
3220,19,25,2020-12-17,2,60.0
3221,89,12,2020-12-17,1,65.0
3222,94,5,2020-12-17,2,700.0
3223,88,25,2020-12-18,2,60.0
3224,7,15,2020-12-18,1,180.0
3225,46,18,2020-12-18,12,600.0
3226,1,19,2020-12-18,4,80.0
3227,88,4,2020-12-18,12,1440.0
3228,1,11,2020-12-18,2,1600.0
3229,12,16,2020-12-19,2,240.0
3230,78,19,2020-12-19,4,80.0
3231,26,14,2020-12-19,3,210.0
3232,39,22,2020-12-19,1,28.0
3233,61,20,2020-12-19,1,25.0
3234,37,23,2020-12-19,3,45.0
3235,77,22,2020-12-20,1,28.0
3236,96,13,2020-12-20,1,50.0
3237,24,22,2020-12-20,1,28.0
3238,93,9,2020-12-20,1,180.0
3239,43,26,2020-12-20,1,35.0
3240,44,7,2020-12-21,1,300.0
3241,11,14,2020-12-21,4,280.0
3242,71,19,2020-12-21,7,140.0
3243,21,3,2020-12-21,2,110.0
3244,98,1,2020-12-21,1,1200.0
3245,33,28,2020-12-21,4,180.0
3246,21,20,2020-12-22,5,125.0
3247,80,18,2020-12-22,12,600.0
3248,90,12,2020-12-22,4,260.0
3249,93,22,2020-12-22,10,280.0
3250,12,12,2020-12-22,4,260.0
3251,88,27,2020-12-22,2,80.0
3252,97,4,2020-12-23,30,3600.0
3253,85,20,2020-12-23,2,50.0
3254,95,30,2020-12-23,4,200.0
3255,24,6,2020-12-23,6,480.0
3256,50,16,2020-12-23,5,600.0
3257,30,8,2020-12-24,9,4500.0
3258,74,19,2020-12-24,1,20.0
3259,81,8,2020-12-24,5,2500.0
3260,50,30,2020-12-24,2,100.0
3261,46,11,2020-12-25,2,1600.0
3262,93,21,2020-12-25,2,30.0
3263,84,19,2020-12-25,2,40.0
3264,32,10,2020-12-25,7,1540.0
3265,33,3,2020-12-25,2,110.0
3266,83,21,2020-12-25,5,75.0
3267,16,19,2020-12-26,6,120.0
3268,45,21,2020-12-26,5,75.0
3269,19,4,2020-12-26,3,360.0
3270,40,27,2020-12-26,3,120.0
3271,48,28,2020-12-26,4,180.0
3272,84,18,2020-12-26,1,50.0
3273,1,28,2020-12-26,1,45.0
3274,96,1,2020-12-27,1,1200.0
3275,27,19,2020-12-27,1,20.0
3276,10,11,2020-12-27,6,4800.0
3277,64,7,2020-12-27,3,900.0
3278,66,15,2020-12-27,10,1800.0
3279,66,22,2020-12-28,6,168.0
3280,42,16,2020-12-29,2,240.0
3281,52,1,2020-12-29,5,6000.0
3282,90,3,2020-12-29,3,165.0
3283,81,9,2020-12-29,6,1080.0
3284,8,26,2020-12-29,4,140.0
3285,10,14,2020-12-29,2,140.0
3286,88,14,2020-12-30,2,140.0
3287,18,1,2020-12-30,1,1200.0
3288,61,28,2020-12-31,7,315.0
3289,47,26,2020-12-31,15,525.0
3290,73,4,2021-01-01,1,120.0
3291,98,4,2021-01-01,2,240.0
3292,75,5,2021-01-01,2,700.0
3293,93,5,2021-01-01,1,350.0
3294,96,15,2021-01-01,1,180.0
3295,72,6,2021-01-02,5,400.0
3296,41,28,2021-01-02,1,45.0
3297,23,20,2021-01-02,1,25.0
3298,1,10,2021-01-02,1,220.0
3299,75,16,2021-01-02,4,480.0
3300,16,3,2021-01-03,1,55.0
3301,65,5,2021-01-03,1,350.0
3302,36,12,2021-01-03,1,65.0
3303,18,16,2021-01-03,1,120.0
3304,10,17,2021-01-04,1,40.0
3305,23,5,2021-01-04,1,350.0
3306,77,23,2021-01-04,1,15.0
3307,41,22,2021-01-04,1,28.0
3308,27,1,2021-01-04,2,2400.0
3309,17,16,2021-01-04,1,120.0
3310,63,19,2021-01-04,2,40.0
3311,12,25,2021-01-05,2,60.0
3312,20,25,2021-01-05,7,210.0
3313,98,15,2021-01-05,1,180.0
3314,21,27,2021-01-06,1,40.0
3315,85,22,2021-01-06,2,56.0
3316,59,26,2021-01-06,1,35.0
3317,54,8,2021-01-06,1,500.0
3318,53,30,2021-01-06,10,500.0
3319,15,18,2021-01-06,1,50.0
3320,99,11,2021-01-07,1,800.0
3321,6,30,2021-01-07,2,100.0
3322,59,23,2021-01-07,1,15.0
3323,94,4,2021-01-07,3,360.0
3324,8,12,2021-01-08,1,65.0
3325,5,13,2021-01-08,1,50.0
3326,88,1,2021-01-09,1,1200.0
3327,65,24,2021-01-09,2,70.0
3328,32,18,2021-01-09,1,50.0
3329,26,8,2021-01-10,1,500.0
3330,1,20,2021-01-10,1,25.0
3331,95,26,2021-01-11,1,35.0
3332,38,24,2021-01-11,1,35.0
3333,31,13,2021-01-11,1,50.0
3334,71,27,2021-01-11,2,80.0
3335,33,29,2021-01-11,2,76.0
3336,9,20,2021-01-12,1,25.0
3337,41,4,2021-01-12,2,240.0
3338,19,3,2021-01-13,1,55.0
3339,36,6,2021-01-13,1,80.0
3340,49,23,2021-01-13,4,60.0
3341,40,2,2021-01-13,11,385.0
3342,15,12,2021-01-14,1,65.0
3343,85,13,2021-01-14,1,50.0
3344,73,20,2021-01-14,1,25.0
3345,70,4,2021-01-14,3,360.0
3346,73,24,2021-01-15,2,70.0
3347,89,28,2021-01-15,1,45.0
3348,57,18,2021-01-15,4,200.0
3349,98,22,2021-01-15,2,56.0
3350,49,24,2021-01-15,4,140.0
3351,11,27,2021-01-16,1,40.0
3352,19,18,2021-01-16,2,100.0
3353,3,12,2021-01-16,1,65.0
3354,8,7,2021-01-16,1,300.0
3355,96,28,2021-01-17,1,45.0
3356,31,10,2021-01-17,1,220.0
3357,25,29,2021-01-18,3,114.0
3358,42,29,2021-01-19,3,114.0
3359,84,1,2021-01-19,1,1200.0
3360,94,7,2021-01-20,1,300.0
3361,63,22,2021-01-20,2,56.0
3362,9,12,2021-01-20,2,130.0
3363,46,7,2021-01-20,1,300.0
3364,36,2,2021-01-20,2,70.0
3365,42,12,2021-01-21,8,520.0
3366,73,23,2021-01-21,1,15.0
3367,75,12,2021-01-22,1,65.0
3368,87,8,2021-01-22,1,500.0
3369,80,1,2021-01-23,1,1200.0
3370,45,30,2021-01-23,1,50.0
3371,63,20,2021-01-23,1,25.0
3372,13,22,2021-01-23,1,28.0
3373,76,11,2021-01-24,1,800.0
3374,2,5,2021-01-24,1,350.0
3375,72,9,2021-01-24,1,180.0
3376,31,10,2021-01-24,1,220.0
3377,64,8,2021-01-25,1,500.0
3378,61,22,2021-01-25,2,56.0
3379,37,10,2021-01-25,3,660.0
3380,92,20,2021-01-25,1,25.0
3381,41,4,2021-01-26,10,1200.0
3382,83,3,2021-01-26,2,110.0
3383,93,24,2021-01-27,1,35.0
3384,83,25,2021-01-27,1,30.0
3385,69,6,2021-01-27,10,800.0
3386,92,11,2021-01-27,1,800.0
3387,47,29,2021-01-27,1,38.0
3388,100,20,2021-01-28,1,25.0
3389,61,27,2021-01-28,2,80.0
3390,34,29,2021-01-29,2,76.0
3391,45,13,2021-01-29,1,50.0
3392,59,21,2021-01-29,1,15.0
3393,74,1,2021-01-29,2,2400.0
3394,21,24,2021-01-29,1,35.0
3395,74,25,2021-01-30,1,30.0
3396,54,25,2021-01-30,1,30.0
3397,99,9,2021-02-01,7,1260.0
3398,80,7,2021-02-01,1,300.0
3399,23,30,2021-02-01,1,50.0
3400,94,8,2021-02-01,1,500.0
3401,49,11,2021-02-01,1,800.0
3402,40,22,2021-02-02,1,28.0
3403,79,9,2021-02-02,1,180.0
3404,8,15,2021-02-02,1,180.0
3405,65,9,2021-02-03,1,180.0
3406,44,19,2021-02-03,5,100.0
3407,7,9,2021-02-03,3,540.0
3408,54,6,2021-02-03,1,80.0
3409,64,3,2021-02-04,1,55.0
3410,95,22,2021-02-04,1,28.0
3411,21,22,2021-02-04,1,28.0
3412,100,5,2021-02-04,3,1050.0
3413,90,27,2021-02-05,1,40.0
3414,51,18,2021-02-05,1,50.0
3415,20,11,2021-02-05,1,800.0
3416,29,13,2021-02-05,2,100.0
3417,14,23,2021-02-05,1,15.0
3418,56,20,2021-02-05,1,25.0
3419,6,18,2021-02-06,1,50.0
3420,43,18,2021-02-06,1,50.0
3421,47,25,2021-02-06,1,30.0
3422,11,18,2021-02-07,1,50.0
3423,45,5,2021-02-07,4,1400.0
3424,50,17,2021-02-07,1,40.0
3425,32,19,2021-02-08,2,40.0
3426,89,16,2021-02-08,3,360.0
3427,35,7,2021-02-08,1,300.0
3428,97,14,2021-02-08,1,70.0
3429,78,20,2021-02-09,1,25.0
3430,75,22,2021-02-10,1,28.0
3431,84,23,2021-02-11,1,15.0
3432,18,8,2021-02-11,1,500.0
3433,81,17,2021-02-11,1,40.0
3434,33,22,2021-02-11,1,28.0
3435,82,26,2021-02-11,2,70.0
3436,5,17,2021-02-11,1,40.0
3437,37,29,2021-02-12,3,114.0
3438,15,21,2021-02-12,1,15.0
3439,43,1,2021-02-12,3,3600.0
3440,15,19,2021-02-13,9,180.0
3441,90,13,2021-02-13,2,100.0
3442,40,19,2021-02-13,1,20.0
3443,83,16,2021-02-13,1,120.0
3444,78,13,2021-02-14,9,450.0
3445,24,23,2021-02-14,3,45.0
3446,45,7,2021-02-14,1,300.0
3447,67,9,2021-02-14,1,180.0
3448,95,6,2021-02-14,3,240.0
3449,55,26,2021-02-14,1,35.0
3450,3,10,2021-02-15,1,220.0
3451,45,24,2021-02-15,8,280.0
3452,60,28,2021-02-15,2,90.0
3453,30,28,2021-02-15,1,45.0
3454,92,12,2021-02-15,2,130.0
3455,16,15,2021-02-15,1,180.0
3456,37,29,2021-02-15,1,38.0
3457,34,23,2021-02-16,1,15.0
3458,20,25,2021-02-16,2,60.0
3459,17,17,2021-02-16,3,120.0
3460,29,14,2021-02-17,1,70.0
3461,36,2,2021-02-17,1,35.0
3462,37,6,2021-02-17,2,160.0
3463,13,29,2021-02-17,1,38.0
3464,83,26,2021-02-18,1,35.0
3465,48,16,2021-02-18,1,120.0
3466,16,18,2021-02-18,1,50.0
3467,59,15,2021-02-18,1,180.0
3468,58,1,2021-02-18,2,2400.0
3469,4,14,2021-02-18,1,70.0
3470,25,2,2021-02-19,1,35.0
3471,86,16,2021-02-19,1,120.0
3472,100,29,2021-02-20,1,38.0
3473,19,15,2021-02-20,1,180.0
3474,68,27,2021-02-20,2,80.0
3475,54,13,2021-02-20,3,150.0
3476,78,19,2021-02-21,1,20.0
3477,95,22,2021-02-21,1,28.0
3478,68,23,2021-02-22,1,15.0
3479,55,25,2021-02-22,1,30.0
3480,94,21,2021-02-22,3,45.0
3481,29,29,2021-02-23,1,38.0
3482,33,28,2021-02-23,1,45.0
3483,96,15,2021-02-23,1,180.0
3484,30,13,2021-02-24,1,50.0
3485,76,24,2021-02-24,1,35.0
3486,11,2,2021-02-25,1,35.0
3487,7,6,2021-02-26,2,160.0
3488,14,19,2021-02-26,1,20.0
3489,84,8,2021-02-26,1,500.0
3490,23,19,2021-02-26,1,20.0
3491,71,22,2021-02-26,3,84.0
3492,56,30,2021-02-27,1,50.0
3493,87,17,2021-02-27,3,120.0
3494,66,5,2021-02-27,1,350.0
3495,43,20,2021-02-28,2,50.0
3496,60,11,2021-02-28,1,800.0
3497,62,4,2021-02-28,1,120.0
3498,47,11,2021-02-28,1,800.0
3499,85,12,2021-02-28,1,65.0
3500,55,27,2021-03-01,3,120.0
3501,85,9,2021-03-01,3,540.0
3502,61,26,2021-03-01,1,35.0
3503,23,24,2021-03-02,1,35.0
3504,37,8,2021-03-02,1,500.0
3505,47,17,2021-03-02,10,400.0
3506,95,2,2021-03-02,1,35.0
3507,82,16,2021-03-03,2,240.0
3508,67,16,2021-03-03,3,360.0
3509,11,26,2021-03-03,1,35.0
3510,31,27,2021-03-03,1,40.0
3511,27,16,2021-03-03,1,120.0
3512,9,23,2021-03-03,1,15.0
3513,95,15,2021-03-03,4,720.0
3514,11,2,2021-03-03,3,105.0
3515,78,4,2021-03-03,3,360.0
3516,32,9,2021-03-04,2,360.0
3517,34,26,2021-03-04,1,35.0
3518,43,3,2021-03-04,3,165.0
3519,89,3,2021-03-04,3,165.0
3520,100,20,2021-03-05,1,25.0
3521,83,25,2021-03-05,1,30.0
3522,63,2,2021-03-06,1,35.0
3523,100,6,2021-03-06,7,560.0
3524,47,27,2021-03-07,1,40.0
3525,14,4,2021-03-07,2,240.0
3526,55,3,2021-03-07,1,55.0
3527,92,4,2021-03-08,1,120.0
3528,40,25,2021-03-08,1,30.0
3529,69,28,2021-03-08,5,225.0
3530,73,25,2021-03-08,2,60.0
3531,6,19,2021-03-08,1,20.0
3532,27,8,2021-03-08,1,500.0
3533,4,29,2021-03-09,1,38.0
3534,11,27,2021-03-09,2,80.0
3535,82,9,2021-03-09,3,540.0
3536,30,8,2021-03-09,1,500.0
3537,88,10,2021-03-10,4,880.0
3538,46,15,2021-03-11,1,180.0
3539,46,17,2021-03-11,3,120.0
3540,82,5,2021-03-12,1,350.0
3541,27,20,2021-03-12,1,25.0
3542,87,5,2021-03-12,4,1400.0
3543,45,8,2021-03-12,3,1500.0
3544,99,19,2021-03-12,2,40.0
3545,78,4,2021-03-12,1,120.0
3546,29,26,2021-03-12,1,35.0
3547,16,28,2021-03-13,1,45.0
3548,97,2,2021-03-13,2,70.0
3549,72,7,2021-03-14,1,300.0
3550,14,1,2021-03-14,6,7200.0
3551,28,26,2021-03-14,3,105.0
3552,72,26,2021-03-14,1,35.0
3553,48,9,2021-03-15,2,360.0
3554,61,21,2021-03-15,1,15.0
3555,60,30,2021-03-16,2,100.0
3556,62,1,2021-03-16,1,1200.0
3557,97,28,2021-03-16,2,90.0
3558,38,19,2021-03-17,1,20.0
3559,99,16,2021-03-18,3,360.0
3560,92,30,2021-03-18,3,150.0
3561,19,14,2021-03-18,3,210.0
3562,40,19,2021-03-19,1,20.0
3563,18,22,2021-03-19,1,28.0
3564,16,17,2021-03-19,4,160.0
3565,99,29,2021-03-20,2,76.0
3566,62,14,2021-03-20,4,280.0
3567,63,30,2021-03-20,1,50.0
3568,58,5,2021-03-20,1,350.0
3569,98,15,2021-03-20,2,360.0
3570,7,16,2021-03-21,2,240.0
3571,13,23,2021-03-21,1,15.0
3572,27,6,2021-03-21,1,80.0
3573,20,13,2021-03-22,8,400.0
3574,63,8,2021-03-22,1,500.0
3575,59,4,2021-03-22,1,120.0
3576,36,6,2021-03-23,1,80.0
3577,9,7,2021-03-24,1,300.0
3578,60,28,2021-03-24,5,225.0
3579,92,8,2021-03-24,2,1000.0
3580,67,8,2021-03-24,1,500.0
3581,35,17,2021-03-25,5,200.0
3582,75,13,2021-03-25,1,50.0
3583,63,4,2021-03-25,1,120.0
3584,44,21,2021-03-26,4,60.0
3585,13,29,2021-03-26,1,38.0
3586,4,16,2021-03-26,2,240.0
3587,17,22,2021-03-27,1,28.0
3588,22,25,2021-03-27,5,150.0
3589,66,1,2021-03-27,1,1200.0
3590,63,6,2021-03-27,1,80.0
3591,98,29,2021-03-28,1,38.0
3592,44,1,2021-03-28,7,8400.0
3593,100,20,2021-03-28,1,25.0
3594,33,9,2021-03-29,5,900.0
3595,34,5,2021-03-29,4,1400.0
3596,51,16,2021-03-29,3,360.0
3597,68,13,2021-03-29,4,200.0
3598,69,7,2021-03-30,1,300.0
3599,94,24,2021-03-30,1,35.0
3600,65,7,2021-03-30,5,1500.0
3601,27,25,2021-03-30,4,120.0
3602,86,23,2021-03-30,3,45.0
3603,56,1,2021-03-30,1,1200.0
3604,58,17,2021-03-30,1,40.0
3605,16,30,2021-03-31,1,50.0
3606,66,11,2021-03-31,2,1600.0
3607,9,8,2021-03-31,1,500.0
3608,7,7,2021-03-31,1,300.0
3609,52,12,2021-04-01,1,65.0
3610,31,21,2021-04-02,1,15.0
3611,19,30,2021-04-02,4,200.0
3612,45,10,2021-04-02,1,220.0
3613,58,15,2021-04-02,6,1080.0
3614,8,2,2021-04-02,1,35.0
3615,8,12,2021-04-02,2,130.0
3616,80,21,2021-04-03,1,15.0
3617,78,10,2021-04-03,1,220.0
3618,26,30,2021-04-03,2,100.0
3619,50,18,2021-04-03,10,500.0
3620,48,22,2021-04-04,1,28.0
3621,27,21,2021-04-04,1,15.0
3622,21,26,2021-04-04,1,35.0
3623,62,15,2021-04-04,3,540.0
3624,16,27,2021-04-04,2,80.0
3625,9,28,2021-04-05,5,225.0
3626,37,22,2021-04-05,1,28.0
3627,87,11,2021-04-05,6,4800.0
3628,73,22,2021-04-05,1,28.0
3629,54,4,2021-04-06,4,480.0
3630,51,3,2021-04-06,5,275.0
3631,24,5,2021-04-06,3,1050.0
3632,10,29,2021-04-06,1,38.0
3633,9,8,2021-04-06,3,1500.0
3634,12,4,2021-04-06,2,240.0
3635,54,7,2021-04-06,3,900.0
3636,73,29,2021-04-06,23,874.0
3637,33,24,2021-04-07,1,35.0
3638,48,14,2021-04-07,4,280.0
3639,52,30,2021-04-08,2,100.0
3640,68,10,2021-04-08,2,440.0
3641,31,7,2021-04-08,22,6600.0
3642,30,21,2021-04-09,1,15.0
3643,81,20,2021-04-09,3,75.0
3644,3,30,2021-04-09,5,250.0
3645,40,23,2021-04-09,1,15.0
3646,22,16,2021-04-10,1,120.0
3647,41,1,2021-04-10,1,1200.0
3648,25,13,2021-04-11,1,50.0
3649,19,22,2021-04-11,1,28.0
3650,52,1,2021-04-11,3,3600.0
3651,37,24,2021-04-11,2,70.0
3652,12,6,2021-04-11,4,320.0
3653,38,23,2021-04-11,1,15.0
3654,19,4,2021-04-11,1,120.0
3655,27,21,2021-04-11,1,15.0
3656,36,5,2021-04-12,2,700.0
3657,53,10,2021-04-12,2,440.0
3658,17,19,2021-04-12,1,20.0
3659,59,23,2021-04-12,5,75.0
3660,7,12,2021-04-12,4,260.0
3661,69,1,2021-04-12,2,2400.0
3662,11,29,2021-04-13,19,722.0
3663,52,21,2021-04-13,1,15.0
3664,52,8,2021-04-14,1,500.0
3665,96,27,2021-04-14,1,40.0
3666,31,13,2021-04-14,3,150.0
3667,55,2,2021-04-15,7,245.0
3668,31,23,2021-04-15,1,15.0
3669,32,4,2021-04-16,1,120.0
3670,66,6,2021-04-17,1,80.0
3671,20,2,2021-04-17,1,35.0
3672,28,11,2021-04-17,3,2400.0
3673,95,9,2021-04-17,1,180.0
3674,49,16,2021-04-18,1,120.0
3675,97,9,2021-04-18,2,360.0
3676,44,6,2021-04-19,3,240.0
3677,77,10,2021-04-19,1,220.0
3678,82,17,2021-04-19,4,160.0
3679,72,2,2021-04-19,6,210.0
3680,14,14,2021-04-19,1,70.0
3681,39,5,2021-04-20,6,2100.0
3682,15,22,2021-04-20,2,56.0
3683,93,7,2021-04-20,3,900.0
3684,26,12,2021-04-20,1,65.0
3685,39,30,2021-04-20,3,150.0
3686,2,28,2021-04-20,2,90.0
3687,73,30,2021-04-21,1,50.0
3688,29,8,2021-04-21,1,500.0
3689,40,3,2021-04-21,1,55.0
3690,50,27,2021-04-21,1,40.0
3691,68,23,2021-04-22,1,15.0
3692,65,20,2021-04-22,2,50.0
3693,21,28,2021-04-23,5,225.0
3694,83,11,2021-04-23,3,2400.0
3695,8,26,2021-04-23,3,105.0
3696,22,14,2021-04-23,4,280.0
3697,62,11,2021-04-24,1,800.0
3698,69,11,2021-04-24,4,3200.0
3699,16,25,2021-04-25,1,30.0
3700,96,10,2021-04-25,1,220.0
3701,11,3,2021-04-26,7,385.0
3702,67,28,2021-04-26,5,225.0
3703,15,27,2021-04-26,2,80.0
3704,30,12,2021-04-26,3,195.0
3705,9,16,2021-04-26,7,840.0
3706,77,16,2021-04-27,3,360.0
3707,64,24,2021-04-27,17,595.0
3708,69,28,2021-04-27,3,135.0
3709,22,13,2021-04-28,1,50.0
3710,52,27,2021-04-28,4,160.0
3711,34,23,2021-04-29,5,75.0
3712,95,26,2021-04-29,1,35.0
3713,61,5,2021-04-29,1,350.0
3714,98,18,2021-04-29,5,250.0
3715,14,14,2021-04-29,4,280.0
3716,72,27,2021-04-30,1,40.0
3717,52,20,2021-04-30,1,25.0
3718,22,22,2021-05-01,1,28.0
3719,60,20,2021-05-01,6,150.0
3720,22,28,2021-05-02,1,45.0
3721,5,30,2021-05-02,3,150.0
3722,60,10,2021-05-03,5,1100.0
3723,2,22,2021-05-03,5,140.0
3724,37,10,2021-05-04,1,220.0
3725,4,4,2021-05-04,1,120.0
3726,58,29,2021-05-04,1,38.0
3727,89,3,2021-05-05,2,110.0
3728,70,5,2021-05-05,2,700.0
3729,16,23,2021-05-05,1,15.0
3730,34,13,2021-05-05,4,200.0
3731,76,11,2021-05-05,2,1600.0
3732,72,23,2021-05-06,1,15.0
3733,7,18,2021-05-06,1,50.0
3734,83,7,2021-05-06,2,600.0
3735,33,8,2021-05-06,5,2500.0
3736,67,4,2021-05-06,2,240.0
3737,47,22,2021-05-07,1,28.0
3738,38,28,2021-05-07,3,135.0
3739,87,28,2021-05-08,4,180.0
3740,89,8,2021-05-08,1,500.0
3741,38,14,2021-05-08,3,210.0
3742,94,22,2021-05-08,1,28.0
3743,7,10,2021-05-09,2,440.0
3744,7,3,2021-05-09,1,55.0
3745,48,4,2021-05-09,1,120.0
3746,8,27,2021-05-10,1,40.0
3747,27,23,2021-05-11,6,90.0
3748,61,15,2021-05-11,1,180.0
3749,91,20,2021-05-11,5,125.0
3750,97,19,2021-05-11,3,60.0
3751,81,7,2021-05-11,4,1200.0
3752,97,21,2021-05-11,3,45.0
3753,50,10,2021-05-12,4,880.0
3754,35,24,2021-05-12,3,105.0
3755,4,28,2021-05-12,1,45.0
3756,32,20,2021-05-12,1,25.0
3757,95,7,2021-05-12,5,1500.0
3758,11,2,2021-05-12,1,35.0
3759,46,6,2021-05-12,3,240.0
3760,18,10,2021-05-13,1,220.0
3761,28,21,2021-05-14,1,15.0
3762,73,26,2021-05-14,1,35.0
3763,51,12,2021-05-14,1,65.0
3764,46,21,2021-05-14,2,30.0
3765,20,27,2021-05-15,1,40.0
3766,73,12,2021-05-15,2,130.0
3767,24,25,2021-05-16,2,60.0
3768,73,12,2021-05-16,2,130.0
3769,72,28,2021-05-16,1,45.0
3770,84,4,2021-05-16,1,120.0
3771,68,8,2021-05-17,1,500.0
3772,19,13,2021-05-17,2,100.0
3773,78,6,2021-05-18,4,320.0
3774,89,20,2021-05-18,2,50.0
3775,60,21,2021-05-18,3,45.0
3776,51,21,2021-05-18,2,30.0
3777,28,14,2021-05-19,1,70.0
3778,1,24,2021-05-19,1,35.0
3779,4,17,2021-05-19,11,440.0
3780,94,25,2021-05-20,2,60.0
3781,3,19,2021-05-21,1,20.0
3782,13,30,2021-05-21,3,150.0
3783,28,16,2021-05-22,2,240.0
3784,51,20,2021-05-22,1,25.0
3785,89,23,2021-05-22,1,15.0
3786,11,2,2021-05-24,6,210.0
3787,89,19,2021-05-24,2,40.0
3788,76,14,2021-05-24,1,70.0
3789,59,21,2021-05-24,1,15.0
3790,71,23,2021-05-24,1,15.0
3791,35,12,2021-05-24,19,1235.0
3792,92,24,2021-05-25,6,210.0
3793,49,17,2021-05-25,4,160.0
3794,91,14,2021-05-26,1,70.0
3795,3,26,2021-05-27,16,560.0
3796,63,15,2021-05-27,1,180.0
3797,5,23,2021-05-28,3,45.0
3798,38,28,2021-05-28,6,270.0
3799,53,10,2021-05-28,1,220.0
3800,55,9,2021-05-29,2,360.0
3801,22,7,2021-05-29,1,300.0
3802,70,5,2021-05-29,1,350.0
3803,63,22,2021-05-29,2,56.0
3804,100,8,2021-05-29,2,1000.0
3805,89,21,2021-05-29,5,75.0
3806,57,28,2021-05-30,2,90.0
3807,4,11,2021-05-30,1,800.0
3808,3,9,2021-05-30,2,360.0
3809,33,3,2021-05-31,4,220.0
3810,98,7,2021-06-01,1,300.0
3811,41,14,2021-06-01,3,210.0
3812,58,17,2021-06-01,1,40.0
3813,17,9,2021-06-01,3,540.0
3814,85,25,2021-06-02,1,30.0
3815,9,15,2021-06-02,2,360.0
3816,81,11,2021-06-02,1,800.0
3817,73,4,2021-06-02,1,120.0
3818,96,3,2021-06-02,1,55.0
3819,17,28,2021-06-03,1,45.0
3820,95,7,2021-06-03,5,1500.0
3821,65,19,2021-06-03,3,60.0
3822,1,20,2021-06-04,1,25.0
3823,13,6,2021-06-04,1,80.0
3824,85,1,2021-06-04,1,1200.0
3825,15,5,2021-06-04,6,2100.0
3826,44,7,2021-06-04,1,300.0
3827,7,5,2021-06-04,1,350.0
3828,65,26,2021-06-05,1,35.0
3829,81,2,2021-06-05,2,70.0
3830,95,20,2021-06-05,4,100.0
3831,70,16,2021-06-06,3,360.0
3832,20,10,2021-06-07,1,220.0
3833,50,23,2021-06-07,1,15.0
3834,3,3,2021-06-07,1,55.0
3835,13,1,2021-06-07,7,8400.0
3836,31,18,2021-06-07,2,100.0
3837,48,18,2021-06-07,4,200.0
3838,25,30,2021-06-07,4,200.0
3839,88,12,2021-06-08,1,65.0
3840,84,16,2021-06-08,1,120.0
3841,20,28,2021-06-09,2,90.0
3842,68,10,2021-06-10,6,1320.0
3843,64,26,2021-06-10,1,35.0
3844,8,5,2021-06-10,6,2100.0
3845,72,18,2021-06-10,5,250.0
3846,43,30,2021-06-11,2,100.0
3847,47,7,2021-06-11,3,900.0
3848,35,26,2021-06-12,1,35.0
3849,8,6,2021-06-14,1,80.0
3850,38,15,2021-06-14,1,180.0
3851,16,12,2021-06-15,8,520.0
3852,43,13,2021-06-15,3,150.0
3853,43,25,2021-06-15,13,390.0
3854,38,22,2021-06-16,1,28.0
3855,64,12,2021-06-16,6,390.0
3856,12,8,2021-06-16,23,11500.0
3857,86,25,2021-06-16,7,210.0
3858,100,10,2021-06-16,3,660.0
3859,45,19,2021-06-17,1,20.0
3860,66,12,2021-06-17,2,130.0
3861,33,10,2021-06-17,1,220.0
3862,88,20,2021-06-17,4,100.0
3863,51,27,2021-06-17,10,400.0
3864,58,29,2021-06-17,1,38.0
3865,52,18,2021-06-17,5,250.0
3866,99,13,2021-06-18,3,150.0
3867,30,16,2021-06-18,3,360.0
3868,40,28,2021-06-18,1,45.0
3869,11,26,2021-06-18,1,35.0
3870,95,24,2021-06-18,3,105.0
3871,70,8,2021-06-19,2,1000.0
3872,66,22,2021-06-19,2,56.0
3873,62,29,2021-06-19,1,38.0
3874,98,14,2021-06-20,2,140.0
3875,13,24,2021-06-20,2,70.0
3876,80,4,2021-06-20,5,600.0
3877,62,13,2021-06-21,1,50.0
3878,2,13,2021-06-21,1,50.0
3879,85,22,2021-06-22,6,168.0
3880,8,16,2021-06-22,1,120.0
3881,62,5,2021-06-23,1,350.0
3882,12,12,2021-06-23,2,130.0
3883,100,16,2021-06-25,4,480.0
3884,47,6,2021-06-25,4,320.0
3885,57,21,2021-06-25,6,90.0
3886,84,18,2021-06-26,1,50.0
3887,45,11,2021-06-26,1,800.0
3888,37,14,2021-06-26,5,350.0
3889,91,15,2021-06-27,1,180.0
3890,56,13,2021-06-27,4,200.0
3891,41,7,2021-06-28,2,600.0
3892,26,5,2021-06-28,3,1050.0
3893,76,15,2021-06-28,1,180.0
3894,91,2,2021-06-28,1,35.0
3895,66,30,2021-06-29,2,100.0
3896,25,3,2021-06-29,16,880.0
3897,32,28,2021-06-30,29,1305.0
3898,27,14,2021-06-30,1,70.0
3899,57,19,2021-07-01,2,40.0
3900,93,25,2021-07-01,1,30.0
3901,34,12,2021-07-01,1,65.0
3902,13,23,2021-07-02,1,15.0
3903,12,18,2021-07-02,2,100.0
3904,17,5,2021-07-02,2,700.0
3905,46,3,2021-07-02,2,110.0
3906,24,24,2021-07-03,1,35.0
3907,97,9,2021-07-03,1,180.0
3908,46,4,2021-07-03,1,120.0
3909,26,11,2021-07-03,11,8800.0
3910,27,14,2021-07-04,1,70.0
3911,8,25,2021-07-04,1,30.0
3912,91,20,2021-07-05,10,250.0
3913,90,22,2021-07-05,2,56.0
3914,18,20,2021-07-05,2,50.0
3915,94,16,2021-07-05,1,120.0
3916,62,11,2021-07-05,1,800.0
3917,79,20,2021-07-06,1,25.0
3918,95,21,2021-07-06,10,150.0
3919,34,16,2021-07-06,11,1320.0
3920,48,4,2021-07-07,3,360.0
3921,99,14,2021-07-07,2,140.0
3922,65,22,2021-07-08,2,56.0
3923,50,24,2021-07-08,5,175.0
3924,83,18,2021-07-08,1,50.0
3925,14,30,2021-07-08,3,150.0
3926,36,14,2021-07-08,2,140.0
3927,37,14,2021-07-09,2,140.0
3928,63,22,2021-07-09,1,28.0
3929,22,28,2021-07-09,4,180.0
3930,14,12,2021-07-09,4,260.0
3931,14,17,2021-07-10,1,40.0
3932,82,27,2021-07-11,1,40.0
3933,8,26,2021-07-11,1,35.0
3934,97,12,2021-07-11,2,130.0
3935,73,15,2021-07-11,2,360.0
3936,2,30,2021-07-12,3,150.0
3937,52,20,2021-07-12,1,25.0
3938,58,3,2021-07-13,2,110.0
3939,78,7,2021-07-13,2,600.0
3940,50,24,2021-07-13,2,70.0
3941,24,13,2021-07-13,1,50.0
3942,25,16,2021-07-13,1,120.0
3943,29,3,2021-07-14,1,55.0
3944,57,15,2021-07-14,6,1080.0
3945,19,9,2021-07-14,2,360.0
3946,82,5,2021-07-14,2,700.0
3947,69,21,2021-07-14,2,30.0
3948,70,1,2021-07-14,1,1200.0
3949,32,16,2021-07-15,4,480.0
3950,64,14,2021-07-15,1,70.0
3951,79,18,2021-07-16,1,50.0
3952,63,28,2021-07-16,4,180.0
3953,54,28,2021-07-17,1,45.0
3954,61,11,2021-07-17,2,1600.0
3955,6,7,2021-07-18,1,300.0
3956,34,4,2021-07-18,2,240.0
3957,6,15,2021-07-19,2,360.0
3958,84,17,2021-07-19,1,40.0
3959,99,29,2021-07-19,2,76.0
3960,18,21,2021-07-19,1,15.0
3961,58,12,2021-07-20,1,65.0
3962,74,11,2021-07-21,6,4800.0
3963,17,26,2021-07-21,1,35.0
3964,2,28,2021-07-21,1,45.0
3965,10,16,2021-07-21,1,120.0
3966,13,12,2021-07-22,1,65.0
3967,64,28,2021-07-22,1,45.0
3968,22,30,2021-07-22,1,50.0
3969,76,8,2021-07-23,3,1500.0
3970,17,9,2021-07-23,3,540.0
3971,91,13,2021-07-23,3,150.0
3972,54,25,2021-07-24,1,30.0
3973,95,5,2021-07-24,1,350.0
3974,11,18,2021-07-24,3,150.0
3975,91,8,2021-07-24,1,500.0
3976,86,28,2021-07-25,2,90.0
3977,44,27,2021-07-25,2,80.0
3978,26,9,2021-07-26,3,540.0
3979,76,14,2021-07-26,2,140.0
3980,58,29,2021-07-26,1,38.0
3981,86,1,2021-07-26,2,2400.0
3982,50,9,2021-07-27,2,360.0
3983,25,15,2021-07-27,1,180.0
3984,14,6,2021-07-28,1,80.0
3985,84,25,2021-07-28,1,30.0
3986,99,11,2021-07-29,1,800.0
3987,81,13,2021-07-29,2,100.0
3988,29,28,2021-07-29,1,45.0
3989,54,20,2021-07-30,1,25.0
3990,100,7,2021-07-30,10,3000.0
3991,97,19,2021-07-30,1,20.0
3992,4,6,2021-07-30,3,240.0
3993,67,25,2021-07-30,6,180.0
3994,1,25,2021-07-30,4,120.0
3995,55,21,2021-07-30,6,90.0
3996,10,20,2021-07-30,5,125.0
3997,41,14,2021-07-31,2,140.0
3998,49,17,2021-07-31,4,160.0
3999,92,20,2021-07-31,3,75.0
4000,53,5,2021-07-31,1,350.0
4001,31,22,2021-08-01,5,140.0
4002,67,10,2021-08-01,2,440.0
4003,9,27,2021-08-02,10,400.0
4004,93,4,2021-08-03,3,360.0
4005,71,9,2021-08-03,1,180.0
4006,47,19,2021-08-03,1,20.0
4007,52,23,2021-08-04,1,15.0
4008,83,19,2021-08-04,3,60.0
4009,13,6,2021-08-04,1,80.0
4010,86,22,2021-08-04,2,56.0
4011,86,3,2021-08-05,5,275.0
4012,85,9,2021-08-06,5,900.0
4013,59,14,2021-08-07,1,70.0
4014,70,3,2021-08-07,4,220.0
4015,18,23,2021-08-07,2,30.0
4016,95,12,2021-08-07,7,455.0
4017,26,18,2021-08-08,1,50.0
4018,18,10,2021-08-08,3,660.0
4019,29,30,2021-08-08,2,100.0
4020,66,4,2021-08-08,1,120.0
4021,61,15,2021-08-09,1,180.0
4022,85,2,2021-08-09,1,35.0
4023,45,24,2021-08-10,3,105.0
4024,38,23,2021-08-10,1,15.0
4025,52,3,2021-08-10,2,110.0
4026,93,3,2021-08-10,2,110.0
4027,29,30,2021-08-11,1,50.0
4028,19,3,2021-08-11,3,165.0
4029,81,6,2021-08-11,3,240.0
4030,68,12,2021-08-11,1,65.0
4031,98,20,2021-08-11,5,125.0
4032,54,27,2021-08-12,2,80.0
4033,91,14,2021-08-12,1,70.0
4034,75,20,2021-08-13,2,50.0
4035,81,6,2021-08-13,3,240.0
4036,22,30,2021-08-14,2,100.0
4037,36,30,2021-08-14,1,50.0
4038,67,25,2021-08-14,1,30.0
4039,46,19,2021-08-15,1,20.0
4040,6,9,2021-08-15,3,540.0
4041,28,23,2021-08-15,1,15.0
4042,91,4,2021-08-15,7,840.0
4043,21,3,2021-08-16,1,55.0
4044,68,8,2021-08-16,4,2000.0
4045,49,22,2021-08-17,4,112.0
4046,37,14,2021-08-17,1,70.0
4047,79,3,2021-08-17,1,55.0
4048,58,6,2021-08-18,2,160.0
4049,12,18,2021-08-18,2,100.0
4050,97,30,2021-08-18,1,50.0
4051,67,4,2021-08-18,1,120.0
4052,100,2,2021-08-19,3,105.0
4053,67,20,2021-08-20,1,25.0
4054,89,27,2021-08-21,4,160.0
4055,19,13,2021-08-21,1,50.0
4056,3,5,2021-08-21,2,700.0
4057,11,28,2021-08-21,2,90.0
4058,81,29,2021-08-21,1,38.0
4059,47,13,2021-08-21,3,150.0
4060,28,24,2021-08-21,1,35.0
4061,90,22,2021-08-22,1,28.0
4062,7,11,2021-08-23,1,800.0
4063,67,10,2021-08-23,12,2640.0
4064,38,7,2021-08-24,1,300.0
4065,27,7,2021-08-24,1,300.0
4066,56,7,2021-08-24,5,1500.0
4067,51,1,2021-08-25,1,1200.0
4068,30,14,2021-08-25,4,280.0
4069,85,13,2021-08-25,1,50.0
4070,93,9,2021-08-25,1,180.0
4071,18,16,2021-08-25,6,720.0
4072,57,8,2021-08-26,1,500.0
4073,61,25,2021-08-27,4,120.0
4074,44,24,2021-08-27,3,105.0
4075,84,23,2021-08-27,1,15.0
4076,48,14,2021-08-27,3,210.0
4077,32,1,2021-08-27,8,9600.0
4078,45,10,2021-08-27,3,660.0
4079,92,10,2021-08-28,4,880.0
4080,59,23,2021-08-28,1,15.0
4081,86,2,2021-08-28,16,560.0
4082,99,17,2021-08-28,1,40.0
4083,89,1,2021-08-28,3,3600.0
4084,88,8,2021-08-28,1,500.0
4085,57,9,2021-08-28,5,900.0
4086,24,5,2021-08-29,2,700.0
4087,7,3,2021-08-29,2,110.0
4088,69,16,2021-08-29,1,120.0
4089,4,12,2021-08-29,1,65.0
4090,3,20,2021-08-29,1,25.0
4091,61,26,2021-08-30,3,105.0
4092,3,29,2021-08-30,1,38.0
4093,64,17,2021-08-30,1,40.0
4094,14,12,2021-08-30,2,130.0
4095,27,21,2021-08-31,19,285.0
4096,79,7,2021-09-01,6,1800.0
4097,46,23,2021-09-01,1,15.0
4098,74,16,2021-09-01,7,840.0
4099,84,20,2021-09-01,16,400.0
4100,93,10,2021-09-01,1,220.0
4101,4,15,2021-09-02,4,720.0
4102,80,25,2021-09-02,2,60.0
4103,63,18,2021-09-02,4,200.0
4104,18,4,2021-09-03,1,120.0
4105,7,8,2021-09-03,2,1000.0
4106,39,13,2021-09-03,1,50.0
4107,86,6,2021-09-03,6,480.0
4108,94,25,2021-09-03,2,60.0
4109,43,10,2021-09-03,17,3740.0
4110,53,1,2021-09-04,1,1200.0
4111,29,8,2021-09-04,1,500.0
4112,61,5,2021-09-04,1,350.0
4113,37,30,2021-09-04,1,50.0
4114,17,26,2021-09-05,16,560.0
4115,24,24,2021-09-05,2,70.0
4116,78,4,2021-09-05,1,120.0
4117,11,23,2021-09-05,2,30.0
4118,17,18,2021-09-06,1,50.0
4119,56,30,2021-09-06,6,300.0
4120,41,22,2021-09-06,3,84.0
4121,21,29,2021-09-06,1,38.0
4122,10,23,2021-09-06,2,30.0
4123,37,11,2021-09-07,1,800.0
4124,35,11,2021-09-07,3,2400.0
4125,77,5,2021-09-08,1,350.0
4126,72,20,2021-09-08,11,275.0
4127,5,10,2021-09-08,1,220.0
4128,85,4,2021-09-08,5,600.0
4129,21,13,2021-09-08,2,100.0
4130,57,27,2021-09-09,1,40.0
4131,10,30,2021-09-09,4,200.0
4132,80,20,2021-09-09,1,25.0
4133,37,10,2021-09-09,3,660.0
4134,84,9,2021-09-09,2,360.0
4135,97,4,2021-09-09,1,120.0
4136,75,3,2021-09-09,1,55.0
4137,80,14,2021-09-10,8,560.0
4138,96,22,2021-09-10,7,196.0
4139,12,9,2021-09-10,2,360.0
4140,59,25,2021-09-10,1,30.0
4141,36,19,2021-09-10,2,40.0
4142,24,24,2021-09-11,3,105.0
4143,10,20,2021-09-11,2,50.0
4144,51,22,2021-09-11,2,56.0
4145,87,3,2021-09-11,3,165.0
4146,3,27,2021-09-11,2,80.0
4147,18,17,2021-09-11,1,40.0
4148,50,29,2021-09-12,1,38.0
4149,16,17,2021-09-12,3,120.0
4150,97,14,2021-09-12,2,140.0
4151,96,25,2021-09-12,2,60.0
4152,21,14,2021-09-13,1,70.0
4153,24,23,2021-09-13,1,15.0
4154,60,11,2021-09-13,1,800.0
4155,77,11,2021-09-13,1,800.0
4156,85,23,2021-09-14,3,45.0
4157,45,2,2021-09-14,1,35.0
4158,35,17,2021-09-14,1,40.0
4159,64,19,2021-09-14,7,140.0
4160,68,8,2021-09-15,3,1500.0
4161,29,16,2021-09-16,3,360.0
4162,24,6,2021-09-17,2,160.0
4163,75,7,2021-09-17,2,600.0
4164,35,16,2021-09-17,13,1560.0
4165,60,27,2021-09-18,4,160.0
4166,20,2,2021-09-18,1,35.0
4167,31,20,2021-09-18,1,25.0
4168,44,21,2021-09-19,17,255.0
4169,6,5,2021-09-19,19,6650.0
4170,75,9,2021-09-19,8,1440.0
4171,10,24,2021-09-19,6,210.0
4172,27,16,2021-09-19,1,120.0
4173,18,4,2021-09-19,12,1440.0
4174,87,6,2021-09-19,1,80.0
4175,70,16,2021-09-20,3,360.0
4176,6,9,2021-09-20,4,720.0
4177,88,8,2021-09-20,1,500.0
4178,29,4,2021-09-20,3,360.0
4179,16,25,2021-09-21,6,180.0
4180,23,9,2021-09-21,1,180.0
4181,70,10,2021-09-21,1,220.0
4182,69,7,2021-09-21,1,300.0
4183,91,15,2021-09-22,3,540.0
4184,43,29,2021-09-22,7,266.0
4185,39,23,2021-09-22,1,15.0
4186,34,2,2021-09-22,1,35.0
4187,100,19,2021-09-22,2,40.0
4188,57,9,2021-09-22,1,180.0
4189,1,29,2021-09-23,4,152.0
4190,15,4,2021-09-23,3,360.0
4191,27,6,2021-09-23,2,160.0
4192,99,20,2021-09-23,2,50.0
4193,15,5,2021-09-23,3,1050.0
4194,31,14,2021-09-23,1,70.0
4195,68,28,2021-09-23,5,225.0
4196,14,26,2021-09-23,3,105.0
4197,80,21,2021-09-25,1,15.0
4198,15,22,2021-09-25,1,28.0
4199,46,16,2021-09-25,1,120.0
4200,76,29,2021-09-25,2,76.0
4201,99,6,2021-09-26,6,480.0
4202,6,1,2021-09-26,13,15600.0
4203,55,13,2021-09-26,1,50.0
4204,27,27,2021-09-26,1,40.0
4205,96,13,2021-09-26,3,150.0
4206,71,19,2021-09-27,1,20.0
4207,45,24,2021-09-27,4,140.0
4208,58,6,2021-09-27,1,80.0
4209,88,16,2021-09-27,1,120.0
4210,91,26,2021-09-27,4,140.0
4211,50,11,2021-09-28,1,800.0
4212,97,10,2021-09-28,3,660.0
4213,13,8,2021-09-28,3,1500.0
4214,92,4,2021-09-28,1,120.0
4215,13,13,2021-09-28,1,50.0
4216,44,19,2021-09-28,2,40.0
4217,22,10,2021-09-29,2,440.0
4218,75,18,2021-09-29,2,100.0
4219,50,18,2021-09-29,6,300.0
4220,14,4,2021-09-29,5,600.0
4221,14,23,2021-09-29,3,45.0
4222,52,6,2021-09-29,11,880.0
4223,66,29,2021-09-30,3,114.0
4224,37,8,2021-09-30,2,1000.0
4225,6,29,2021-09-30,4,152.0
4226,66,7,2021-09-30,1,300.0
4227,14,9,2021-09-30,7,1260.0
4228,23,18,2021-09-30,5,250.0
4229,68,9,2021-09-30,4,720.0
4230,25,14,2021-10-01,5,350.0
4231,42,6,2021-10-01,1,80.0
4232,69,16,2021-10-01,2,240.0
4233,64,13,2021-10-02,1,50.0
4234,76,25,2021-10-02,1,30.0
4235,42,15,2021-10-02,7,1260.0
4236,13,20,2021-10-02,1,25.0
4237,25,16,2021-10-02,3,360.0
4238,46,4,2021-10-02,1,120.0
4239,22,24,2021-10-03,4,140.0
4240,56,15,2021-10-03,1,180.0
4241,75,14,2021-10-03,1,70.0
4242,44,2,2021-10-03,3,105.0
4243,38,5,2021-10-04,6,2100.0
4244,80,27,2021-10-04,2,80.0
4245,36,30,2021-10-04,12,600.0
4246,48,13,2021-10-06,10,500.0
4247,80,2,2021-10-06,2,70.0
4248,6,19,2021-10-06,1,20.0
4249,44,9,2021-10-06,3,540.0
4250,28,8,2021-10-07,3,1500.0
4251,1,28,2021-10-07,1,45.0
4252,20,27,2021-10-08,5,200.0
4253,41,10,2021-10-08,1,220.0
4254,17,25,2021-10-08,2,60.0
4255,41,1,2021-10-08,2,2400.0
4256,76,14,2021-10-09,5,350.0
4257,37,20,2021-10-09,2,50.0
4258,18,10,2021-10-09,2,440.0
4259,70,9,2021-10-09,10,1800.0
4260,22,30,2021-10-09,1,50.0
4261,4,18,2021-10-09,1,50.0
4262,99,24,2021-10-10,2,70.0
4263,45,29,2021-10-10,5,190.0
4264,11,29,2021-10-10,2,76.0
4265,58,30,2021-10-10,2,100.0
4266,10,14,2021-10-10,1,70.0
4267,4,12,2021-10-10,1,65.0
4268,57,22,2021-10-11,4,112.0
4269,91,9,2021-10-11,3,540.0
4270,70,12,2021-10-11,1,65.0
4271,56,19,2021-10-11,6,120.0
4272,6,25,2021-10-11,11,330.0
4273,27,11,2021-10-11,1,800.0
4274,17,7,2021-10-12,4,1200.0
4275,89,5,2021-10-12,4,1400.0
4276,77,5,2021-10-12,4,1400.0
4277,22,14,2021-10-12,1,70.0
4278,44,8,2021-10-13,1,500.0
4279,81,5,2021-10-13,1,350.0
4280,90,18,2021-10-13,7,350.0
4281,26,14,2021-10-14,4,280.0
4282,84,2,2021-10-14,7,245.0
4283,98,14,2021-10-14,1,70.0
4284,89,5,2021-10-14,1,350.0
4285,33,11,2021-10-14,2,1600.0
4286,56,25,2021-10-15,7,210.0
4287,45,22,2021-10-15,3,84.0
4288,10,7,2021-10-16,1,300.0
4289,82,26,2021-10-16,2,70.0
4290,93,25,2021-10-17,7,210.0
4291,77,11,2021-10-17,6,4800.0
4292,57,23,2021-10-17,1,15.0
4293,75,25,2021-10-17,4,120.0
4294,48,12,2021-10-17,1,65.0
4295,24,14,2021-10-17,1,70.0
4296,85,27,2021-10-18,4,160.0
4297,97,21,2021-10-18,1,15.0
4298,7,27,2021-10-18,3,120.0
4299,58,27,2021-10-18,8,320.0
4300,4,29,2021-10-18,2,76.0
4301,80,15,2021-10-18,6,1080.0
4302,75,15,2021-10-19,3,540.0
4303,78,27,2021-10-20,2,80.0
4304,26,9,2021-10-20,3,540.0
4305,66,8,2021-10-20,8,4000.0
4306,30,17,2021-10-20,1,40.0
4307,71,15,2021-10-20,5,900.0
4308,25,24,2021-10-20,8,280.0
4309,86,6,2021-10-20,9,720.0
4310,26,22,2021-10-20,2,56.0
4311,8,18,2021-10-21,5,250.0
4312,78,28,2021-10-22,1,45.0
4313,58,29,2021-10-22,8,304.0
4314,18,29,2021-10-22,4,152.0
4315,82,16,2021-10-23,1,120.0
4316,30,13,2021-10-23,2,100.0
4317,88,22,2021-10-23,2,56.0
4318,57,18,2021-10-24,2,100.0
4319,22,12,2021-10-24,3,195.0
4320,24,20,2021-10-25,3,75.0
4321,20,18,2021-10-25,8,400.0
4322,78,23,2021-10-25,2,30.0
4323,79,25,2021-10-25,3,90.0
4324,32,22,2021-10-26,10,280.0
4325,47,6,2021-10-26,1,80.0
4326,55,10,2021-10-26,27,5940.0
4327,36,15,2021-10-26,1,180.0
4328,39,16,2021-10-26,3,360.0
4329,85,24,2021-10-26,2,70.0
4330,70,15,2021-10-27,7,1260.0
4331,60,17,2021-10-27,2,80.0
4332,40,26,2021-10-27,4,140.0
4333,79,29,2021-10-28,2,76.0
4334,90,12,2021-10-28,9,585.0
4335,3,28,2021-10-28,3,135.0
4336,83,3,2021-10-28,4,220.0
4337,30,6,2021-10-29,2,160.0
4338,79,26,2021-10-29,4,140.0
4339,71,26,2021-10-29,2,70.0
4340,99,13,2021-10-29,2,100.0
4341,92,12,2021-10-30,1,65.0
4342,22,15,2021-10-30,5,900.0
4343,9,3,2021-10-30,1,55.0
4344,14,19,2021-10-30,1,20.0
4345,85,18,2021-10-30,3,150.0
4346,80,20,2021-10-30,1,25.0
4347,59,14,2021-10-30,1,70.0
4348,83,2,2021-10-30,3,105.0
4349,97,15,2021-10-31,1,180.0
4350,92,15,2021-10-31,2,360.0
4351,7,29,2021-10-31,2,76.0
4352,99,27,2021-10-31,2,80.0
4353,54,19,2021-10-31,5,100.0
4354,5,25,2021-11-01,6,180.0
4355,25,28,2021-11-01,1,45.0
4356,55,26,2021-11-01,22,770.0
4357,5,17,2021-11-02,2,80.0
4358,77,21,2021-11-02,1,15.0
4359,50,11,2021-11-02,6,4800.0
4360,4,19,2021-11-02,8,160.0
4361,90,6,2021-11-03,1,80.0
4362,84,11,2021-11-04,3,2400.0
4363,4,25,2021-11-04,3,90.0
4364,53,22,2021-11-05,1,28.0
4365,15,3,2021-11-05,9,495.0
4366,47,14,2021-11-05,3,210.0
4367,32,28,2021-11-05,4,180.0
4368,7,4,2021-11-05,2,240.0
4369,41,7,2021-11-06,1,300.0
4370,91,9,2021-11-06,3,540.0
4371,58,13,2021-11-06,2,100.0
4372,98,5,2021-11-06,6,2100.0
4373,7,30,2021-11-06,3,150.0
4374,78,30,2021-11-06,15,750.0
4375,43,22,2021-11-08,5,140.0
4376,99,20,2021-11-08,10,250.0
4377,97,20,2021-11-09,12,300.0
4378,63,22,2021-11-09,18,504.0
4379,3,15,2021-11-09,2,360.0
4380,60,30,2021-11-09,8,400.0
4381,44,22,2021-11-09,2,56.0
4382,12,26,2021-11-09,10,350.0
4383,72,20,2021-11-09,4,100.0
4384,74,25,2021-11-09,1,30.0
4385,51,11,2021-11-09,2,1600.0
4386,21,20,2021-11-10,1,25.0
4387,31,30,2021-11-11,8,400.0
4388,65,8,2021-11-11,4,2000.0
4389,30,10,2021-11-11,1,220.0
4390,86,29,2021-11-12,1,38.0
4391,59,17,2021-11-12,6,240.0
4392,4,19,2021-11-12,7,140.0
4393,84,10,2021-11-12,9,1980.0
4394,88,18,2021-11-12,5,250.0
4395,72,24,2021-11-12,9,315.0
4396,84,5,2021-11-12,10,3500.0
4397,89,30,2021-11-13,3,150.0
4398,33,21,2021-11-13,1,15.0
4399,26,15,2021-11-13,1,180.0
4400,42,29,2021-11-13,2,76.0
4401,21,25,2021-11-13,5,150.0
4402,15,8,2021-11-14,4,2000.0
4403,60,22,2021-11-14,6,168.0
4404,22,24,2021-11-15,26,910.0
4405,53,18,2021-11-15,10,500.0
4406,84,1,2021-11-16,7,8400.0
4407,61,7,2021-11-16,9,2700.0
4408,66,25,2021-11-16,3,90.0
4409,81,23,2021-11-17,2,30.0
4410,8,6,2021-11-17,1,80.0
4411,43,12,2021-11-17,2,130.0
4412,10,11,2021-11-17,9,7200.0
4413,86,18,2021-11-17,7,350.0
4414,76,9,2021-11-17,20,3600.0
4415,92,4,2021-11-17,8,960.0
4416,91,28,2021-11-18,2,90.0
4417,70,17,2021-11-18,1,40.0
4418,77,12,2021-11-18,2,130.0
4419,2,7,2021-11-19,5,1500.0
4420,85,5,2021-11-20,5,1750.0
4421,2,29,2021-11-20,3,114.0
4422,93,1,2021-11-20,8,9600.0
4423,64,20,2021-11-21,4,100.0
4424,82,12,2021-11-21,3,195.0
4425,7,25,2021-11-21,2,60.0
4426,2,20,2021-11-22,14,350.0
4427,3,2,2021-11-22,5,175.0
4428,53,2,2021-11-22,7,245.0
4429,34,18,2021-11-22,1,50.0
4430,70,3,2021-11-23,24,1320.0
4431,12,12,2021-11-23,5,325.0
4432,87,25,2021-11-24,3,90.0
4433,36,12,2021-11-24,4,260.0
4434,10,15,2021-11-24,29,5220.0
4435,23,22,2021-11-25,9,252.0
4436,7,24,2021-11-25,3,105.0
4437,15,24,2021-11-25,12,420.0
4438,59,24,2021-11-25,1,35.0
4439,24,28,2021-11-25,2,90.0
4440,90,8,2021-11-26,4,2000.0
4441,68,17,2021-11-26,6,240.0
4442,60,2,2021-11-26,3,105.0
4443,61,8,2021-11-26,2,1000.0
4444,20,9,2021-11-26,6,1080.0
4445,36,11,2021-11-26,6,4800.0
4446,11,21,2021-11-26,10,150.0
4447,68,4,2021-11-26,3,360.0
4448,25,25,2021-11-27,3,90.0
4449,3,13,2021-11-28,2,100.0
4450,98,16,2021-11-28,19,2280.0
4451,35,19,2021-11-28,2,40.0
4452,36,15,2021-11-29,5,900.0
4453,33,27,2021-11-29,2,80.0
4454,87,7,2021-11-30,12,3600.0
4455,12,3,2021-11-30,3,165.0
4456,38,18,2021-12-01,5,250.0
4457,27,7,2021-12-01,4,1200.0
4458,79,8,2021-12-01,2,1000.0
4459,68,12,2021-12-01,3,195.0
4460,72,14,2021-12-02,6,420.0
4461,5,13,2021-12-02,10,500.0
4462,20,27,2021-12-02,1,40.0
4463,64,18,2021-12-02,3,150.0
4464,65,19,2021-12-02,5,100.0
4465,21,14,2021-12-03,2,140.0
4466,22,22,2021-12-03,4,112.0
4467,65,14,2021-12-04,3,210.0
4468,86,20,2021-12-04,1,25.0
4469,46,26,2021-12-04,1,35.0
4470,74,20,2021-12-04,1,25.0
4471,19,4,2021-12-04,1,120.0
4472,79,8,2021-12-05,1,500.0
4473,48,22,2021-12-05,1,28.0
4474,5,12,2021-12-05,3,195.0
4475,47,6,2021-12-05,5,400.0
4476,75,6,2021-12-05,3,240.0
4477,65,16,2021-12-05,1,120.0
4478,14,17,2021-12-05,5,200.0
4479,80,20,2021-12-05,10,250.0
4480,7,13,2021-12-06,6,300.0
4481,21,2,2021-12-06,19,665.0
4482,67,28,2021-12-06,2,90.0
4483,73,7,2021-12-06,2,600.0
4484,9,22,2021-12-07,5,140.0
4485,93,25,2021-12-08,2,60.0
4486,72,8,2021-12-08,2,1000.0
4487,10,30,2021-12-09,7,350.0
4488,25,9,2021-12-09,2,360.0
4489,79,19,2021-12-09,4,80.0
4490,10,8,2021-12-09,7,3500.0
4491,5,13,2021-12-09,4,200.0
4492,97,10,2021-12-09,2,440.0
4493,55,22,2021-12-10,11,308.0
4494,60,20,2021-12-10,2,50.0
4495,32,3,2021-12-10,8,440.0
4496,85,4,2021-12-10,12,1440.0
4497,65,29,2021-12-11,1,38.0
4498,51,22,2021-12-11,3,84.0
4499,50,2,2021-12-11,2,70.0
4500,13,13,2021-12-11,1,50.0
4501,41,19,2021-12-12,4,80.0
4502,92,9,2021-12-12,1,180.0
4503,51,24,2021-12-13,22,770.0
4504,80,7,2021-12-13,4,1200.0
4505,59,13,2021-12-13,4,200.0
4506,45,10,2021-12-13,10,2200.0
4507,14,28,2021-12-13,3,135.0
4508,94,24,2021-12-13,7,245.0
4509,90,15,2021-12-14,3,540.0
4510,5,30,2021-12-14,3,150.0
4511,16,10,2021-12-15,64,14080.0
4512,61,17,2021-12-15,4,160.0
4513,3,24,2021-12-16,11,385.0
4514,92,15,2021-12-16,2,360.0
4515,54,1,2021-12-16,5,6000.0
4516,39,6,2021-12-17,3,240.0
4517,35,26,2021-12-17,9,315.0
4518,39,5,2021-12-17,7,2450.0
4519,61,22,2021-12-18,7,196.0
4520,8,27,2021-12-18,2,80.0
4521,94,28,2021-12-18,3,135.0
4522,82,3,2021-12-18,18,990.0
4523,98,19,2021-12-19,2,40.0
4524,34,25,2021-12-20,5,150.0
4525,76,1,2021-12-20,11,13200.0
4526,35,15,2021-12-20,4,720.0
4527,64,3,2021-12-20,5,275.0
4528,93,30,2021-12-21,10,500.0
4529,82,13,2021-12-22,1,50.0
4530,58,17,2021-12-22,7,280.0
4531,9,8,2021-12-22,4,2000.0
4532,26,29,2021-12-23,2,76.0
4533,55,14,2021-12-23,8,560.0
4534,47,12,2021-12-23,4,260.0
4535,26,18,2021-12-24,3,150.0
4536,95,22,2021-12-24,3,84.0
4537,23,14,2021-12-24,2,140.0
4538,36,17,2021-12-24,3,120.0
4539,43,23,2021-12-25,3,45.0
4540,61,27,2021-12-25,1,40.0
4541,88,21,2021-12-25,4,60.0
4542,44,5,2021-12-25,7,2450.0
4543,28,27,2021-12-26,10,400.0
4544,69,15,2021-12-26,1,180.0
4545,98,4,2021-12-27,3,360.0
4546,80,8,2021-12-27,1,500.0
4547,90,11,2021-12-27,4,3200.0
4548,59,15,2021-12-27,12,2160.0
4549,13,17,2021-12-28,3,120.0
4550,58,8,2021-12-28,3,1500.0
4551,95,6,2021-12-28,8,640.0
4552,24,25,2021-12-28,13,390.0
4553,91,2,2021-12-30,3,105.0
4554,50,26,2021-12-31,2,70.0
4555,64,3,2021-12-31,4,220.0
4556,58,8,2021-12-31,7,3500.0
4557,69,25,2021-12-31,2,60.0
4558,53,13,2022-01-01,1,50.0
4559,10,30,2022-01-01,1,50.0
4560,20,19,2022-01-01,1,20.0
4561,30,1,2022-01-01,1,1200.0
4562,31,12,2022-01-01,1,65.0
4563,7,2,2022-01-02,2,70.0
4564,11,6,2022-01-02,1,80.0
4565,37,26,2022-01-02,2,70.0
4566,93,6,2022-01-02,1,80.0
4567,96,22,2022-01-02,1,28.0
4568,63,29,2022-01-02,1,38.0
4569,37,11,2022-01-03,8,6400.0
4570,59,2,2022-01-03,1,35.0
4571,50,1,2022-01-03,1,1200.0
4572,40,17,2022-01-03,2,80.0
4573,100,7,2022-01-03,2,600.0
4574,2,5,2022-01-04,1,350.0
4575,48,24,2022-01-04,1,35.0
4576,5,10,2022-01-04,3,660.0
4577,26,27,2022-01-04,1,40.0
4578,25,9,2022-01-04,2,360.0
4579,100,7,2022-01-04,1,300.0
4580,93,25,2022-01-05,1,30.0
4581,69,1,2022-01-05,1,1200.0
4582,15,3,2022-01-05,1,55.0
4583,76,6,2022-01-05,4,320.0
4584,89,8,2022-01-06,1,500.0
4585,80,3,2022-01-06,1,55.0
4586,15,14,2022-01-07,14,980.0
4587,59,7,2022-01-07,12,3600.0
4588,30,24,2022-01-07,2,70.0
4589,51,11,2022-01-07,2,1600.0
4590,83,24,2022-01-07,10,350.0
4591,8,10,2022-01-08,1,220.0
4592,65,27,2022-01-08,1,40.0
4593,87,23,2022-01-09,1,15.0
4594,7,14,2022-01-09,1,70.0
4595,24,23,2022-01-09,1,15.0
4596,54,29,2022-01-10,5,190.0
4597,53,22,2022-01-10,1,28.0
4598,39,12,2022-01-10,3,195.0
4599,38,13,2022-01-10,1,50.0
4600,38,4,2022-01-10,1,120.0
4601,82,6,2022-01-10,1,80.0
4602,91,12,2022-01-11,2,130.0
4603,51,2,2022-01-11,1,35.0
4604,26,12,2022-01-11,2,130.0
4605,89,21,2022-01-12,6,90.0
4606,16,16,2022-01-12,3,360.0
4607,96,16,2022-01-12,1,120.0
4608,57,13,2022-01-12,1,50.0
4609,92,14,2022-01-12,1,70.0
4610,38,15,2022-01-12,1,180.0
4611,23,14,2022-01-12,1,70.0
4612,56,11,2022-01-12,3,2400.0
4613,53,26,2022-01-13,4,140.0
4614,82,1,2022-01-13,1,1200.0
4615,39,7,2022-01-14,4,1200.0
4616,26,11,2022-01-14,13,10400.0
4617,55,10,2022-01-14,4,880.0
4618,73,1,2022-01-14,1,1200.0
4619,45,12,2022-01-15,1,65.0
4620,87,11,2022-01-15,1,800.0
4621,58,2,2022-01-16,1,35.0
4622,73,15,2022-01-16,1,180.0
4623,80,20,2022-01-16,1,25.0
4624,73,20,2022-01-17,3,75.0
4625,71,20,2022-01-17,1,25.0
4626,46,20,2022-01-17,4,100.0
4627,75,20,2022-01-17,1,25.0
4628,66,5,2022-01-17,1,350.0
4629,31,15,2022-01-18,1,180.0
4630,12,16,2022-01-18,1,120.0
4631,76,27,2022-01-18,1,40.0
4632,66,3,2022-01-18,1,55.0
4633,13,5,2022-01-19,1,350.0
4634,60,27,2022-01-19,1,40.0
4635,45,4,2022-01-19,6,720.0
4636,23,29,2022-01-20,1,38.0
4637,54,21,2022-01-20,1,15.0
4638,50,6,2022-01-21,3,240.0
4639,29,24,2022-01-21,2,70.0
4640,28,17,2022-01-22,1,40.0
4641,63,1,2022-01-23,1,1200.0
4642,55,11,2022-01-23,1,800.0
4643,67,27,2022-01-23,1,40.0
4644,25,12,2022-01-23,1,65.0
4645,28,19,2022-01-23,1,20.0
4646,83,14,2022-01-23,1,70.0
4647,86,6,2022-01-24,3,240.0
4648,25,2,2022-01-24,7,245.0
4649,43,28,2022-01-24,1,45.0
4650,75,23,2022-01-24,1,15.0
4651,82,17,2022-01-25,2,80.0
4652,8,3,2022-01-25,4,220.0
4653,54,28,2022-01-25,1,45.0
4654,5,14,2022-01-25,2,140.0
4655,16,13,2022-01-25,4,200.0
4656,22,20,2022-01-26,1,25.0
4657,70,9,2022-01-26,1,180.0
4658,17,7,2022-01-26,2,600.0
4659,65,20,2022-01-27,2,50.0
4660,84,2,2022-01-27,1,35.0
4661,6,2,2022-01-27,6,210.0
4662,82,13,2022-01-28,1,50.0
4663,66,6,2022-01-28,1,80.0
4664,86,14,2022-01-29,2,140.0
4665,73,20,2022-01-29,2,50.0
4666,43,6,2022-01-30,1,80.0
4667,59,7,2022-01-30,1,300.0
4668,16,17,2022-01-30,1,40.0
4669,99,23,2022-01-30,1,15.0
4670,97,7,2022-01-30,1,300.0
4671,59,12,2022-01-31,2,130.0
4672,68,22,2022-01-31,8,224.0
4673,55,2,2022-01-31,1,35.0
4674,26,25,2022-01-31,2,60.0
4675,85,14,2022-01-31,1,70.0
4676,81,18,2022-01-31,4,200.0
4677,38,2,2022-01-31,1,35.0
4678,53,27,2022-02-01,1,40.0
4679,15,1,2022-02-01,1,1200.0
4680,8,22,2022-02-01,2,56.0
4681,84,30,2022-02-02,3,150.0
4682,21,15,2022-02-02,2,360.0
4683,65,26,2022-02-02,1,35.0
4684,82,20,2022-02-02,4,100.0
4685,83,25,2022-02-03,8,240.0
4686,3,25,2022-02-03,1,30.0
4687,68,27,2022-02-03,2,80.0
4688,23,26,2022-02-03,1,35.0
4689,97,30,2022-02-03,8,400.0
4690,30,26,2022-02-03,1,35.0
4691,55,14,2022-02-04,2,140.0
4692,16,8,2022-02-05,1,500.0
4693,16,4,2022-02-05,1,120.0
4694,1,24,2022-02-06,1,35.0
4695,74,24,2022-02-06,1,35.0
4696,90,18,2022-02-06,2,100.0
4697,95,29,2022-02-06,1,38.0
4698,5,24,2022-02-06,1,35.0
4699,7,1,2022-02-06,1,1200.0
4700,46,18,2022-02-06,1,50.0
4701,87,10,2022-02-07,1,220.0
4702,26,7,2022-02-07,1,300.0
4703,39,6,2022-02-07,2,160.0
4704,85,22,2022-02-08,1,28.0
4705,88,3,2022-02-08,3,165.0
4706,79,27,2022-02-09,1,40.0
4707,50,20,2022-02-09,3,75.0
4708,24,14,2022-02-09,1,70.0
4709,56,1,2022-02-10,1,1200.0
4710,84,23,2022-02-10,1,15.0
4711,56,2,2022-02-11,1,35.0
4712,54,27,2022-02-11,1,40.0
4713,58,2,2022-02-11,1,35.0
4714,67,6,2022-02-11,4,320.0
4715,83,7,2022-02-11,1,300.0
4716,59,19,2022-02-12,1,20.0
4717,10,11,2022-02-12,4,3200.0
4718,24,17,2022-02-12,2,80.0
4719,18,5,2022-02-12,1,350.0
4720,26,17,2022-02-12,2,80.0
4721,46,11,2022-02-12,1,800.0
4722,29,25,2022-02-12,1,30.0
4723,99,17,2022-02-12,2,80.0
4724,11,28,2022-02-13,1,45.0
4725,26,5,2022-02-13,2,700.0
4726,32,24,2022-02-13,1,35.0
4727,74,20,2022-02-13,1,25.0
4728,34,17,2022-02-14,3,120.0
4729,71,26,2022-02-14,4,140.0
4730,20,13,2022-02-14,1,50.0
4731,22,25,2022-02-15,2,60.0
4732,47,24,2022-02-15,1,35.0
4733,12,21,2022-02-15,2,30.0
4734,22,11,2022-02-15,1,800.0
4735,92,26,2022-02-15,2,70.0
4736,69,21,2022-02-16,1,15.0
4737,50,9,2022-02-16,1,180.0
4738,4,18,2022-02-16,3,150.0
4739,62,5,2022-02-16,1,350.0
4740,12,19,2022-02-16,1,20.0
4741,94,10,2022-02-17,1,220.0
4742,88,2,2022-02-17,1,35.0
4743,13,9,2022-02-17,1,180.0
4744,15,30,2022-02-18,1,50.0
4745,9,7,2022-02-18,4,1200.0
4746,22,21,2022-02-18,2,30.0
4747,39,15,2022-02-18,1,180.0
4748,45,18,2022-02-18,1,50.0
4749,85,2,2022-02-19,6,210.0
4750,51,3,2022-02-19,1,55.0
4751,49,3,2022-02-19,1,55.0
4752,94,6,2022-02-20,3,240.0
4753,29,8,2022-02-20,1,500.0
4754,59,21,2022-02-21,1,15.0
4755,47,28,2022-02-21,1,45.0
4756,32,12,2022-02-22,1,65.0
4757,71,16,2022-02-22,1,120.0
4758,2,28,2022-02-22,1,45.0
4759,2,14,2022-02-22,1,70.0
4760,100,24,2022-02-22,2,70.0
4761,57,19,2022-02-22,1,20.0
4762,94,29,2022-02-23,1,38.0
4763,45,22,2022-02-23,1,28.0
4764,66,13,2022-02-24,1,50.0
4765,33,6,2022-02-24,1,80.0
4766,61,7,2022-02-25,2,600.0
4767,34,23,2022-02-25,3,45.0
4768,27,1,2022-02-25,1,1200.0
4769,82,18,2022-02-25,1,50.0
4770,94,29,2022-02-26,3,114.0
4771,27,16,2022-02-26,1,120.0
4772,72,8,2022-02-26,1,500.0
4773,45,30,2022-02-26,1,50.0
4774,51,2,2022-02-26,3,105.0
4775,85,15,2022-02-26,1,180.0
4776,40,13,2022-02-26,2,100.0
4777,93,18,2022-02-26,1,50.0
4778,33,7,2022-02-27,2,600.0
4779,52,19,2022-02-27,1,20.0
4780,83,3,2022-02-27,1,55.0
4781,99,19,2022-02-27,1,20.0
4782,39,13,2022-02-28,1,50.0
4783,71,22,2022-02-28,1,28.0
4784,4,24,2022-02-28,1,35.0
4785,29,20,2022-02-28,1,25.0
4786,33,26,2022-03-02,1,35.0
4787,15,28,2022-03-02,7,315.0
4788,7,25,2022-03-02,1,30.0
4789,58,24,2022-03-02,1,35.0
4790,4,11,2022-03-02,2,1600.0
4791,63,1,2022-03-03,5,6000.0
4792,19,10,2022-03-03,5,1100.0
4793,88,5,2022-03-04,2,700.0
4794,55,12,2022-03-04,2,130.0
4795,21,19,2022-03-04,2,40.0
4796,30,14,2022-03-04,2,140.0
4797,31,6,2022-03-04,1,80.0
4798,89,15,2022-03-04,1,180.0
4799,82,26,2022-03-05,1,35.0
4800,17,19,2022-03-06,2,40.0
4801,61,2,2022-03-06,1,35.0
4802,94,7,2022-03-06,7,2100.0
4803,79,20,2022-03-08,1,25.0
4804,37,8,2022-03-08,4,2000.0
4805,52,23,2022-03-08,1,15.0
4806,23,25,2022-03-08,1,30.0
4807,50,8,2022-03-09,1,500.0
4808,51,3,2022-03-09,1,55.0
4809,40,8,2022-03-09,2,1000.0
4810,85,28,2022-03-10,2,90.0
4811,20,18,2022-03-10,1,50.0
4812,43,24,2022-03-10,3,105.0
4813,2,3,2022-03-11,3,165.0
4814,94,7,2022-03-11,12,3600.0
4815,72,18,2022-03-11,2,100.0
4816,38,25,2022-03-11,1,30.0
4817,81,26,2022-03-12,2,70.0
4818,62,4,2022-03-12,2,240.0
4819,96,5,2022-03-12,1,350.0
4820,54,3,2022-03-12,9,495.0
4821,100,17,2022-03-13,1,40.0
4822,88,1,2022-03-13,3,3600.0
4823,19,29,2022-03-13,3,114.0
4824,47,1,2022-03-13,1,1200.0
4825,40,29,2022-03-13,1,38.0
4826,87,5,2022-03-13,1,350.0
4827,51,29,2022-03-13,4,152.0
4828,85,29,2022-03-14,1,38.0
4829,70,22,2022-03-14,2,56.0
4830,51,21,2022-03-15,2,30.0
4831,18,13,2022-03-15,1,50.0
4832,69,2,2022-03-15,1,35.0
4833,82,19,2022-03-15,1,20.0
4834,91,28,2022-03-15,1,45.0
4835,27,3,2022-03-15,8,440.0
4836,1,29,2022-03-16,1,38.0
4837,30,9,2022-03-16,18,3240.0
4838,37,19,2022-03-16,1,20.0
4839,48,2,2022-03-16,1,35.0
4840,4,4,2022-03-17,2,240.0
4841,83,22,2022-03-17,3,84.0
4842,99,12,2022-03-17,5,325.0
4843,1,27,2022-03-17,1,40.0
4844,93,17,2022-03-18,2,80.0
4845,73,18,2022-03-18,2,100.0
4846,85,26,2022-03-19,1,35.0
4847,19,22,2022-03-19,1,28.0
4848,94,3,2022-03-19,1,55.0
4849,36,29,2022-03-19,2,76.0
4850,51,19,2022-03-19,1,20.0
4851,28,17,2022-03-20,3,120.0
4852,82,14,2022-03-20,1,70.0
4853,63,8,2022-03-21,4,2000.0
4854,31,19,2022-03-21,1,20.0
4855,7,6,2022-03-21,3,240.0
4856,13,6,2022-03-21,3,240.0
4857,70,23,2022-03-21,3,45.0
4858,36,18,2022-03-21,10,500.0
4859,60,28,2022-03-21,2,90.0
4860,36,18,2022-03-22,3,150.0
4861,68,21,2022-03-23,2,30.0
4862,3,16,2022-03-23,1,120.0
4863,47,23,2022-03-23,2,30.0
4864,39,13,2022-03-23,4,200.0
4865,77,10,2022-03-23,1,220.0
4866,22,9,2022-03-23,3,540.0
4867,52,5,2022-03-23,3,1050.0
4868,36,30,2022-03-24,2,100.0
4869,70,6,2022-03-24,3,240.0
4870,34,22,2022-03-25,1,28.0
4871,42,12,2022-03-25,1,65.0
4872,57,26,2022-03-25,2,70.0
4873,61,3,2022-03-26,2,110.0
4874,1,19,2022-03-26,2,40.0
4875,24,1,2022-03-26,2,2400.0
4876,34,25,2022-03-27,2,60.0
4877,63,6,2022-03-27,2,160.0
4878,81,2,2022-03-27,3,105.0
4879,47,28,2022-03-27,3,135.0
4880,54,30,2022-03-28,6,300.0
4881,20,8,2022-03-28,1,500.0
4882,78,23,2022-03-28,7,105.0
4883,92,16,2022-03-28,1,120.0
4884,9,17,2022-03-29,2,80.0
4885,96,20,2022-03-29,3,75.0
4886,72,21,2022-03-29,2,30.0
4887,2,12,2022-03-30,1,65.0
4888,48,4,2022-03-30,3,360.0
4889,41,9,2022-03-31,2,360.0
4890,64,25,2022-03-31,2,60.0
4891,65,26,2022-03-31,1,35.0
4892,34,5,2022-03-31,1,350.0
4893,36,24,2022-04-01,4,140.0
4894,56,9,2022-04-01,5,900.0
4895,51,17,2022-04-01,3,120.0
4896,73,25,2022-04-01,2,60.0
4897,91,25,2022-04-02,1,30.0
4898,7,27,2022-04-03,2,80.0
4899,39,16,2022-04-03,1,120.0
4900,62,21,2022-04-03,1,15.0
4901,28,27,2022-04-03,2,80.0
4902,23,18,2022-04-03,1,50.0
4903,52,1,2022-04-04,2,2400.0
4904,59,22,2022-04-04,1,28.0
4905,100,4,2022-04-04,3,360.0
4906,23,24,2022-04-04,1,35.0
4907,18,12,2022-04-05,6,390.0
4908,41,30,2022-04-05,1,50.0
4909,4,24,2022-04-05,1,35.0
4910,56,15,2022-04-05,1,180.0
4911,53,20,2022-04-06,15,375.0
4912,15,16,2022-04-06,1,120.0
4913,77,10,2022-04-07,3,660.0
4914,92,22,2022-04-07,7,196.0
4915,49,19,2022-04-07,1,20.0
4916,95,11,2022-04-08,1,800.0
4917,71,29,2022-04-08,3,114.0
4918,44,17,2022-04-08,3,120.0
4919,69,28,2022-04-09,1,45.0
4920,19,24,2022-04-09,1,35.0
4921,66,20,2022-04-09,2,50.0
4922,53,27,2022-04-09,3,120.0
4923,99,10,2022-04-09,1,220.0
4924,1,30,2022-04-09,1,50.0
4925,34,29,2022-04-09,4,152.0
4926,80,25,2022-04-09,2,60.0
4927,48,14,2022-04-09,1,70.0
4928,84,2,2022-04-10,1,35.0
4929,82,26,2022-04-10,1,35.0
4930,77,9,2022-04-11,1,180.0
4931,3,20,2022-04-11,1,25.0
4932,40,18,2022-04-11,5,250.0
4933,24,9,2022-04-11,4,720.0
4934,7,12,2022-04-11,1,65.0
4935,10,2,2022-04-12,1,35.0
4936,50,4,2022-04-13,1,120.0
4937,16,12,2022-04-13,3,195.0
4938,78,13,2022-04-13,2,100.0
4939,82,20,2022-04-14,1,25.0
4940,68,2,2022-04-14,1,35.0
4941,36,29,2022-04-14,2,76.0
4942,31,1,2022-04-14,4,4800.0
4943,37,13,2022-04-14,6,300.0
4944,96,15,2022-04-14,23,4140.0
4945,83,19,2022-04-14,3,60.0
4946,28,15,2022-04-14,9,1620.0
4947,73,28,2022-04-15,7,315.0
4948,50,18,2022-04-15,5,250.0
4949,29,12,2022-04-15,3,195.0
4950,98,17,2022-04-15,5,200.0
4951,38,8,2022-04-16,1,500.0
4952,62,7,2022-04-16,1,300.0
4953,98,6,2022-04-16,1,80.0
4954,46,2,2022-04-17,2,70.0
4955,30,2,2022-04-17,1,35.0
4956,40,8,2022-04-17,1,500.0
4957,61,26,2022-04-18,3,105.0
4958,29,9,2022-04-18,1,180.0
4959,2,26,2022-04-19,3,105.0
4960,31,12,2022-04-19,2,130.0
4961,97,4,2022-04-19,19,2280.0
4962,21,15,2022-04-19,6,1080.0
4963,27,3,2022-04-19,4,220.0
4964,28,6,2022-04-19,1,80.0
4965,20,29,2022-04-20,6,228.0
4966,86,16,2022-04-20,1,120.0
4967,59,27,2022-04-22,1,40.0
4968,19,1,2022-04-23,1,1200.0
4969,58,8,2022-04-23,2,1000.0
4970,88,26,2022-04-23,3,105.0
4971,27,28,2022-04-24,1,45.0
4972,53,6,2022-04-24,3,240.0
4973,90,30,2022-04-24,1,50.0
4974,43,30,2022-04-24,1,50.0
4975,3,7,2022-04-25,6,1800.0
4976,53,22,2022-04-25,4,112.0
4977,86,1,2022-04-25,5,6000.0
4978,31,15,2022-04-25,2,360.0
4979,91,2,2022-04-25,3,105.0
4980,63,17,2022-04-26,2,80.0
4981,41,9,2022-04-26,8,1440.0
4982,23,22,2022-04-26,5,140.0
4983,49,27,2022-04-26,3,120.0
4984,44,12,2022-04-27,2,130.0
4985,77,27,2022-04-27,3,120.0
4986,49,12,2022-04-28,3,195.0
4987,99,4,2022-04-28,1,120.0
4988,37,21,2022-04-28,5,75.0
4989,98,16,2022-04-29,2,240.0
4990,82,21,2022-04-29,2,30.0
4991,49,20,2022-04-29,17,425.0
4992,79,6,2022-04-30,1,80.0
4993,92,13,2022-04-30,10,500.0
4994,12,20,2022-04-30,1,25.0
4995,35,9,2022-05-01,4,720.0
4996,50,27,2022-05-01,1,40.0
4997,92,7,2022-05-01,1,300.0
4998,23,2,2022-05-02,3,105.0
4999,6,30,2022-05-02,1,50.0
5000,41,4,2022-05-03,6,720.0
5001,37,4,2022-05-03,2,240.0
5002,76,25,2022-05-03,1,30.0
5003,84,22,2022-05-03,5,140.0
5004,97,18,2022-05-04,2,100.0
5005,100,25,2022-05-04,6,180.0
5006,83,1,2022-05-05,1,1200.0
5007,26,10,2022-05-05,3,660.0
5008,5,1,2022-05-05,1,1200.0
5009,62,10,2022-05-06,3,660.0
5010,32,4,2022-05-06,3,360.0
5011,99,4,2022-05-06,4,480.0
5012,9,17,2022-05-06,1,40.0
5013,26,5,2022-05-07,1,350.0
5014,37,13,2022-05-07,1,50.0
5015,50,27,2022-05-07,2,80.0
5016,67,23,2022-05-07,1,15.0
5017,11,6,2022-05-07,6,480.0
5018,35,18,2022-05-07,2,100.0
5019,30,30,2022-05-07,1,50.0
5020,7,28,2022-05-08,2,90.0
5021,92,27,2022-05-08,1,40.0
5022,24,7,2022-05-09,4,1200.0
5023,91,22,2022-05-09,1,28.0
5024,77,22,2022-05-09,1,28.0
5025,12,22,2022-05-09,3,84.0
5026,6,20,2022-05-10,1,25.0
5027,73,22,2022-05-10,5,140.0
5028,2,14,2022-05-11,4,280.0
5029,47,1,2022-05-11,3,3600.0
5030,27,27,2022-05-11,1,40.0
5031,27,24,2022-05-11,1,35.0
5032,31,6,2022-05-12,5,400.0
5033,27,13,2022-05-12,21,1050.0
5034,39,15,2022-05-12,2,360.0
5035,1,4,2022-05-12,5,600.0
5036,92,23,2022-05-12,1,15.0
5037,8,22,2022-05-12,4,112.0
5038,27,3,2022-05-13,2,110.0
5039,19,13,2022-05-13,1,50.0
5040,48,30,2022-05-13,4,200.0
5041,55,30,2022-05-13,1,50.0
5042,5,30,2022-05-13,1,50.0
5043,21,13,2022-05-13,3,150.0
5044,35,22,2022-05-14,1,28.0
5045,92,1,2022-05-15,3,3600.0
5046,66,7,2022-05-15,2,600.0
5047,7,28,2022-05-15,1,45.0
5048,50,27,2022-05-15,3,120.0
5049,69,10,2022-05-16,3,660.0
5050,69,13,2022-05-17,4,200.0
5051,38,7,2022-05-17,3,900.0
5052,10,18,2022-05-17,2,100.0
5053,92,23,2022-05-17,3,45.0
5054,56,19,2022-05-17,12,240.0
5055,53,1,2022-05-17,1,1200.0
5056,39,18,2022-05-18,2,100.0
5057,64,17,2022-05-18,2,80.0
5058,34,11,2022-05-18,1,800.0
5059,51,4,2022-05-18,1,120.0
5060,20,10,2022-05-19,1,220.0
5061,16,29,2022-05-19,3,114.0
5062,10,12,2022-05-19,6,390.0
5063,50,22,2022-05-20,1,28.0
5064,59,1,2022-05-20,1,1200.0
5065,21,6,2022-05-20,4,320.0
5066,31,20,2022-05-20,1,25.0
5067,75,5,2022-05-21,1,350.0
5068,2,11,2022-05-21,2,1600.0
5069,4,13,2022-05-22,1,50.0
5070,81,23,2022-05-22,1,15.0
5071,35,7,2022-05-22,1,300.0
5072,47,24,2022-05-22,2,70.0
5073,71,13,2022-05-22,1,50.0
5074,70,25,2022-05-23,5,150.0
5075,77,24,2022-05-23,1,35.0
5076,7,17,2022-05-23,5,200.0
5077,92,4,2022-05-23,1,120.0
5078,80,3,2022-05-24,1,55.0
5079,43,4,2022-05-24,3,360.0
5080,16,4,2022-05-24,4,480.0
5081,68,22,2022-05-25,2,56.0
5082,65,29,2022-05-27,7,266.0
5083,61,23,2022-05-27,1,15.0
5084,26,3,2022-05-28,1,55.0
5085,53,16,2022-05-28,4,480.0
5086,85,22,2022-05-29,4,112.0
5087,79,30,2022-05-29,1,50.0
5088,13,9,2022-05-29,1,180.0
5089,30,4,2022-05-29,9,1080.0
5090,70,24,2022-05-29,3,105.0
5091,4,6,2022-05-30,1,80.0
5092,100,22,2022-05-30,4,112.0
5093,26,7,2022-05-30,6,1800.0
5094,67,18,2022-05-31,6,300.0
5095,9,21,2022-05-31,5,75.0
5096,69,24,2022-06-01,1,35.0
5097,7,22,2022-06-01,1,28.0
5098,30,9,2022-06-01,6,1080.0
5099,82,3,2022-06-01,1,55.0
5100,12,25,2022-06-01,1,30.0
5101,83,4,2022-06-02,2,240.0
5102,66,21,2022-06-02,5,75.0
5103,34,24,2022-06-02,1,35.0
5104,77,29,2022-06-02,4,152.0
5105,48,12,2022-06-02,4,260.0
5106,85,24,2022-06-02,1,35.0
5107,73,30,2022-06-02,10,500.0
5108,52,14,2022-06-03,2,140.0
5109,80,26,2022-06-03,3,105.0
5110,80,27,2022-06-03,15,600.0
5111,31,30,2022-06-03,1,50.0
5112,51,4,2022-06-04,2,240.0
5113,9,15,2022-06-04,1,180.0
5114,49,27,2022-06-04,1,40.0
5115,62,18,2022-06-04,1,50.0
5116,59,29,2022-06-05,1,38.0
5117,17,23,2022-06-05,3,45.0
5118,14,22,2022-06-06,2,56.0
5119,46,29,2022-06-07,2,76.0
5120,13,2,2022-06-08,3,105.0
5121,23,19,2022-06-08,1,20.0
5122,72,9,2022-06-08,2,360.0
5123,76,2,2022-06-08,5,175.0
5124,83,19,2022-06-09,14,280.0
5125,19,25,2022-06-09,1,30.0
5126,7,9,2022-06-09,1,180.0
5127,94,28,2022-06-09,1,45.0
5128,22,24,2022-06-10,1,35.0
5129,80,15,2022-06-10,1,180.0
5130,36,10,2022-06-10,16,3520.0
5131,98,22,2022-06-11,1,28.0
5132,65,12,2022-06-11,1,65.0
5133,62,20,2022-06-11,16,400.0
5134,84,21,2022-06-11,2,30.0
5135,51,8,2022-06-12,2,1000.0
5136,92,12,2022-06-12,1,65.0
5137,39,6,2022-06-13,8,640.0
5138,37,28,2022-06-13,4,180.0
5139,65,10,2022-06-14,1,220.0
5140,61,22,2022-06-14,1,28.0
5141,49,20,2022-06-15,2,50.0
5142,58,11,2022-06-16,1,800.0
5143,40,8,2022-06-16,1,500.0
5144,12,3,2022-06-16,4,220.0
5145,60,20,2022-06-17,10,250.0
5146,93,19,2022-06-18,1,20.0
5147,85,5,2022-06-18,2,700.0
5148,19,13,2022-06-19,1,50.0
5149,92,26,2022-06-19,3,105.0
5150,74,24,2022-06-20,7,245.0
5151,56,10,2022-06-20,1,220.0
5152,44,2,2022-06-20,3,105.0
5153,25,18,2022-06-20,1,50.0
5154,97,9,2022-06-20,1,180.0
5155,4,20,2022-06-20,1,25.0
5156,56,28,2022-06-21,1,45.0
5157,83,8,2022-06-21,3,1500.0
5158,17,17,2022-06-21,2,80.0
5159,61,17,2022-06-22,11,440.0
5160,72,18,2022-06-22,2,100.0
5161,16,15,2022-06-22,5,900.0
5162,31,13,2022-06-23,1,50.0
5163,27,27,2022-06-23,5,200.0
5164,69,11,2022-06-23,4,3200.0
5165,69,10,2022-06-24,2,440.0
5166,83,29,2022-06-24,6,228.0
5167,24,3,2022-06-24,6,330.0
5168,70,22,2022-06-25,2,56.0
5169,7,30,2022-06-25,1,50.0
5170,48,1,2022-06-26,4,4800.0
5171,94,6,2022-06-26,1,80.0
5172,54,18,2022-06-26,1,50.0
5173,58,9,2022-06-27,6,1080.0
5174,50,1,2022-06-27,3,3600.0
5175,92,23,2022-06-27,4,60.0
5176,18,25,2022-06-28,5,150.0
5177,8,27,2022-06-28,2,80.0
5178,90,27,2022-06-28,2,80.0
5179,71,21,2022-06-28,7,105.0
5180,80,6,2022-06-29,1,80.0
5181,50,21,2022-06-30,3,45.0
5182,40,25,2022-06-30,2,60.0
5183,94,26,2022-07-01,2,70.0
5184,75,16,2022-07-01,1,120.0
5185,96,16,2022-07-01,5,600.0
5186,81,1,2022-07-01,3,3600.0
5187,37,4,2022-07-02,1,120.0
5188,34,30,2022-07-02,1,50.0
5189,45,3,2022-07-02,3,165.0
5190,22,17,2022-07-03,1,40.0
5191,2,9,2022-07-03,3,540.0
5192,60,25,2022-07-04,3,90.0
5193,50,2,2022-07-04,1,35.0
5194,54,12,2022-07-04,2,130.0
5195,26,27,2022-07-04,1,40.0
5196,34,5,2022-07-04,2,700.0
5197,74,24,2022-07-05,4,140.0
5198,42,19,2022-07-05,4,80.0
5199,74,11,2022-07-05,3,2400.0
5200,2,21,2022-07-05,1,15.0
5201,58,4,2022-07-05,1,120.0
5202,61,21,2022-07-05,2,30.0
5203,83,7,2022-07-06,1,300.0
5204,1,23,2022-07-07,6,90.0
5205,76,15,2022-07-07,4,720.0
5206,83,25,2022-07-07,1,30.0
5207,49,29,2022-07-08,2,76.0
5208,47,3,2022-07-08,1,55.0
5209,49,8,2022-07-08,2,1000.0
5210,16,14,2022-07-09,3,210.0
5211,29,11,2022-07-09,1,800.0
5212,20,2,2022-07-09,4,140.0
5213,80,13,2022-07-09,9,450.0
5214,50,27,2022-07-10,1,40.0
5215,17,2,2022-07-10,1,35.0
5216,36,18,2022-07-10,13,650.0
5217,87,11,2022-07-10,1,800.0
5218,22,23,2022-07-12,5,75.0
5219,14,7,2022-07-12,1,300.0
5220,36,29,2022-07-12,2,76.0
5221,59,21,2022-07-12,1,15.0
5222,54,4,2022-07-13,5,600.0
5223,37,26,2022-07-13,3,105.0
5224,99,19,2022-07-14,10,200.0
5225,63,8,2022-07-14,1,500.0
5226,21,22,2022-07-14,4,112.0
5227,24,23,2022-07-14,4,60.0
5228,37,6,2022-07-15,7,560.0
5229,89,11,2022-07-15,2,1600.0
5230,6,1,2022-07-16,1,1200.0
5231,44,1,2022-07-17,3,3600.0
5232,6,3,2022-07-17,1,55.0
5233,59,11,2022-07-18,7,5600.0
5234,78,10,2022-07-18,1,220.0
5235,80,29,2022-07-20,4,152.0
5236,41,30,2022-07-20,2,100.0
5237,17,30,2022-07-21,1,50.0
5238,76,27,2022-07-21,2,80.0
5239,23,16,2022-07-21,4,480.0
5240,38,3,2022-07-22,3,165.0
5241,18,16,2022-07-22,2,240.0
5242,79,27,2022-07-23,3,120.0
5243,19,30,2022-07-23,1,50.0
5244,44,17,2022-07-23,2,80.0
5245,53,23,2022-07-24,1,15.0
5246,21,9,2022-07-24,1,180.0
5247,98,7,2022-07-25,6,1800.0
5248,19,7,2022-07-25,2,600.0
5249,84,16,2022-07-25,3,360.0
5250,93,15,2022-07-26,3,540.0
5251,11,18,2022-07-26,5,250.0
5252,48,22,2022-07-26,1,28.0
5253,91,12,2022-07-26,2,130.0
5254,100,2,2022-07-27,1,35.0
5255,10,10,2022-07-27,1,220.0
5256,6,13,2022-07-28,4,200.0
5257,57,25,2022-07-28,1,30.0
5258,38,2,2022-07-29,7,245.0
5259,32,4,2022-07-29,3,360.0
5260,93,29,2022-07-29,3,114.0
5261,40,26,2022-07-29,17,595.0
5262,41,4,2022-07-29,1,120.0
5263,73,24,2022-07-30,1,35.0
5264,97,13,2022-07-31,1,50.0
5265,55,8,2022-08-01,3,1500.0
5266,81,1,2022-08-01,10,12000.0
5267,21,7,2022-08-01,1,300.0
5268,55,13,2022-08-02,4,200.0
5269,75,20,2022-08-02,1,25.0
5270,13,2,2022-08-02,4,140.0
5271,83,7,2022-08-02,1,300.0
5272,37,7,2022-08-02,5,1500.0
5273,42,22,2022-08-02,1,28.0
5274,17,17,2022-08-02,1,40.0
5275,49,12,2022-08-02,3,195.0
5276,7,15,2022-08-02,5,900.0
5277,33,24,2022-08-03,1,35.0
5278,74,17,2022-08-03,3,120.0
5279,71,30,2022-08-03,1,50.0
5280,91,13,2022-08-03,1,50.0
5281,41,13,2022-08-04,1,50.0
5282,16,27,2022-08-04,3,120.0
5283,10,8,2022-08-04,4,2000.0
5284,7,5,2022-08-04,1,350.0
5285,19,23,2022-08-04,1,15.0
5286,38,27,2022-08-04,3,120.0
5287,77,13,2022-08-05,1,50.0
5288,22,26,2022-08-05,2,70.0
5289,67,25,2022-08-06,1,30.0
5290,13,21,2022-08-06,1,15.0
5291,88,14,2022-08-06,3,210.0
5292,2,24,2022-08-07,1,35.0
5293,70,13,2022-08-07,1,50.0
5294,79,21,2022-08-08,1,15.0
5295,71,11,2022-08-08,5,4000.0
5296,41,18,2022-08-09,1,50.0
5297,23,17,2022-08-09,1,40.0
5298,42,23,2022-08-09,1,15.0
5299,47,18,2022-08-09,1,50.0
5300,7,11,2022-08-10,1,800.0
5301,91,6,2022-08-10,3,240.0
5302,69,1,2022-08-10,2,2400.0
5303,15,6,2022-08-10,2,160.0
5304,64,20,2022-08-10,4,100.0
5305,94,5,2022-08-12,1,350.0
5306,13,8,2022-08-12,2,1000.0
5307,59,20,2022-08-12,3,75.0
5308,71,25,2022-08-12,1,30.0
5309,76,19,2022-08-12,1,20.0
5310,9,10,2022-08-12,5,1100.0
5311,29,19,2022-08-12,4,80.0
5312,88,7,2022-08-12,1,300.0
5313,76,5,2022-08-12,1,350.0
5314,42,29,2022-08-13,1,38.0
5315,54,2,2022-08-13,4,140.0
5316,58,22,2022-08-14,1,28.0
5317,63,8,2022-08-14,3,1500.0
5318,20,27,2022-08-15,1,40.0
5319,58,4,2022-08-15,1,120.0
5320,50,9,2022-08-15,2,360.0
5321,84,21,2022-08-15,3,45.0
5322,94,25,2022-08-16,1,30.0
5323,97,22,2022-08-16,1,28.0
5324,79,24,2022-08-16,1,35.0
5325,29,20,2022-08-16,1,25.0
5326,86,17,2022-08-16,2,80.0
5327,64,3,2022-08-17,1,55.0
5328,38,28,2022-08-17,1,45.0
5329,19,29,2022-08-17,1,38.0
5330,47,22,2022-08-17,1,28.0
5331,74,5,2022-08-17,1,350.0
5332,19,24,2022-08-17,3,105.0
5333,41,5,2022-08-17,1,350.0
5334,46,9,2022-08-17,9,1620.0
5335,18,11,2022-08-18,4,3200.0
5336,7,1,2022-08-18,2,2400.0
5337,86,2,2022-08-18,2,70.0
5338,24,6,2022-08-19,2,160.0
5339,21,26,2022-08-19,7,245.0
5340,88,29,2022-08-19,9,342.0
5341,2,6,2022-08-19,3,240.0
5342,61,11,2022-08-20,1,800.0
5343,2,26,2022-08-20,1,35.0
5344,32,25,2022-08-20,3,90.0
5345,33,17,2022-08-20,3,120.0
5346,17,30,2022-08-20,1,50.0
5347,77,30,2022-08-20,1,50.0
5348,94,21,2022-08-20,1,15.0
5349,12,20,2022-08-21,2,50.0
5350,6,11,2022-08-21,1,800.0
5351,82,10,2022-08-21,2,440.0
5352,18,14,2022-08-21,1,70.0
5353,79,3,2022-08-21,1,55.0
5354,61,15,2022-08-21,1,180.0
5355,49,28,2022-08-21,1,45.0
5356,27,19,2022-08-22,1,20.0
5357,74,6,2022-08-22,14,1120.0
5358,86,12,2022-08-22,2,130.0
5359,67,10,2022-08-23,1,220.0
5360,96,17,2022-08-23,5,200.0
5361,66,24,2022-08-23,4,140.0
5362,21,29,2022-08-23,2,76.0
5363,37,15,2022-08-23,5,900.0
5364,33,18,2022-08-24,4,200.0
5365,81,10,2022-08-24,2,440.0
5366,77,3,2022-08-25,12,660.0
5367,25,8,2022-08-25,7,3500.0
5368,2,4,2022-08-26,1,120.0
5369,64,26,2022-08-26,2,70.0
5370,11,20,2022-08-26,1,25.0
5371,46,21,2022-08-26,23,345.0
5372,52,29,2022-08-27,1,38.0
5373,46,12,2022-08-27,1,65.0
5374,17,1,2022-08-27,11,13200.0
5375,79,20,2022-08-28,1,25.0
5376,41,29,2022-08-28,3,114.0
5377,26,29,2022-08-28,3,114.0
5378,76,1,2022-08-28,5,6000.0
5379,89,13,2022-08-29,1,50.0
5380,33,1,2022-08-29,4,4800.0
5381,51,20,2022-08-30,1,25.0
5382,69,17,2022-08-30,17,680.0
5383,93,2,2022-08-30,4,140.0
5384,18,8,2022-08-30,4,2000.0
5385,1,1,2022-08-31,2,2400.0
5386,22,8,2022-08-31,1,500.0
5387,93,8,2022-08-31,3,1500.0
5388,85,11,2022-08-31,1,800.0
5389,86,19,2022-09-01,1,20.0
5390,70,1,2022-09-01,3,3600.0
5391,32,15,2022-09-01,4,720.0
5392,21,5,2022-09-01,2,700.0
5393,77,12,2022-09-01,1,65.0
5394,22,3,2022-09-01,10,550.0
5395,88,6,2022-09-01,1,80.0
5396,8,19,2022-09-02,2,40.0
5397,97,1,2022-09-02,2,2400.0
5398,97,13,2022-09-02,3,150.0
5399,80,29,2022-09-03,1,38.0
5400,85,30,2022-09-04,1,50.0
5401,64,24,2022-09-04,3,105.0
5402,100,12,2022-09-04,18,1170.0
5403,61,13,2022-09-04,1,50.0
5404,73,18,2022-09-04,3,150.0
5405,76,28,2022-09-05,3,135.0
5406,26,23,2022-09-06,1,15.0
5407,69,21,2022-09-06,2,30.0
5408,19,30,2022-09-08,3,150.0
5409,13,19,2022-09-08,1,20.0
5410,19,24,2022-09-08,3,105.0
5411,65,27,2022-09-08,2,80.0
5412,13,28,2022-09-08,5,225.0
5413,34,29,2022-09-09,4,152.0
5414,49,24,2022-09-09,3,105.0
5415,47,15,2022-09-09,6,1080.0
5416,34,16,2022-09-09,1,120.0
5417,2,10,2022-09-09,1,220.0
5418,7,3,2022-09-10,2,110.0
5419,76,19,2022-09-10,5,100.0
5420,16,8,2022-09-10,1,500.0
5421,69,30,2022-09-10,2,100.0
5422,75,4,2022-09-11,2,240.0
5423,71,21,2022-09-11,3,45.0
5424,71,10,2022-09-11,4,880.0
5425,17,9,2022-09-11,3,540.0
5426,62,23,2022-09-11,2,30.0
5427,84,27,2022-09-11,15,600.0
5428,55,14,2022-09-12,1,70.0
5429,59,29,2022-09-12,5,190.0
5430,52,13,2022-09-13,1,50.0
5431,41,7,2022-09-13,6,1800.0
5432,56,2,2022-09-14,2,70.0
5433,93,7,2022-09-15,5,1500.0
5434,68,2,2022-09-15,2,70.0
5435,84,18,2022-09-15,7,350.0
5436,73,14,2022-09-16,3,210.0
5437,25,1,2022-09-16,9,10800.0
5438,88,12,2022-09-16,4,260.0
5439,48,27,2022-09-17,3,120.0
5440,63,13,2022-09-18,1,50.0
5441,88,5,2022-09-18,3,1050.0
5442,84,3,2022-09-18,4,220.0
5443,44,28,2022-09-18,3,135.0
5444,18,18,2022-09-18,4,200.0
5445,84,21,2022-09-18,3,45.0
5446,89,23,2022-09-19,5,75.0
5447,23,1,2022-09-19,1,1200.0
5448,34,30,2022-09-20,3,150.0
5449,73,13,2022-09-20,7,350.0
5450,51,10,2022-09-20,6,1320.0
5451,79,20,2022-09-20,2,50.0
5452,6,16,2022-09-20,3,360.0
5453,41,13,2022-09-20,5,250.0
5454,93,4,2022-09-20,4,480.0
5455,10,11,2022-09-21,3,2400.0
5456,28,13,2022-09-23,6,300.0
5457,56,14,2022-09-23,1,70.0
5458,4,28,2022-09-23,1,45.0
5459,64,16,2022-09-24,1,120.0
5460,16,12,2022-09-24,3,195.0
5461,39,5,2022-09-24,1,350.0
5462,7,29,2022-09-24,1,38.0
5463,12,24,2022-09-25,1,35.0
5464,21,27,2022-09-25,1,40.0
5465,71,7,2022-09-25,1,300.0
5466,85,22,2022-09-25,2,56.0
5467,75,19,2022-09-25,7,140.0
5468,74,6,2022-09-25,6,480.0
5469,39,1,2022-09-25,1,1200.0
5470,78,23,2022-09-25,2,30.0
5471,13,16,2022-09-25,2,240.0
5472,24,8,2022-09-26,4,2000.0
5473,61,12,2022-09-26,1,65.0
5474,77,3,2022-09-28,7,385.0
5475,78,20,2022-09-28,5,125.0
5476,5,26,2022-09-28,2,70.0
5477,27,14,2022-09-28,4,280.0
5478,48,13,2022-09-29,7,350.0
5479,85,30,2022-09-29,5,250.0
5480,38,8,2022-09-29,12,6000.0
5481,49,22,2022-09-29,2,56.0
5482,54,25,2022-09-29,1,30.0
5483,25,6,2022-09-29,4,320.0
5484,73,19,2022-09-29,9,180.0
5485,49,26,2022-09-30,1,35.0
5486,61,2,2022-09-30,14,490.0
5487,62,17,2022-10-01,4,160.0
5488,94,11,2022-10-01,1,800.0
5489,72,20,2022-10-01,5,125.0
5490,96,21,2022-10-01,3,45.0
5491,43,3,2022-10-02,1,55.0
5492,45,10,2022-10-03,2,440.0
5493,18,14,2022-10-04,3,210.0
5494,35,11,2022-10-04,8,6400.0
5495,60,10,2022-10-04,1,220.0
5496,61,4,2022-10-05,8,960.0
5497,66,27,2022-10-05,6,240.0
5498,98,10,2022-10-06,3,660.0
5499,77,18,2022-10-06,1,50.0
5500,66,2,2022-10-07,4,140.0
5501,68,3,2022-10-07,7,385.0
5502,91,23,2022-10-07,1,15.0
5503,57,17,2022-10-07,1,40.0
5504,85,27,2022-10-07,4,160.0
5505,76,12,2022-10-07,1,65.0
5506,20,16,2022-10-07,1,120.0
5507,49,29,2022-10-07,4,152.0
5508,41,12,2022-10-07,2,130.0
5509,57,7,2022-10-08,2,600.0
5510,10,5,2022-10-08,6,2100.0
5511,79,4,2022-10-08,1,120.0
5512,43,1,2022-10-08,2,2400.0
5513,94,25,2022-10-08,1,30.0
5514,62,21,2022-10-08,1,15.0
5515,4,10,2022-10-08,1,220.0
5516,18,24,2022-10-09,1,35.0
5517,69,18,2022-10-09,1,50.0
5518,37,18,2022-10-11,1,50.0
5519,64,23,2022-10-11,1,15.0
5520,82,22,2022-10-11,20,560.0
5521,68,28,2022-10-12,7,315.0
5522,28,10,2022-10-12,1,220.0
5523,79,11,2022-10-12,6,4800.0
5524,91,28,2022-10-12,6,270.0
5525,60,2,2022-10-13,5,175.0
5526,5,7,2022-10-13,7,2100.0
5527,19,6,2022-10-13,1,80.0
5528,86,8,2022-10-14,1,500.0
5529,20,2,2022-10-14,3,105.0
5530,12,29,2022-10-15,7,266.0
5531,3,15,2022-10-15,10,1800.0
5532,44,10,2022-10-15,1,220.0
5533,47,27,2022-10-15,1,40.0
5534,92,29,2022-10-15,1,38.0
5535,88,17,2022-10-16,3,120.0
5536,41,16,2022-10-16,2,240.0
5537,21,9,2022-10-16,1,180.0
5538,5,2,2022-10-16,4,140.0
5539,22,28,2022-10-18,5,225.0
5540,71,1,2022-10-18,3,3600.0
5541,28,2,2022-10-19,18,630.0
5542,69,14,2022-10-19,4,280.0
5543,71,19,2022-10-19,2,40.0
5544,22,9,2022-10-19,1,180.0
5545,79,3,2022-10-20,1,55.0
5546,87,19,2022-10-20,1,20.0
5547,40,6,2022-10-21,4,320.0
5548,24,18,2022-10-22,1,50.0
5549,67,12,2022-10-22,6,390.0
5550,18,15,2022-10-22,2,360.0
5551,49,29,2022-10-22,4,152.0
5552,29,26,2022-10-22,2,70.0
5553,14,9,2022-10-22,6,1080.0
5554,2,30,2022-10-22,3,150.0
5555,85,12,2022-10-23,1,65.0
5556,31,19,2022-10-23,1,20.0
5557,56,23,2022-10-23,3,45.0
5558,95,10,2022-10-23,2,440.0
5559,100,25,2022-10-24,8,240.0
5560,24,24,2022-10-24,4,140.0
5561,83,6,2022-10-24,2,160.0
5562,79,13,2022-10-25,5,250.0
5563,36,24,2022-10-25,4,140.0
5564,86,3,2022-10-26,5,275.0
5565,85,6,2022-10-26,3,240.0
5566,100,4,2022-10-26,7,840.0
5567,98,22,2022-10-26,1,28.0
5568,91,18,2022-10-27,3,150.0
5569,77,9,2022-10-27,2,360.0
5570,94,18,2022-10-29,1,50.0
5571,94,24,2022-10-29,3,105.0
5572,67,23,2022-10-29,2,30.0
5573,18,5,2022-10-29,1,350.0
5574,82,1,2022-10-30,5,6000.0
5575,35,29,2022-10-31,7,266.0
5576,19,15,2022-10-31,3,540.0
5577,58,11,2022-10-31,2,1600.0
5578,57,2,2022-10-31,3,105.0
5579,77,21,2022-10-31,4,60.0
5580,74,16,2022-11-01,2,240.0
5581,22,23,2022-11-01,5,75.0
5582,14,28,2022-11-02,19,855.0
5583,40,23,2022-11-02,1,15.0
5584,40,8,2022-11-02,1,500.0
5585,98,12,2022-11-02,7,455.0
5586,45,8,2022-11-02,9,4500.0
5587,94,9,2022-11-02,7,1260.0
5588,39,22,2022-11-03,2,56.0
5589,5,12,2022-11-03,1,65.0
5590,49,21,2022-11-03,4,60.0
5591,18,13,2022-11-03,1,50.0
5592,39,12,2022-11-03,1,65.0
5593,11,23,2022-11-03,12,180.0
5594,47,11,2022-11-04,11,8800.0
5595,54,24,2022-11-04,2,70.0
5596,95,3,2022-11-04,4,220.0
5597,52,28,2022-11-04,5,225.0
5598,24,27,2022-11-05,1,40.0
5599,17,21,2022-11-05,1,15.0
5600,50,6,2022-11-05,1,80.0
5601,22,19,2022-11-06,2,40.0
5602,43,27,2022-11-06,27,1080.0
5603,15,3,2022-11-07,4,220.0
5604,4,3,2022-11-08,11,605.0
5605,43,24,2022-11-08,2,70.0
5606,54,26,2022-11-08,9,315.0
5607,90,14,2022-11-09,2,140.0
5608,99,10,2022-11-09,4,880.0
5609,85,30,2022-11-09,8,400.0
5610,59,6,2022-11-10,4,320.0
5611,4,17,2022-11-10,30,1200.0
5612,24,26,2022-11-11,8,280.0
5613,95,9,2022-11-11,8,1440.0
5614,80,25,2022-11-11,8,240.0
5615,99,13,2022-11-12,2,100.0
5616,81,9,2022-11-12,1,180.0
5617,57,19,2022-11-12,4,80.0
5618,39,2,2022-11-13,3,105.0
5619,2,8,2022-11-13,7,3500.0
5620,57,2,2022-11-13,7,245.0
5621,94,25,2022-11-14,9,270.0
5622,19,9,2022-11-14,5,900.0
5623,82,9,2022-11-14,4,720.0
5624,91,29,2022-11-15,25,950.0
5625,72,5,2022-11-15,1,350.0
5626,50,26,2022-11-15,5,175.0
5627,91,12,2022-11-15,3,195.0
5628,51,10,2022-11-16,5,1100.0
5629,72,26,2022-11-16,2,70.0
5630,1,21,2022-11-17,15,225.0
5631,27,30,2022-11-17,1,50.0
5632,19,4,2022-11-17,7,840.0
5633,57,7,2022-11-19,5,1500.0
5634,70,8,2022-11-19,2,1000.0
5635,49,27,2022-11-20,6,240.0
5636,30,23,2022-11-20,3,45.0
5637,50,11,2022-11-20,1,800.0
5638,21,15,2022-11-20,3,540.0
5639,83,20,2022-11-20,7,175.0
5640,44,2,2022-11-20,1,35.0
5641,75,18,2022-11-21,1,50.0
5642,43,9,2022-11-22,1,180.0
5643,1,8,2022-11-22,7,3500.0
5644,27,7,2022-11-22,5,1500.0
5645,20,25,2022-11-22,8,240.0
5646,68,25,2022-11-23,3,90.0
5647,2,15,2022-11-23,5,900.0
5648,41,14,2022-11-23,7,490.0
5649,30,20,2022-11-24,5,125.0
5650,41,3,2022-11-25,12,660.0
5651,36,29,2022-11-25,2,76.0
5652,91,8,2022-11-26,2,1000.0
5653,24,12,2022-11-26,4,260.0
5654,9,20,2022-11-26,1,25.0
5655,63,3,2022-11-26,5,275.0
5656,47,21,2022-11-27,4,60.0
5657,83,2,2022-11-27,2,70.0
5658,4,3,2022-11-27,4,220.0
5659,67,24,2022-11-27,1,35.0
5660,83,25,2022-11-28,13,390.0
5661,94,22,2022-11-28,9,252.0
5662,54,3,2022-11-28,3,165.0
5663,97,17,2022-11-28,3,120.0
5664,34,17,2022-11-29,6,240.0
5665,96,25,2022-11-29,10,300.0
5666,43,18,2022-11-30,2,100.0
5667,23,6,2022-11-30,6,480.0
5668,74,8,2022-12-02,2,1000.0
5669,26,29,2022-12-02,14,532.0
5670,21,20,2022-12-02,2,50.0
5671,2,13,2022-12-03,7,350.0
5672,58,5,2022-12-03,3,1050.0
5673,66,30,2022-12-03,1,50.0
5674,2,23,2022-12-03,3,45.0
5675,87,21,2022-12-03,5,75.0
5676,77,9,2022-12-05,3,540.0
5677,18,12,2022-12-05,5,325.0
5678,10,18,2022-12-05,3,150.0
5679,51,2,2022-12-05,7,245.0
5680,81,8,2022-12-06,8,4000.0
5681,14,4,2022-12-06,8,960.0
5682,53,8,2022-12-06,4,2000.0
5683,53,9,2022-12-06,6,1080.0
5684,86,24,2022-12-07,8,280.0
5685,90,15,2022-12-07,5,900.0
5686,48,21,2022-12-07,27,405.0
5687,53,29,2022-12-07,11,418.0
5688,70,20,2022-12-08,6,150.0
5689,62,2,2022-12-08,16,560.0
5690,64,29,2022-12-08,10,380.0
5691,49,26,2022-12-08,2,70.0
5692,35,30,2022-12-09,4,200.0
5693,76,5,2022-12-09,6,2100.0
5694,89,30,2022-12-09,7,350.0
5695,55,11,2022-12-09,7,5600.0
5696,28,14,2022-12-10,9,630.0
5697,54,29,2022-12-11,2,76.0
5698,42,26,2022-12-11,5,175.0
5699,75,30,2022-12-11,2,100.0
5700,57,9,2022-12-11,3,540.0
5701,15,6,2022-12-11,1,80.0
5702,4,7,2022-12-12,30,9000.0
5703,96,23,2022-12-12,3,45.0
5704,92,24,2022-12-12,7,245.0
5705,26,9,2022-12-12,9,1620.0
5706,40,2,2022-12-13,26,910.0
5707,75,24,2022-12-13,3,105.0
5708,22,8,2022-12-14,2,1000.0
5709,59,11,2022-12-15,7,5600.0
5710,20,4,2022-12-16,16,1920.0
5711,32,3,2022-12-16,4,220.0
5712,91,27,2022-12-16,7,280.0
5713,24,29,2022-12-17,6,228.0
5714,99,27,2022-12-17,1,40.0
5715,72,27,2022-12-18,1,40.0
5716,20,4,2022-12-18,1,120.0
5717,61,18,2022-12-18,19,950.0
5718,1,13,2022-12-18,9,450.0
5719,50,21,2022-12-18,3,45.0
5720,65,11,2022-12-19,2,1600.0
5721,28,26,2022-12-19,2,70.0
5722,14,18,2022-12-19,2,100.0
5723,59,10,2022-12-19,3,660.0
5724,69,15,2022-12-20,2,360.0
5725,60,9,2022-12-20,1,180.0
5726,36,10,2022-12-20,5,1100.0
5727,89,25,2022-12-20,2,60.0
5728,99,7,2022-12-21,5,1500.0
5729,9,6,2022-12-21,9,720.0
5730,98,9,2022-12-21,3,540.0
5731,73,7,2022-12-22,1,300.0
5732,26,15,2022-12-22,2,360.0
5733,77,27,2022-12-23,3,120.0
5734,71,25,2022-12-23,31,930.0
5735,96,21,2022-12-23,13,195.0
5736,62,2,2022-12-23,5,175.0
5737,73,1,2022-12-23,4,4800.0
5738,94,27,2022-12-24,15,600.0
5739,74,11,2022-12-24,7,5600.0
5740,36,9,2022-12-24,1,180.0
5741,12,6,2022-12-24,2,160.0
5742,15,26,2022-12-25,4,140.0
5743,57,29,2022-12-26,5,190.0
5744,15,26,2022-12-26,2,70.0
5745,7,24,2022-12-26,14,490.0
5746,12,13,2022-12-26,14,700.0
5747,75,15,2022-12-26,2,360.0
5748,76,27,2022-12-28,9,360.0
5749,43,1,2022-12-28,4,4800.0
5750,20,19,2022-12-28,11,220.0
5751,75,13,2022-12-28,13,650.0
5752,4,11,2022-12-29,8,6400.0
5753,16,7,2022-12-29,3,900.0
5754,39,8,2022-12-29,4,2000.0
5755,50,22,2022-12-30,3,84.0
5756,60,5,2022-12-30,14,4900.0
5757,28,27,2022-12-30,12,480.0
5758,38,21,2022-12-31,2,30.0
5759,81,21,2022-12-31,5,75.0
5760,4,1,2022-12-31,4,4800.0
5761,29,17,2023-01-01,1,40.0
5762,41,1,2023-01-01,1,1200.0
5763,89,26,2023-01-01,3,105.0
5764,12,3,2023-01-01,1,55.0
5765,35,7,2023-01-02,2,600.0
5766,56,10,2023-01-02,1,220.0
5767,7,16,2023-01-02,1,120.0
5768,51,12,2023-01-02,1,65.0
5769,3,28,2023-01-03,1,45.0
5770,4,5,2023-01-03,1,350.0
5771,18,11,2023-01-03,1,800.0
5772,93,23,2023-01-04,1,15.0
5773,43,7,2023-01-04,1,300.0
5774,42,4,2023-01-04,1,120.0
5775,5,12,2023-01-04,1,65.0
5776,2,28,2023-01-05,1,45.0
5777,100,13,2023-01-05,1,50.0
5778,17,24,2023-01-05,1,35.0
5779,71,27,2023-01-06,1,40.0
5780,98,18,2023-01-07,1,50.0
5781,83,11,2023-01-07,1,800.0
5782,66,29,2023-01-07,1,38.0
5783,95,24,2023-01-08,9,315.0
5784,11,24,2023-01-08,1,35.0
5785,1,17,2023-01-08,2,80.0
5786,96,7,2023-01-09,3,900.0
5787,90,28,2023-01-09,1,45.0
5788,6,16,2023-01-09,2,240.0
5789,98,24,2023-01-09,4,140.0
5790,84,13,2023-01-10,1,50.0
5791,19,22,2023-01-11,1,28.0
5792,61,26,2023-01-11,2,70.0
5793,86,8,2023-01-11,1,500.0
5794,51,11,2023-01-12,1,800.0
5795,58,28,2023-01-12,1,45.0
5796,1,13,2023-01-12,1,50.0
5797,89,8,2023-01-12,1,500.0
5798,56,8,2023-01-12,1,500.0
5799,6,13,2023-01-12,1,50.0
5800,67,30,2023-01-12,1,50.0
5801,76,28,2023-01-13,2,90.0
5802,97,18,2023-01-13,1,50.0
5803,64,11,2023-01-14,1,800.0
5804,33,7,2023-01-15,1,300.0
5805,50,5,2023-01-15,1,350.0
5806,89,1,2023-01-15,1,1200.0
5807,29,12,2023-01-16,1,65.0
5808,86,13,2023-01-17,1,50.0
5809,56,20,2023-01-17,1,25.0
5810,91,21,2023-01-17,1,15.0
5811,81,26,2023-01-17,4,140.0
5812,51,25,2023-01-18,3,90.0
5813,67,18,2023-01-18,2,100.0
5814,25,22,2023-01-18,4,112.0
5815,55,22,2023-01-18,2,56.0
5816,83,15,2023-01-19,3,540.0
5817,35,14,2023-01-19,1,70.0
5818,56,10,2023-01-19,1,220.0
5819,12,3,2023-01-19,1,55.0
5820,94,18,2023-01-19,1,50.0
5821,70,2,2023-01-19,1,35.0
5822,34,27,2023-01-19,2,80.0
5823,6,10,2023-01-20,1,220.0
5824,55,30,2023-01-20,1,50.0
5825,14,13,2023-01-20,1,50.0
5826,57,3,2023-01-20,1,55.0
5827,38,22,2023-01-21,5,140.0
5828,61,25,2023-01-21,1,30.0
5829,93,19,2023-01-21,6,120.0
5830,54,21,2023-01-21,13,195.0
5831,83,14,2023-01-21,1,70.0
5832,15,29,2023-01-22,1,38.0
5833,9,26,2023-01-22,1,35.0
5834,45,11,2023-01-22,1,800.0
5835,55,14,2023-01-22,1,70.0
5836,47,12,2023-01-22,1,65.0
5837,84,5,2023-01-23,1,350.0
5838,60,5,2023-01-23,1,350.0
5839,95,7,2023-01-23,4,1200.0
5840,35,28,2023-01-24,2,90.0
5841,27,12,2023-01-24,2,130.0
5842,13,16,2023-01-24,3,360.0
5843,1,24,2023-01-24,3,105.0
5844,89,9,2023-01-24,1,180.0
5845,61,28,2023-01-24,1,45.0
5846,5,30,2023-01-24,10,500.0
5847,61,16,2023-01-25,2,240.0
5848,4,17,2023-01-25,2,80.0
5849,33,11,2023-01-25,1,800.0
5850,11,10,2023-01-25,1,220.0
5851,92,13,2023-01-25,2,100.0
5852,86,17,2023-01-25,1,40.0
5853,1,27,2023-01-26,2,80.0
5854,42,6,2023-01-26,1,80.0
5855,17,24,2023-01-27,1,35.0
5856,48,3,2023-01-27,1,55.0
5857,69,9,2023-01-27,7,1260.0
5858,58,5,2023-01-27,1,350.0
5859,33,8,2023-01-28,1,500.0
5860,30,12,2023-01-28,1,65.0
5861,86,27,2023-01-28,1,40.0
5862,31,14,2023-01-29,2,140.0
5863,35,4,2023-01-29,13,1560.0
5864,27,2,2023-01-29,1,35.0
5865,66,10,2023-01-29,2,440.0
5866,81,4,2023-01-30,1,120.0
5867,60,2,2023-01-30,1,35.0
5868,86,9,2023-01-30,1,180.0
5869,29,15,2023-01-30,1,180.0
5870,42,11,2023-01-30,1,800.0
5871,28,14,2023-01-30,4,280.0
5872,17,22,2023-01-31,1,28.0
5873,8,10,2023-01-31,4,880.0
5874,61,19,2023-02-01,4,80.0
5875,37,20,2023-02-01,2,50.0
5876,18,23,2023-02-01,1,15.0
5877,16,18,2023-02-01,1,50.0
5878,39,3,2023-02-01,1,55.0
5879,81,28,2023-02-02,1,45.0
5880,49,17,2023-02-02,1,40.0
5881,84,19,2023-02-03,1,20.0
5882,20,30,2023-02-03,1,50.0
5883,43,30,2023-02-03,3,150.0
5884,83,14,2023-02-03,1,70.0
5885,76,3,2023-02-03,1,55.0
5886,22,29,2023-02-04,1,38.0
5887,78,26,2023-02-04,1,35.0
5888,12,24,2023-02-06,1,35.0
5889,66,15,2023-02-06,1,180.0
5890,28,18,2023-02-06,1,50.0
5891,56,28,2023-02-06,1,45.0
5892,22,20,2023-02-07,1,25.0
5893,88,19,2023-02-07,3,60.0
5894,70,2,2023-02-07,1,35.0
5895,64,3,2023-02-07,1,55.0
5896,21,9,2023-02-07,1,180.0
5897,50,10,2023-02-07,1,220.0
5898,28,26,2023-02-08,2,70.0
5899,46,10,2023-02-08,1,220.0
5900,7,17,2023-02-09,3,120.0
5901,59,2,2023-02-09,2,70.0
5902,36,13,2023-02-09,1,50.0
5903,50,21,2023-02-09,2,30.0
5904,51,30,2023-02-10,2,100.0
5905,51,21,2023-02-10,4,60.0
5906,82,1,2023-02-10,5,6000.0
5907,76,11,2023-02-10,2,1600.0
5908,1,22,2023-02-10,3,84.0
5909,12,1,2023-02-11,2,2400.0
5910,25,22,2023-02-11,1,28.0
5911,17,30,2023-02-11,1,50.0
5912,71,23,2023-02-12,1,15.0
5913,12,6,2023-02-12,1,80.0
5914,53,16,2023-02-13,2,240.0
5915,49,1,2023-02-13,1,1200.0
5916,10,2,2023-02-13,5,175.0
5917,54,11,2023-02-13,1,800.0
5918,92,24,2023-02-14,1,35.0
5919,84,7,2023-02-14,2,600.0
5920,100,17,2023-02-14,9,360.0
5921,67,20,2023-02-14,3,75.0
5922,50,30,2023-02-15,1,50.0
5923,26,15,2023-02-15,1,180.0
5924,25,11,2023-02-15,1,800.0
5925,3,14,2023-02-15,1,70.0
5926,20,3,2023-02-15,1,55.0
5927,52,3,2023-02-16,1,55.0
5928,13,16,2023-02-16,1,120.0
5929,15,8,2023-02-16,1,500.0
5930,13,21,2023-02-16,1,15.0
5931,25,3,2023-02-16,1,55.0
5932,21,20,2023-02-17,2,50.0
5933,94,10,2023-02-17,1,220.0
5934,78,7,2023-02-17,6,1800.0
5935,27,23,2023-02-18,2,30.0
5936,12,8,2023-02-18,1,500.0
5937,64,18,2023-02-18,1,50.0
5938,97,2,2023-02-18,2,70.0
5939,46,7,2023-02-18,1,300.0
5940,19,7,2023-02-19,1,300.0
5941,92,8,2023-02-20,1,500.0
5942,69,22,2023-02-20,4,112.0
5943,93,7,2023-02-21,2,600.0
5944,47,21,2023-02-21,3,45.0
5945,90,13,2023-02-22,2,100.0
5946,7,25,2023-02-22,1,30.0
5947,14,5,2023-02-22,4,1400.0
5948,21,27,2023-02-23,2,80.0
5949,97,17,2023-02-23,1,40.0
5950,55,5,2023-02-23,1,350.0
5951,84,21,2023-02-24,2,30.0
5952,59,15,2023-02-24,1,180.0
5953,30,6,2023-02-24,3,240.0
5954,44,1,2023-02-25,1,1200.0
5955,64,28,2023-02-25,1,45.0
5956,98,20,2023-02-25,1,25.0
5957,52,17,2023-02-25,1,40.0
5958,87,22,2023-02-25,2,56.0
5959,94,3,2023-02-25,1,55.0
5960,45,15,2023-02-26,1,180.0
5961,88,24,2023-02-26,1,35.0
5962,40,1,2023-02-26,2,2400.0
5963,41,8,2023-02-26,1,500.0
5964,4,29,2023-02-26,2,76.0
5965,54,16,2023-02-26,6,720.0
5966,27,11,2023-02-27,6,4800.0
5967,56,6,2023-02-28,1,80.0
5968,66,21,2023-02-28,1,15.0
5969,1,23,2023-02-28,17,255.0
5970,75,26,2023-03-01,7,245.0
5971,14,22,2023-03-01,4,112.0
5972,56,7,2023-03-01,2,600.0
5973,34,2,2023-03-01,3,105.0
5974,80,11,2023-03-02,1,800.0
5975,16,3,2023-03-02,3,165.0
5976,59,25,2023-03-02,2,60.0
5977,68,10,2023-03-02,2,440.0
5978,4,22,2023-03-02,4,112.0
5979,20,2,2023-03-03,2,70.0
5980,23,29,2023-03-03,3,114.0
5981,3,21,2023-03-03,1,15.0
5982,84,8,2023-03-04,5,2500.0
5983,49,18,2023-03-04,1,50.0
5984,60,22,2023-03-04,1,28.0
5985,78,16,2023-03-04,1,120.0
5986,60,4,2023-03-04,1,120.0
5987,21,15,2023-03-05,1,180.0
5988,59,25,2023-03-05,2,60.0
5989,30,19,2023-03-05,2,40.0
5990,94,2,2023-03-05,1,35.0
5991,80,5,2023-03-06,2,700.0
5992,59,3,2023-03-06,1,55.0
5993,83,6,2023-03-06,2,160.0
5994,51,11,2023-03-06,2,1600.0
5995,91,27,2023-03-06,1,40.0
5996,35,29,2023-03-07,11,418.0
5997,75,24,2023-03-07,1,35.0
5998,53,7,2023-03-08,1,300.0
5999,49,1,2023-03-08,1,1200.0
6000,50,11,2023-03-08,1,800.0
6001,50,25,2023-03-09,3,90.0
6002,83,26,2023-03-10,1,35.0
6003,29,1,2023-03-10,3,3600.0
6004,5,6,2023-03-10,1,80.0
6005,88,27,2023-03-11,1,40.0
6006,19,29,2023-03-11,1,38.0
6007,69,6,2023-03-11,1,80.0
6008,93,25,2023-03-12,1,30.0
6009,59,4,2023-03-12,2,240.0
6010,75,19,2023-03-12,1,20.0
6011,67,4,2023-03-12,1,120.0
6012,16,8,2023-03-13,1,500.0
6013,37,27,2023-03-14,2,80.0
6014,80,14,2023-03-14,3,210.0
6015,55,9,2023-03-14,2,360.0
6016,72,20,2023-03-14,1,25.0
6017,97,9,2023-03-14,1,180.0
6018,66,9,2023-03-14,5,900.0
6019,11,7,2023-03-15,1,300.0
6020,52,30,2023-03-16,1,50.0
6021,32,12,2023-03-16,2,130.0
6022,48,23,2023-03-16,1,15.0
6023,86,1,2023-03-16,2,2400.0
6024,12,23,2023-03-16,4,60.0
6025,31,15,2023-03-17,5,900.0
6026,77,13,2023-03-18,1,50.0
6027,85,12,2023-03-18,2,130.0
6028,99,22,2023-03-18,1,28.0
6029,21,9,2023-03-19,2,360.0
6030,20,12,2023-03-20,3,195.0
6031,56,13,2023-03-20,4,200.0
6032,45,20,2023-03-20,10,250.0
6033,18,10,2023-03-21,1,220.0
6034,90,5,2023-03-21,3,1050.0
6035,29,21,2023-03-21,2,30.0
6036,12,2,2023-03-21,1,35.0
6037,22,1,2023-03-21,3,3600.0
6038,14,7,2023-03-22,1,300.0
6039,76,6,2023-03-22,2,160.0
6040,44,2,2023-03-22,4,140.0
6041,23,11,2023-03-23,1,800.0
6042,43,21,2023-03-23,1,15.0
6043,84,21,2023-03-23,2,30.0
6044,72,9,2023-03-23,2,360.0
6045,38,29,2023-03-23,2,76.0
6046,98,18,2023-03-24,2,100.0
6047,58,29,2023-03-24,2,76.0
6048,18,23,2023-03-24,1,15.0
6049,77,17,2023-03-25,1,40.0
6050,2,27,2023-03-25,13,520.0
6051,96,6,2023-03-25,1,80.0
6052,47,1,2023-03-25,1,1200.0
6053,97,6,2023-03-26,6,480.0
6054,28,11,2023-03-26,2,1600.0
6055,65,9,2023-03-26,2,360.0
6056,56,18,2023-03-26,1,50.0
6057,91,28,2023-03-26,4,180.0
6058,19,27,2023-03-26,1,40.0
6059,67,6,2023-03-27,6,480.0
6060,98,6,2023-03-27,2,160.0
6061,86,17,2023-03-27,1,40.0
6062,57,11,2023-03-28,1,800.0
6063,32,7,2023-03-28,6,1800.0
6064,46,19,2023-03-28,1,20.0
6065,21,12,2023-03-29,1,65.0
6066,82,29,2023-03-29,1,38.0
6067,40,23,2023-03-29,4,60.0
6068,51,16,2023-03-29,1,120.0
6069,42,25,2023-03-30,1,30.0
6070,92,7,2023-03-30,3,900.0
6071,90,17,2023-03-30,1,40.0
6072,23,10,2023-03-31,5,1100.0
6073,30,1,2023-03-31,5,6000.0
6074,1,6,2023-04-01,3,240.0
6075,73,8,2023-04-01,1,500.0
6076,36,18,2023-04-01,1,50.0
6077,48,24,2023-04-02,2,70.0
6078,27,25,2023-04-02,5,150.0
6079,73,11,2023-04-02,1,800.0
6080,62,9,2023-04-02,6,1080.0
6081,14,20,2023-04-03,1,25.0
6082,48,16,2023-04-04,2,240.0
6083,72,14,2023-04-04,1,70.0
6084,51,4,2023-04-04,1,120.0
6085,49,3,2023-04-04,2,110.0
6086,51,9,2023-04-04,1,180.0
6087,69,27,2023-04-05,1,40.0
6088,65,12,2023-04-05,1,65.0
6089,73,30,2023-04-05,3,150.0
6090,57,25,2023-04-05,1,30.0
6091,66,5,2023-04-06,3,1050.0
6092,41,7,2023-04-06,4,1200.0
6093,43,26,2023-04-06,3,105.0
6094,78,7,2023-04-06,3,900.0
6095,72,27,2023-04-06,9,360.0
6096,35,13,2023-04-07,4,200.0
6097,66,1,2023-04-07,2,2400.0
6098,14,21,2023-04-07,18,270.0
6099,80,30,2023-04-07,4,200.0
6100,51,19,2023-04-08,4,80.0
6101,71,3,2023-04-08,1,55.0
6102,70,8,2023-04-08,3,1500.0
6103,82,15,2023-04-08,3,540.0
6104,16,12,2023-04-09,4,260.0
6105,19,5,2023-04-09,2,700.0
6106,3,26,2023-04-10,10,350.0
6107,51,3,2023-04-10,7,385.0
6108,81,21,2023-04-10,1,15.0
6109,55,14,2023-04-11,3,210.0
6110,3,21,2023-04-11,5,75.0
6111,33,17,2023-04-11,1,40.0
6112,98,16,2023-04-11,5,600.0
6113,17,11,2023-04-11,5,4000.0
6114,65,10,2023-04-12,1,220.0
6115,12,10,2023-04-12,1,220.0
6116,98,23,2023-04-12,2,30.0
6117,73,2,2023-04-12,2,70.0
6118,73,15,2023-04-13,5,900.0
6119,49,30,2023-04-13,3,150.0
6120,25,12,2023-04-13,3,195.0
6121,66,10,2023-04-13,1,220.0
6122,43,30,2023-04-13,4,200.0
6123,69,13,2023-04-13,1,50.0
6124,8,8,2023-04-13,5,2500.0
6125,41,3,2023-04-14,22,1210.0
6126,96,1,2023-04-14,3,3600.0
6127,30,26,2023-04-14,5,175.0
6128,95,10,2023-04-14,3,660.0
6129,10,3,2023-04-14,6,330.0
6130,16,16,2023-04-14,1,120.0
6131,16,16,2023-04-15,3,360.0
6132,38,9,2023-04-15,1,180.0
6133,71,17,2023-04-15,2,80.0
6134,4,18,2023-04-16,1,50.0
6135,4,12,2023-04-16,2,130.0
6136,24,28,2023-04-16,1,45.0
6137,8,21,2023-04-16,3,45.0
6138,81,7,2023-04-16,3,900.0
6139,3,8,2023-04-16,4,2000.0
6140,78,10,2023-04-17,1,220.0
6141,16,6,2023-04-17,5,400.0
6142,69,1,2023-04-17,6,7200.0
6143,75,26,2023-04-17,3,105.0
6144,9,7,2023-04-18,1,300.0
6145,69,8,2023-04-18,18,9000.0
6146,44,11,2023-04-18,1,800.0
6147,77,6,2023-04-18,19,1520.0
6148,9,14,2023-04-18,4,280.0
6149,34,23,2023-04-19,5,75.0
6150,2,30,2023-04-19,4,200.0
6151,4,12,2023-04-19,3,195.0
6152,14,25,2023-04-19,1,30.0
6153,35,12,2023-04-19,3,195.0
6154,98,2,2023-04-20,2,70.0
6155,26,16,2023-04-20,1,120.0
6156,87,1,2023-04-20,1,1200.0
6157,67,17,2023-04-20,4,160.0
6158,74,10,2023-04-21,9,1980.0
6159,70,7,2023-04-21,3,900.0
6160,30,22,2023-04-21,3,84.0
6161,55,3,2023-04-22,1,55.0
6162,68,4,2023-04-22,5,600.0
6163,30,6,2023-04-24,5,400.0
6164,64,2,2023-04-24,6,210.0
6165,74,5,2023-04-24,7,2450.0
6166,53,19,2023-04-24,16,320.0
6167,86,26,2023-04-25,18,630.0
6168,97,15,2023-04-25,2,360.0
6169,64,27,2023-04-25,1,40.0
6170,99,6,2023-04-25,10,800.0
6171,4,8,2023-04-25,4,2000.0
6172,94,27,2023-04-25,3,120.0
6173,4,23,2023-04-26,2,30.0
6174,22,12,2023-04-26,2,130.0
6175,26,23,2023-04-26,2,30.0
6176,60,25,2023-04-27,7,210.0
6177,86,6,2023-04-28,3,240.0
6178,7,27,2023-04-28,1,40.0
6179,53,2,2023-04-28,5,175.0
6180,32,19,2023-04-29,1,20.0
6181,67,5,2023-04-29,5,1750.0
6182,5,16,2023-04-30,1,120.0
6183,18,7,2023-04-30,2,600.0
6184,25,2,2023-04-30,1,35.0
6185,56,23,2023-05-01,1,15.0
6186,91,20,2023-05-01,3,75.0
6187,82,14,2023-05-01,1,70.0
6188,18,16,2023-05-01,7,840.0
6189,24,5,2023-05-02,6,2100.0
6190,9,19,2023-05-02,3,60.0
6191,100,29,2023-05-03,2,76.0
6192,10,7,2023-05-03,3,900.0
6193,88,29,2023-05-03,2,76.0
6194,24,14,2023-05-03,4,280.0
6195,20,23,2023-05-04,1,15.0
6196,73,15,2023-05-04,4,720.0
6197,29,30,2023-05-04,2,100.0
6198,8,1,2023-05-04,1,1200.0
6199,71,4,2023-05-04,2,240.0
6200,39,16,2023-05-05,2,240.0
6201,64,19,2023-05-05,3,60.0
6202,98,10,2023-05-05,2,440.0
6203,35,19,2023-05-05,3,60.0
6204,77,7,2023-05-06,2,600.0
6205,94,9,2023-05-06,5,900.0
6206,26,20,2023-05-07,1,25.0
6207,18,9,2023-05-07,5,900.0
6208,14,9,2023-05-07,4,720.0
6209,51,10,2023-05-07,3,660.0
6210,39,25,2023-05-07,1,30.0
6211,80,12,2023-05-08,23,1495.0
6212,72,18,2023-05-08,1,50.0
6213,48,16,2023-05-08,4,480.0
6214,14,19,2023-05-08,1,20.0
6215,94,17,2023-05-08,2,80.0
6216,41,13,2023-05-09,1,50.0
6217,76,9,2023-05-10,6,1080.0
6218,77,5,2023-05-10,2,700.0
6219,71,17,2023-05-10,3,120.0
6220,80,28,2023-05-10,1,45.0
6221,63,15,2023-05-10,6,1080.0
6222,97,21,2023-05-11,4,60.0
6223,72,5,2023-05-11,1,350.0
6224,24,19,2023-05-11,4,80.0
6225,3,8,2023-05-11,4,2000.0
6226,63,8,2023-05-11,1,500.0
6227,43,1,2023-05-11,3,3600.0
6228,19,10,2023-05-12,4,880.0
6229,85,12,2023-05-12,1,65.0
6230,46,23,2023-05-12,1,15.0
6231,26,15,2023-05-12,24,4320.0
6232,39,18,2023-05-12,15,750.0
6233,63,15,2023-05-13,3,540.0
6234,28,20,2023-05-13,7,175.0
6235,74,3,2023-05-13,2,110.0
6236,76,2,2023-05-13,1,35.0
6237,61,10,2023-05-13,3,660.0
6238,25,11,2023-05-14,4,3200.0
6239,51,4,2023-05-14,1,120.0
6240,21,19,2023-05-14,1,20.0
6241,41,4,2023-05-14,3,360.0
6242,4,4,2023-05-15,2,240.0
6243,20,28,2023-05-15,1,45.0
6244,36,10,2023-05-15,1,220.0
6245,82,30,2023-05-16,2,100.0
6246,36,26,2023-05-16,2,70.0
6247,77,28,2023-05-16,1,45.0
6248,41,11,2023-05-17,1,800.0
6249,85,28,2023-05-17,1,45.0
6250,61,24,2023-05-17,13,455.0
6251,70,15,2023-05-17,2,360.0
6252,96,20,2023-05-17,1,25.0
6253,18,8,2023-05-18,2,1000.0
6254,67,1,2023-05-18,1,1200.0
6255,58,25,2023-05-18,1,30.0
6256,94,3,2023-05-18,2,110.0
6257,92,11,2023-05-19,1,800.0
6258,36,21,2023-05-19,1,15.0
6259,3,14,2023-05-19,1,70.0
6260,79,25,2023-05-20,1,30.0
6261,94,8,2023-05-20,1,500.0
6262,52,21,2023-05-20,2,30.0
6263,37,26,2023-05-20,1,35.0
6264,5,1,2023-05-20,3,3600.0
6265,19,7,2023-05-20,4,1200.0
6266,2,1,2023-05-21,1,1200.0
6267,83,9,2023-05-21,1,180.0
6268,41,12,2023-05-22,2,130.0
6269,25,14,2023-05-22,1,70.0
6270,81,7,2023-05-23,8,2400.0
6271,94,15,2023-05-23,3,540.0
6272,68,28,2023-05-23,4,180.0
6273,6,23,2023-05-23,3,45.0
6274,73,17,2023-05-23,1,40.0
6275,46,21,2023-05-23,2,30.0
6276,29,6,2023-05-24,2,160.0
6277,78,24,2023-05-24,6,210.0
6278,87,23,2023-05-24,1,15.0
6279,48,4,2023-05-26,4,480.0
6280,90,29,2023-05-26,3,114.0
6281,6,13,2023-05-26,3,150.0
6282,43,15,2023-05-26,5,900.0
6283,26,5,2023-05-27,1,350.0
6284,41,12,2023-05-28,1,65.0
6285,94,27,2023-05-29,7,280.0
6286,22,29,2023-05-29,3,114.0
6287,23,9,2023-05-30,2,360.0
6288,49,12,2023-05-31,6,390.0
6289,82,11,2023-05-31,5,4000.0
6290,84,16,2023-05-31,1,120.0
6291,16,26,2023-06-02,1,35.0
6292,72,25,2023-06-02,4,120.0
6293,65,8,2023-06-02,4,2000.0
6294,3,8,2023-06-03,1,500.0
6295,72,14,2023-06-03,1,70.0
6296,97,2,2023-06-03,2,70.0
6297,90,6,2023-06-03,9,720.0
6298,13,30,2023-06-03,3,150.0
6299,32,3,2023-06-04,1,55.0
6300,3,18,2023-06-04,2,100.0
6301,68,18,2023-06-05,2,100.0
6302,75,16,2023-06-05,2,240.0
6303,44,3,2023-06-05,6,330.0
6304,5,13,2023-06-06,3,150.0
6305,21,15,2023-06-07,4,720.0
6306,5,15,2023-06-07,1,180.0
6307,52,5,2023-06-07,1,350.0
6308,19,12,2023-06-08,1,65.0
6309,93,10,2023-06-08,16,3520.0
6310,77,21,2023-06-08,4,60.0
6311,22,13,2023-06-09,1,50.0
6312,63,25,2023-06-09,5,150.0
6313,53,19,2023-06-09,3,60.0
6314,80,4,2023-06-10,1,120.0
6315,20,8,2023-06-10,1,500.0
6316,12,1,2023-06-10,1,1200.0
6317,87,16,2023-06-11,1,120.0
6318,1,17,2023-06-11,2,80.0
6319,83,20,2023-06-11,1,25.0
6320,27,22,2023-06-12,1,28.0
6321,16,8,2023-06-12,3,1500.0
6322,96,19,2023-06-13,1,20.0
6323,21,24,2023-06-13,2,70.0
6324,7,27,2023-06-13,3,120.0
6325,34,30,2023-06-13,3,150.0
6326,18,4,2023-06-13,1,120.0
6327,6,25,2023-06-13,6,180.0
6328,42,25,2023-06-14,1,30.0
6329,37,22,2023-06-14,1,28.0
6330,69,25,2023-06-15,5,150.0
6331,3,6,2023-06-16,3,240.0
6332,19,18,2023-06-16,22,1100.0
6333,56,23,2023-06-16,5,75.0
6334,4,1,2023-06-16,2,2400.0
6335,72,4,2023-06-16,3,360.0
6336,17,25,2023-06-16,2,60.0
6337,49,15,2023-06-17,1,180.0
6338,40,2,2023-06-17,5,175.0
6339,5,30,2023-06-17,2,100.0
6340,15,22,2023-06-17,2,56.0
6341,21,24,2023-06-18,4,140.0
6342,100,21,2023-06-18,2,30.0
6343,91,17,2023-06-18,10,400.0
6344,98,8,2023-06-18,3,1500.0
6345,66,9,2023-06-18,1,180.0
6346,43,3,2023-06-18,1,55.0
6347,97,15,2023-06-18,2,360.0
6348,89,18,2023-06-19,3,150.0
6349,28,12,2023-06-19,3,195.0
6350,94,16,2023-06-19,2,240.0
6351,87,16,2023-06-20,3,360.0
6352,33,15,2023-06-21,2,360.0
6353,57,25,2023-06-21,1,30.0
6354,92,29,2023-06-21,4,152.0
6355,47,1,2023-06-21,1,1200.0
6356,83,13,2023-06-22,5,250.0
6357,54,17,2023-06-22,1,40.0
6358,53,13,2023-06-23,3,150.0
6359,4,28,2023-06-23,1,45.0
6360,38,6,2023-06-24,2,160.0
6361,75,27,2023-06-25,2,80.0
6362,29,8,2023-06-25,1,500.0
6363,25,24,2023-06-25,5,175.0
6364,63,22,2023-06-25,1,28.0
6365,35,20,2023-06-26,16,400.0
6366,65,20,2023-06-26,7,175.0
6367,16,11,2023-06-26,6,4800.0
6368,85,9,2023-06-26,3,540.0
6369,5,13,2023-06-27,4,200.0
6370,13,24,2023-06-27,6,210.0
6371,85,24,2023-06-27,3,105.0
6372,85,25,2023-06-27,1,30.0
6373,97,20,2023-06-28,1,25.0
6374,40,30,2023-06-28,1,50.0
6375,41,6,2023-06-28,1,80.0
6376,50,18,2023-06-28,1,50.0
6377,33,27,2023-06-28,7,280.0
6378,18,3,2023-06-29,4,220.0
6379,35,21,2023-06-30,4,60.0
6380,35,10,2023-06-30,1,220.0
6381,32,8,2023-06-30,1,500.0
6382,35,22,2023-06-30,17,476.0
6383,48,13,2023-07-01,2,100.0
6384,98,4,2023-07-01,1,120.0
6385,22,26,2023-07-01,2,70.0
6386,49,10,2023-07-01,2,440.0
6387,88,6,2023-07-01,1,80.0
6388,50,18,2023-07-01,3,150.0
6389,100,8,2023-07-03,5,2500.0
6390,98,6,2023-07-03,1,80.0
6391,43,30,2023-07-03,1,50.0
6392,58,5,2023-07-04,2,700.0
6393,12,28,2023-07-04,1,45.0
6394,34,26,2023-07-04,12,420.0
6395,64,18,2023-07-04,1,50.0
6396,22,23,2023-07-04,1,15.0
6397,33,23,2023-07-05,1,15.0
6398,99,14,2023-07-05,1,70.0
6399,47,23,2023-07-05,1,15.0
6400,85,5,2023-07-06,3,1050.0
6401,69,7,2023-07-06,1,300.0
6402,94,9,2023-07-06,1,180.0
6403,92,26,2023-07-07,1,35.0
6404,38,30,2023-07-07,1,50.0
6405,12,30,2023-07-07,5,250.0
6406,13,17,2023-07-07,6,240.0
6407,15,2,2023-07-07,1,35.0
6408,90,4,2023-07-08,1,120.0
6409,2,3,2023-07-08,1,55.0
6410,18,29,2023-07-08,2,76.0
6411,11,29,2023-07-09,1,38.0
6412,94,22,2023-07-09,3,84.0
6413,62,25,2023-07-09,1,30.0
6414,24,11,2023-07-09,7,5600.0
6415,58,15,2023-07-10,1,180.0
6416,13,24,2023-07-10,4,140.0
6417,32,15,2023-07-10,1,180.0
6418,93,27,2023-07-11,1,40.0
6419,96,24,2023-07-11,1,35.0
6420,86,3,2023-07-11,3,165.0
6421,95,9,2023-07-12,4,720.0
6422,81,27,2023-07-12,2,80.0
6423,18,25,2023-07-12,1,30.0
6424,73,21,2023-07-12,4,60.0
6425,96,19,2023-07-13,1,20.0
6426,12,12,2023-07-13,2,130.0
6427,19,19,2023-07-13,1,20.0
6428,11,26,2023-07-14,4,140.0
6429,90,8,2023-07-14,6,3000.0
6430,50,2,2023-07-14,4,140.0
6431,100,16,2023-07-14,1,120.0
6432,37,23,2023-07-14,2,30.0
6433,25,11,2023-07-15,1,800.0
6434,63,4,2023-07-16,1,120.0
6435,14,3,2023-07-17,3,165.0
6436,8,7,2023-07-17,5,1500.0
6437,77,27,2023-07-17,4,160.0
6438,71,22,2023-07-17,2,56.0
6439,15,25,2023-07-18,1,30.0
6440,59,2,2023-07-18,19,665.0
6441,6,17,2023-07-18,1,40.0
6442,22,3,2023-07-18,1,55.0
6443,83,9,2023-07-19,1,180.0
6444,67,5,2023-07-19,19,6650.0
6445,88,3,2023-07-19,1,55.0
6446,23,10,2023-07-20,5,1100.0
6447,41,6,2023-07-21,7,560.0
6448,21,18,2023-07-21,1,50.0
6449,98,12,2023-07-21,11,715.0
6450,61,10,2023-07-21,3,660.0
6451,6,19,2023-07-21,22,440.0
6452,24,3,2023-07-22,1,55.0
6453,29,12,2023-07-22,6,390.0
6454,27,27,2023-07-22,1,40.0
6455,33,21,2023-07-22,1,15.0
6456,82,25,2023-07-22,1,30.0
6457,5,18,2023-07-22,1,50.0
6458,65,25,2023-07-22,1,30.0
6459,86,6,2023-07-22,2,160.0
6460,59,3,2023-07-22,1,55.0
6461,83,23,2023-07-22,1,15.0
6462,14,16,2023-07-23,1,120.0
6463,73,10,2023-07-24,12,2640.0
6464,8,21,2023-07-24,2,30.0
6465,81,19,2023-07-24,2,40.0
6466,42,6,2023-07-25,1,80.0
6467,80,20,2023-07-25,1,25.0
6468,58,27,2023-07-25,5,200.0
6469,46,9,2023-07-25,1,180.0
6470,65,22,2023-07-25,4,112.0
6471,96,27,2023-07-25,16,640.0
6472,6,27,2023-07-26,8,320.0
6473,76,7,2023-07-26,5,1500.0
6474,69,20,2023-07-26,1,25.0
6475,84,25,2023-07-26,15,450.0
6476,93,7,2023-07-26,3,900.0
6477,10,24,2023-07-26,5,175.0
6478,8,26,2023-07-27,5,175.0
6479,94,22,2023-07-27,3,84.0
6480,76,9,2023-07-27,3,540.0
6481,26,16,2023-07-27,1,120.0
6482,9,6,2023-07-27,3,240.0
6483,65,12,2023-07-27,8,520.0
6484,35,25,2023-07-27,1,30.0
6485,6,5,2023-07-28,6,2100.0
6486,100,16,2023-07-28,1,120.0
6487,73,16,2023-07-29,3,360.0
6488,13,28,2023-07-29,2,90.0
6489,14,14,2023-07-29,1,70.0
6490,55,21,2023-07-29,3,45.0
6491,83,28,2023-07-29,5,225.0
6492,73,4,2023-07-29,4,480.0
6493,83,16,2023-07-29,4,480.0
6494,72,29,2023-07-29,1,38.0
6495,84,6,2023-07-29,1,80.0
6496,100,9,2023-07-29,1,180.0
6497,64,13,2023-07-30,10,500.0
6498,24,10,2023-07-30,1,220.0
6499,94,19,2023-07-30,3,60.0
6500,37,1,2023-07-30,1,1200.0
6501,9,28,2023-07-30,3,135.0
6502,79,24,2023-07-30,1,35.0
6503,46,27,2023-07-30,1,40.0
6504,13,2,2023-07-30,1,35.0
6505,74,6,2023-07-30,5,400.0
6506,57,19,2023-07-31,5,100.0
6507,55,19,2023-07-31,9,180.0
6508,23,22,2023-07-31,1,28.0
6509,93,8,2023-07-31,1,500.0
6510,82,11,2023-08-02,3,2400.0
6511,49,23,2023-08-02,6,90.0
6512,59,17,2023-08-03,1,40.0
6513,56,9,2023-08-03,2,360.0
6514,69,13,2023-08-03,1,50.0
6515,62,1,2023-08-03,2,2400.0
6516,59,27,2023-08-03,5,200.0
6517,68,17,2023-08-03,2,80.0
6518,48,11,2023-08-03,3,2400.0
6519,35,20,2023-08-03,6,150.0
6520,81,13,2023-08-04,1,50.0
6521,76,23,2023-08-04,5,75.0
6522,57,12,2023-08-04,2,130.0
6523,55,17,2023-08-04,1,40.0
6524,9,29,2023-08-05,2,76.0
6525,19,27,2023-08-05,1,40.0
6526,90,7,2023-08-05,1,300.0
6527,69,10,2023-08-06,1,220.0
6528,57,10,2023-08-06,1,220.0
6529,41,15,2023-08-07,1,180.0
6530,67,12,2023-08-08,13,845.0
6531,68,18,2023-08-08,6,300.0
6532,94,17,2023-08-08,1,40.0
6533,59,7,2023-08-09,3,900.0
6534,65,10,2023-08-09,2,440.0
6535,32,24,2023-08-09,7,245.0
6536,97,20,2023-08-09,2,50.0
6537,27,9,2023-08-10,1,180.0
6538,25,16,2023-08-10,13,1560.0
6539,46,4,2023-08-10,1,120.0
6540,97,20,2023-08-10,4,100.0
6541,90,27,2023-08-11,1,40.0
6542,99,15,2023-08-11,2,360.0
6543,23,23,2023-08-11,4,60.0
6544,27,13,2023-08-11,8,400.0
6545,99,15,2023-08-11,6,1080.0
6546,22,9,2023-08-11,1,180.0
6547,86,19,2023-08-11,7,140.0
6548,25,15,2023-08-11,2,360.0
6549,67,8,2023-08-11,6,3000.0
6550,41,24,2023-08-11,2,70.0
6551,49,3,2023-08-12,3,165.0
6552,92,3,2023-08-12,1,55.0
6553,7,6,2023-08-13,2,160.0
6554,96,3,2023-08-13,1,55.0
6555,75,10,2023-08-13,2,440.0
6556,64,24,2023-08-14,3,105.0
6557,92,30,2023-08-14,1,50.0
6558,91,22,2023-08-14,2,56.0
6559,86,17,2023-08-14,1,40.0
6560,35,26,2023-08-14,2,70.0
6561,18,5,2023-08-14,1,350.0
6562,19,25,2023-08-14,3,90.0
6563,10,9,2023-08-14,3,540.0
6564,25,17,2023-08-15,3,120.0
6565,85,7,2023-08-15,3,900.0
6566,39,17,2023-08-15,1,40.0
6567,35,3,2023-08-16,1,55.0
6568,53,20,2023-08-16,8,200.0
6569,62,29,2023-08-17,4,152.0
6570,84,11,2023-08-17,1,800.0
6571,80,5,2023-08-17,15,5250.0
6572,7,20,2023-08-17,3,75.0
6573,28,4,2023-08-17,1,120.0
6574,82,6,2023-08-18,2,160.0
6575,85,7,2023-08-19,1,300.0
6576,18,30,2023-08-19,1,50.0
6577,55,17,2023-08-20,2,80.0
6578,9,17,2023-08-20,3,120.0
6579,27,18,2023-08-20,3,150.0
6580,67,20,2023-08-21,1,25.0
6581,15,15,2023-08-22,5,900.0
6582,96,29,2023-08-22,3,114.0
6583,80,25,2023-08-22,1,30.0
6584,93,9,2023-08-22,3,540.0
6585,44,28,2023-08-23,6,270.0
6586,89,30,2023-08-23,3,150.0
6587,82,22,2023-08-24,1,28.0
6588,98,16,2023-08-24,5,600.0
6589,37,19,2023-08-25,10,200.0
6590,4,13,2023-08-25,1,50.0
6591,49,20,2023-08-25,4,100.0
6592,48,21,2023-08-25,4,60.0
6593,87,30,2023-08-25,5,250.0
6594,4,5,2023-08-25,3,1050.0
6595,56,10,2023-08-26,4,880.0
6596,1,21,2023-08-26,4,60.0
6597,32,9,2023-08-26,2,360.0
6598,76,3,2023-08-27,11,605.0
6599,33,18,2023-08-27,1,50.0
6600,13,15,2023-08-27,1,180.0
6601,25,10,2023-08-27,1,220.0
6602,70,28,2023-08-27,1,45.0
6603,53,2,2023-08-27,1,35.0
6604,99,25,2023-08-27,15,450.0
6605,63,14,2023-08-27,2,140.0
6606,65,20,2023-08-28,8,200.0
6607,16,30,2023-08-28,1,50.0
6608,20,10,2023-08-29,1,220.0
6609,83,9,2023-08-29,7,1260.0
6610,29,2,2023-08-29,7,245.0
6611,25,13,2023-08-30,1,50.0
6612,79,16,2023-08-31,2,240.0
6613,28,13,2023-08-31,1,50.0
6614,91,8,2023-09-01,1,500.0
6615,70,8,2023-09-02,4,2000.0
6616,97,23,2023-09-02,1,15.0
6617,55,26,2023-09-02,1,35.0
6618,89,21,2023-09-03,4,60.0
6619,29,7,2023-09-04,5,1500.0
6620,42,3,2023-09-04,1,55.0
6621,18,27,2023-09-04,9,360.0
6622,87,15,2023-09-05,6,1080.0
6623,23,21,2023-09-05,1,15.0
6624,61,9,2023-09-05,1,180.0
6625,58,13,2023-09-06,1,50.0
6626,18,9,2023-09-06,7,1260.0
6627,32,15,2023-09-07,7,1260.0
6628,14,13,2023-09-07,3,150.0
6629,69,12,2023-09-07,3,195.0
6630,5,21,2023-09-08,1,15.0
6631,43,1,2023-09-08,8,9600.0
6632,72,18,2023-09-08,5,250.0
6633,54,21,2023-09-08,7,105.0
6634,45,18,2023-09-09,2,100.0
6635,76,1,2023-09-09,3,3600.0
6636,89,2,2023-09-10,8,280.0
6637,4,21,2023-09-10,2,30.0
6638,19,11,2023-09-11,17,13600.0
6639,22,15,2023-09-11,5,900.0
6640,25,27,2023-09-11,3,120.0
6641,46,25,2023-09-11,3,90.0
6642,74,9,2023-09-11,1,180.0
6643,50,9,2023-09-12,4,720.0
6644,40,1,2023-09-12,2,2400.0
6645,51,8,2023-09-12,10,5000.0
6646,90,26,2023-09-12,4,140.0
6647,51,18,2023-09-13,1,50.0
6648,84,23,2023-09-13,6,90.0
6649,88,6,2023-09-13,3,240.0
6650,66,10,2023-09-13,2,440.0
6651,67,28,2023-09-13,1,45.0
6652,69,6,2023-09-14,4,320.0
6653,61,14,2023-09-14,1,70.0
6654,79,16,2023-09-14,3,360.0
6655,63,24,2023-09-14,6,210.0
6656,14,17,2023-09-15,8,320.0
6657,52,16,2023-09-15,2,240.0
6658,12,8,2023-09-15,1,500.0
6659,10,25,2023-09-16,4,120.0
6660,32,16,2023-09-16,3,360.0
6661,21,28,2023-09-16,3,135.0
6662,77,24,2023-09-16,5,175.0
6663,63,27,2023-09-16,1,40.0
6664,81,2,2023-09-16,4,140.0
6665,81,7,2023-09-17,1,300.0
6666,6,9,2023-09-17,1,180.0
6667,23,23,2023-09-17,1,15.0
6668,76,1,2023-09-17,1,1200.0
6669,25,11,2023-09-18,5,4000.0
6670,86,2,2023-09-18,4,140.0
6671,84,3,2023-09-18,1,55.0
6672,80,30,2023-09-18,7,350.0
6673,64,18,2023-09-18,3,150.0
6674,26,18,2023-09-18,6,300.0
6675,18,15,2023-09-19,1,180.0
6676,29,30,2023-09-19,1,50.0
6677,13,5,2023-09-19,1,350.0
6678,7,5,2023-09-20,5,1750.0
6679,96,13,2023-09-21,5,250.0
6680,1,19,2023-09-21,4,80.0
6681,63,20,2023-09-21,1,25.0
6682,73,7,2023-09-21,1,300.0
6683,19,24,2023-09-21,1,35.0
6684,68,26,2023-09-21,2,70.0
6685,57,6,2023-09-21,3,240.0
6686,11,4,2023-09-21,15,1800.0
6687,33,28,2023-09-21,7,315.0
6688,61,10,2023-09-21,3,660.0
6689,10,24,2023-09-21,3,105.0
6690,64,3,2023-09-22,2,110.0
6691,81,15,2023-09-22,5,900.0
6692,88,9,2023-09-23,1,180.0
6693,79,30,2023-09-23,6,300.0
6694,95,25,2023-09-24,2,60.0
6695,95,23,2023-09-24,1,15.0
6696,37,23,2023-09-24,1,15.0
6697,89,19,2023-09-24,1,20.0
6698,55,21,2023-09-25,6,90.0
6699,9,19,2023-09-25,8,160.0
6700,71,5,2023-09-25,1,350.0
6701,33,6,2023-09-26,2,160.0
6702,21,6,2023-09-26,1,80.0
6703,78,14,2023-09-27,3,210.0
6704,63,19,2023-09-28,1,20.0
6705,87,13,2023-09-28,4,200.0
6706,79,21,2023-09-28,7,105.0
6707,81,9,2023-09-29,3,540.0
6708,94,3,2023-09-29,2,110.0
6709,72,27,2023-09-30,2,80.0
6710,19,8,2023-09-30,3,1500.0
6711,90,21,2023-09-30,2,30.0
6712,72,14,2023-09-30,1,70.0
6713,96,3,2023-10-01,1,55.0
6714,38,13,2023-10-01,2,100.0
6715,60,29,2023-10-01,1,38.0
6716,24,18,2023-10-01,1,50.0
6717,17,24,2023-10-02,2,70.0
6718,22,20,2023-10-02,1,25.0
6719,17,16,2023-10-02,6,720.0
6720,48,26,2023-10-02,3,105.0
6721,70,25,2023-10-02,7,210.0
6722,66,24,2023-10-03,1,35.0
6723,5,26,2023-10-03,3,105.0
6724,31,12,2023-10-04,2,130.0
6725,53,3,2023-10-04,9,495.0
6726,23,27,2023-10-04,3,120.0
6727,34,2,2023-10-05,3,105.0
6728,38,23,2023-10-05,10,150.0
6729,96,11,2023-10-05,3,2400.0
6730,45,25,2023-10-06,3,90.0
6731,12,16,2023-10-06,12,1440.0
6732,6,15,2023-10-06,1,180.0
6733,100,7,2023-10-06,4,1200.0
6734,97,30,2023-10-06,18,900.0
6735,30,22,2023-10-07,1,28.0
6736,67,21,2023-10-08,4,60.0
6737,27,18,2023-10-08,4,200.0
6738,21,9,2023-10-08,1,180.0
6739,84,11,2023-10-08,3,2400.0
6740,84,21,2023-10-09,6,90.0
6741,27,11,2023-10-09,19,15200.0
6742,11,16,2023-10-09,10,1200.0
6743,12,11,2023-10-09,1,800.0
6744,37,10,2023-10-09,6,1320.0
6745,21,6,2023-10-10,7,560.0
6746,99,6,2023-10-11,1,80.0
6747,47,19,2023-10-11,6,120.0
6748,61,13,2023-10-11,2,100.0
6749,41,25,2023-10-11,4,120.0
6750,7,2,2023-10-11,3,105.0
6751,8,6,2023-10-11,2,160.0
6752,76,7,2023-10-12,2,600.0
6753,68,18,2023-10-12,42,2100.0
6754,57,27,2023-10-12,5,200.0
6755,21,24,2023-10-12,5,175.0
6756,76,28,2023-10-13,4,180.0
6757,69,21,2023-10-13,10,150.0
6758,28,8,2023-10-13,10,5000.0
6759,69,4,2023-10-13,9,1080.0
6760,83,24,2023-10-14,5,175.0
6761,81,28,2023-10-14,12,540.0
6762,68,12,2023-10-14,7,455.0
6763,37,27,2023-10-14,5,200.0
6764,48,8,2023-10-14,2,1000.0
6765,36,30,2023-10-14,2,100.0
6766,93,18,2023-10-15,2,100.0
6767,7,21,2023-10-15,1,15.0
6768,41,8,2023-10-15,1,500.0
6769,100,3,2023-10-15,3,165.0
6770,55,27,2023-10-15,1,40.0
6771,31,11,2023-10-15,3,2400.0
6772,92,1,2023-10-15,1,1200.0
6773,37,11,2023-10-16,4,3200.0
6774,22,4,2023-10-16,1,120.0
6775,24,7,2023-10-16,4,1200.0
6776,24,21,2023-10-16,7,105.0
6777,56,20,2023-10-17,1,25.0
6778,86,14,2023-10-18,21,1470.0
6779,46,9,2023-10-19,3,540.0
6780,20,16,2023-10-19,10,1200.0
6781,63,14,2023-10-19,2,140.0
6782,97,16,2023-10-19,6,720.0
6783,51,16,2023-10-19,6,720.0
6784,58,4,2023-10-19,1,120.0
6785,80,23,2023-10-20,3,45.0
6786,5,14,2023-10-20,1,70.0
6787,98,30,2023-10-20,8,400.0
6788,59,6,2023-10-21,1,80.0
6789,81,8,2023-10-21,1,500.0
6790,45,2,2023-10-21,4,140.0
6791,57,29,2023-10-21,3,114.0
6792,64,12,2023-10-22,1,65.0
6793,11,30,2023-10-22,5,250.0
6794,4,15,2023-10-22,1,180.0
6795,90,23,2023-10-22,3,45.0
6796,65,10,2023-10-22,6,1320.0
6797,68,10,2023-10-22,1,220.0
6798,84,1,2023-10-22,1,1200.0
6799,30,2,2023-10-23,6,210.0
6800,76,7,2023-10-23,1,300.0
6801,93,26,2023-10-23,1,35.0
6802,63,29,2023-10-24,9,342.0
6803,2,28,2023-10-24,1,45.0
6804,61,21,2023-10-24,1,15.0
6805,75,9,2023-10-25,2,360.0
6806,63,22,2023-10-25,6,168.0
6807,39,6,2023-10-25,2,160.0
6808,27,22,2023-10-25,7,196.0
6809,27,29,2023-10-26,7,266.0
6810,70,21,2023-10-26,7,105.0
6811,69,20,2023-10-26,5,125.0
6812,1,27,2023-10-26,2,80.0
6813,13,9,2023-10-27,14,2520.0
6814,31,29,2023-10-27,5,190.0
6815,37,21,2023-10-27,1,15.0
6816,62,22,2023-10-27,6,168.0
6817,80,27,2023-10-28,3,120.0
6818,26,9,2023-10-28,3,540.0
6819,59,18,2023-10-28,1,50.0
6820,50,4,2023-10-28,1,120.0
6821,78,9,2023-10-29,3,540.0
6822,23,16,2023-10-29,1,120.0
6823,65,25,2023-10-29,5,150.0
6824,65,28,2023-10-30,5,225.0
6825,70,30,2023-10-31,2,100.0
6826,95,17,2023-10-31,1,40.0
6827,27,7,2023-11-01,4,1200.0
6828,85,29,2023-11-01,2,76.0
6829,86,1,2023-11-02,7,8400.0
6830,39,23,2023-11-02,8,120.0
6831,85,11,2023-11-02,2,1600.0
6832,91,7,2023-11-02,5,1500.0
6833,63,25,2023-11-02,1,30.0
6834,43,2,2023-11-02,7,245.0
6835,35,26,2023-11-03,1,35.0
6836,8,16,2023-11-03,11,1320.0
6837,67,18,2023-11-04,1,50.0
6838,76,26,2023-11-04,6,210.0
6839,70,22,2023-11-04,2,56.0
6840,2,11,2023-11-04,5,4000.0
6841,76,5,2023-11-04,1,350.0
6842,74,13,2023-11-04,3,150.0
6843,51,26,2023-11-05,2,70.0
6844,48,30,2023-11-05,16,800.0
6845,57,23,2023-11-05,3,45.0
6846,91,12,2023-11-05,2,130.0
6847,84,20,2023-11-05,1,25.0
6848,66,18,2023-11-05,3,150.0
6849,72,20,2023-11-05,8,200.0
6850,19,28,2023-11-06,1,45.0
6851,95,23,2023-11-06,4,60.0
6852,3,9,2023-11-06,6,1080.0
6853,33,16,2023-11-07,2,240.0
6854,14,14,2023-11-07,2,140.0
6855,51,13,2023-11-07,4,200.0
6856,37,7,2023-11-07,4,1200.0
6857,92,6,2023-11-08,2,160.0
6858,13,17,2023-11-08,1,40.0
6859,14,2,2023-11-08,2,70.0
6860,45,2,2023-11-08,5,175.0
6861,36,21,2023-11-09,3,45.0
6862,87,18,2023-11-09,11,550.0
6863,64,27,2023-11-09,1,40.0
6864,43,24,2023-11-09,8,280.0
6865,86,15,2023-11-10,2,360.0
6866,60,8,2023-11-10,4,2000.0
6867,41,2,2023-11-10,2,70.0
6868,29,13,2023-11-11,1,50.0
6869,11,5,2023-11-11,3,1050.0
6870,30,6,2023-11-12,2,160.0
6871,1,7,2023-11-12,24,7200.0
6872,84,15,2023-11-12,6,1080.0
6873,91,2,2023-11-13,5,175.0
6874,15,10,2023-11-13,1,220.0
6875,49,24,2023-11-14,8,280.0
6876,66,21,2023-11-14,5,75.0
6877,80,11,2023-11-14,1,800.0
6878,65,7,2023-11-14,26,7800.0
6879,77,4,2023-11-15,3,360.0
6880,61,28,2023-11-15,1,45.0
6881,19,10,2023-11-15,4,880.0
6882,81,10,2023-11-16,9,1980.0
6883,62,1,2023-11-16,2,2400.0
6884,29,28,2023-11-16,5,225.0
6885,57,16,2023-11-16,7,840.0
6886,22,17,2023-11-16,9,360.0
6887,15,2,2023-11-17,3,105.0
6888,41,4,2023-11-18,5,600.0
6889,14,15,2023-11-18,14,2520.0
6890,96,22,2023-11-18,1,28.0
6891,67,16,2023-11-18,3,360.0
6892,65,29,2023-11-18,7,266.0
6893,6,28,2023-11-18,25,1125.0
6894,67,22,2023-11-19,3,84.0
6895,17,9,2023-11-19,2,360.0
6896,52,5,2023-11-20,2,700.0
6897,98,4,2023-11-20,7,840.0
6898,99,10,2023-11-20,8,1760.0
6899,11,7,2023-11-20,5,1500.0
6900,34,28,2023-11-20,5,225.0
6901,51,25,2023-11-20,9,270.0
6902,28,6,2023-11-21,2,160.0
6903,72,22,2023-11-21,1,28.0
6904,50,15,2023-11-21,3,540.0
6905,76,9,2023-11-21,3,540.0
6906,22,18,2023-11-21,4,200.0
6907,25,9,2023-11-22,1,180.0
6908,65,15,2023-11-22,8,1440.0
6909,67,7,2023-11-23,2,600.0
6910,4,9,2023-11-23,5,900.0
6911,61,19,2023-11-23,37,740.0
6912,83,21,2023-11-23,3,45.0
6913,47,13,2023-11-23,2,100.0
6914,49,30,2023-11-24,5,250.0
6915,90,21,2023-11-24,2,30.0
6916,80,26,2023-11-24,10,350.0
6917,27,15,2023-11-25,4,720.0
6918,39,7,2023-11-25,4,1200.0
6919,50,20,2023-11-25,3,75.0
6920,73,3,2023-11-25,5,275.0
6921,32,4,2023-11-26,10,1200.0
6922,71,21,2023-11-26,1,15.0
6923,31,19,2023-11-26,2,40.0
6924,4,29,2023-11-26,2,76.0
6925,68,30,2023-11-26,8,400.0
6926,25,18,2023-11-27,2,100.0
6927,19,19,2023-11-27,3,60.0
6928,96,13,2023-11-27,7,350.0
6929,18,3,2023-11-27,12,660.0
6930,27,14,2023-11-27,3,210.0
6931,34,12,2023-11-27,49,3185.0
6932,92,6,2023-11-28,5,400.0
6933,42,11,2023-11-28,3,2400.0
6934,9,8,2023-11-28,2,1000.0
6935,38,27,2023-11-29,4,160.0
6936,24,18,2023-11-29,2,100.0
6937,63,30,2023-11-29,4,200.0
6938,19,20,2023-11-29,8,200.0
6939,54,4,2023-11-30,7,840.0
6940,58,6,2023-11-30,6,480.0
6941,15,20,2023-11-30,4,100.0
6942,60,8,2023-12-01,6,3000.0
6943,77,5,2023-12-01,13,4550.0
6944,79,18,2023-12-02,3,150.0
6945,53,10,2023-12-02,6,1320.0
6946,34,4,2023-12-03,6,720.0
6947,63,24,2023-12-03,3,105.0
6948,10,12,2023-12-03,3,195.0
6949,85,14,2023-12-03,4,280.0
6950,91,23,2023-12-04,4,60.0
6951,56,1,2023-12-04,10,12000.0
6952,82,28,2023-12-04,12,540.0
6953,39,3,2023-12-04,7,385.0
6954,77,1,2023-12-04,9,10800.0
6955,10,13,2023-12-04,14,700.0
6956,54,30,2023-12-05,8,400.0
6957,41,9,2023-12-05,2,360.0
6958,97,8,2023-12-06,7,3500.0
6959,62,17,2023-12-06,2,80.0
6960,74,16,2023-12-07,12,1440.0
6961,40,24,2023-12-08,8,280.0
6962,89,15,2023-12-09,2,360.0
6963,76,16,2023-12-09,1,120.0
6964,44,1,2023-12-10,7,8400.0
6965,40,13,2023-12-10,1,50.0
6966,50,26,2023-12-10,4,140.0
6967,46,5,2023-12-11,6,2100.0
6968,55,29,2023-12-11,9,342.0
6969,30,9,2023-12-12,9,1620.0
6970,6,28,2023-12-12,45,2025.0
6971,1,6,2023-12-13,31,2480.0
6972,33,29,2023-12-13,5,190.0
6973,73,28,2023-12-13,11,495.0
6974,25,18,2023-12-14,15,750.0
6975,60,12,2023-12-15,6,390.0
6976,49,1,2023-12-15,2,2400.0
6977,77,14,2023-12-16,5,350.0
6978,57,21,2023-12-17,4,60.0
6979,3,23,2023-12-17,11,165.0
6980,58,8,2023-12-17,2,1000.0
6981,9,28,2023-12-17,4,180.0
6982,70,16,2023-12-17,4,480.0
6983,69,17,2023-12-18,4,160.0
6984,37,21,2023-12-18,34,510.0
6985,2,17,2023-12-18,4,160.0
6986,73,21,2023-12-19,2,30.0
6987,86,22,2023-12-19,15,420.0
6988,78,9,2023-12-19,2,360.0
6989,60,27,2023-12-19,2,80.0
6990,2,22,2023-12-19,9,252.0
6991,3,5,2023-12-20,7,2450.0
6992,8,19,2023-12-20,5,100.0
6993,58,13,2023-12-20,2,100.0
6994,42,27,2023-12-20,5,200.0
6995,38,19,2023-12-20,3,60.0
6996,2,19,2023-12-20,3,60.0
6997,2,27,2023-12-21,2,80.0
6998,41,12,2023-12-21,6,390.0
6999,40,5,2023-12-21,2,700.0
7000,39,17,2023-12-21,5,200.0
7001,60,28,2023-12-22,10,450.0
7002,74,19,2023-12-23,1,20.0
7003,74,23,2023-12-23,3,45.0
7004,33,1,2023-12-23,1,1200.0
7005,1,27,2023-12-23,6,240.0
7006,63,30,2023-12-23,23,1150.0
7007,100,3,2023-12-24,5,275.0
7008,76,6,2023-12-24,6,480.0
7009,97,24,2023-12-24,7,245.0
7010,2,21,2023-12-24,2,30.0
7011,84,18,2023-12-24,3,150.0
7012,63,14,2023-12-24,3,210.0
7013,64,14,2023-12-24,2,140.0
7014,5,16,2023-12-24,7,840.0
7015,35,24,2023-12-24,2,70.0
7016,5,10,2023-12-25,10,2200.0
7017,61,27,2023-12-25,2,80.0
7018,4,21,2023-12-26,3,45.0
7019,52,24,2023-12-26,2,70.0
7020,42,1,2023-12-26,2,2400.0
7021,76,9,2023-12-26,2,360.0
7022,63,7,2023-12-26,5,1500.0
7023,60,10,2023-12-26,4,880.0
7024,89,10,2023-12-27,4,880.0
7025,36,30,2023-12-27,8,400.0
7026,33,11,2023-12-27,14,11200.0
7027,12,4,2023-12-27,7,840.0
7028,5,3,2023-12-27,10,550.0
7029,32,9,2023-12-28,21,3780.0
7030,8,22,2023-12-28,3,84.0
7031,18,10,2023-12-29,11,2420.0
7032,99,30,2023-12-29,8,400.0
7033,31,11,2023-12-29,9,7200.0
7034,68,23,2023-12-29,4,60.0
7035,45,11,2023-12-29,16,12800.0
7036,44,27,2023-12-30,2,80.0
7037,80,26,2023-12-30,3,105.0
7038,12,1,2023-12-31,5,6000.0
7039,54,25,2023-12-31,5,150.0
7040,93,8,2024-01-01,1,500.0
7041,24,7,2024-01-01,2,600.0
7042,88,4,2024-01-01,2,240.0
7043,26,24,2024-01-01,1,35.0
7044,40,26,2024-01-01,1,35.0
7045,83,20,2024-01-01,1,25.0
7046,50,16,2024-01-02,1,120.0
7047,72,19,2024-01-02,1,20.0
7048,17,20,2024-01-03,3,75.0
7049,42,19,2024-01-03,3,60.0
7050,49,29,2024-01-03,14,532.0
7051,80,22,2024-01-04,1,28.0
7052,31,29,2024-01-04,1,38.0
7053,46,9,2024-01-05,1,180.0
7054,65,1,2024-01-05,1,1200.0
7055,7,20,2024-01-06,1,25.0
7056,39,24,2024-01-06,1,35.0
7057,13,12,2024-01-06,1,65.0
7058,65,5,2024-01-07,6,2100.0
7059,99,8,2024-01-07,1,500.0
7060,21,5,2024-01-07,1,350.0
7061,30,5,2024-01-08,1,350.0
7062,5,22,2024-01-08,7,196.0
7063,88,6,2024-01-08,4,320.0
7064,48,14,2024-01-09,2,140.0
7065,50,10,2024-01-09,2,440.0
7066,90,18,2024-01-10,2,100.0
7067,16,6,2024-01-10,1,80.0
7068,22,9,2024-01-11,1,180.0
7069,57,22,2024-01-11,3,84.0
7070,15,13,2024-01-12,1,50.0
7071,30,10,2024-01-12,1,220.0
7072,74,6,2024-01-12,3,240.0
7073,11,6,2024-01-12,1,80.0
7074,52,26,2024-01-13,1,35.0
7075,89,17,2024-01-13,1,40.0
7076,65,4,2024-01-13,2,240.0
7077,97,17,2024-01-13,2,80.0
7078,28,25,2024-01-14,1,30.0
7079,41,4,2024-01-15,3,360.0
7080,11,19,2024-01-15,1,20.0
7081,37,3,2024-01-15,1,55.0
7082,31,6,2024-01-15,3,240.0
7083,21,16,2024-01-16,1,120.0
7084,42,26,2024-01-16,1,35.0
7085,40,16,2024-01-16,2,240.0
7086,89,10,2024-01-16,3,660.0
7087,43,1,2024-01-16,1,1200.0
7088,51,12,2024-01-17,4,260.0
7089,51,11,2024-01-17,4,3200.0
7090,63,23,2024-01-17,3,45.0
7091,71,2,2024-01-17,1,35.0
7092,16,18,2024-01-17,1,50.0
7093,5,24,2024-01-17,1,35.0
7094,92,22,2024-01-18,4,112.0
7095,38,5,2024-01-18,1,350.0
7096,2,27,2024-01-19,1,40.0
7097,72,3,2024-01-19,3,165.0
7098,74,7,2024-01-19,11,3300.0
7099,95,10,2024-01-19,11,2420.0
7100,48,17,2024-01-19,1,40.0
7101,43,30,2024-01-20,1,50.0
7102,18,18,2024-01-20,1,50.0
7103,60,25,2024-01-20,1,30.0
7104,54,11,2024-01-21,3,2400.0
7105,66,19,2024-01-21,1,20.0
7106,92,19,2024-01-21,3,60.0
7107,4,20,2024-01-21,3,75.0
7108,22,8,2024-01-21,1,500.0
7109,80,11,2024-01-22,1,800.0
7110,12,21,2024-01-22,1,15.0
7111,86,10,2024-01-22,4,880.0
7112,100,22,2024-01-22,1,28.0
7113,19,16,2024-01-22,1,120.0
7114,78,16,2024-01-22,1,120.0
7115,15,14,2024-01-23,14,980.0
7116,64,19,2024-01-24,2,40.0
7117,76,4,2024-01-24,1,120.0
7118,16,7,2024-01-24,2,600.0
7119,99,27,2024-01-25,1,40.0
7120,28,5,2024-01-25,2,700.0
7121,93,29,2024-01-25,1,38.0
7122,44,26,2024-01-25,2,70.0
7123,52,29,2024-01-25,2,76.0
7124,85,2,2024-01-26,1,35.0
7125,93,27,2024-01-26,1,40.0
7126,9,18,2024-01-26,3,150.0
7127,17,12,2024-01-26,1,65.0
7128,62,17,2024-01-26,1,40.0
7129,29,4,2024-01-26,3,360.0
7130,75,10,2024-01-27,1,220.0
7131,76,8,2024-01-27,1,500.0
7132,57,28,2024-01-27,2,90.0
7133,8,13,2024-01-28,3,150.0
7134,28,20,2024-01-28,1,25.0
7135,6,9,2024-01-28,1,180.0
7136,17,17,2024-01-28,1,40.0
7137,7,30,2024-01-28,1,50.0
7138,78,22,2024-01-28,3,84.0
7139,100,1,2024-01-28,1,1200.0
7140,25,26,2024-01-29,1,35.0
7141,21,18,2024-01-29,2,100.0
7142,26,23,2024-01-29,1,15.0
7143,46,21,2024-01-30,6,90.0
7144,56,27,2024-01-30,1,40.0
7145,33,25,2024-01-31,2,60.0
7146,33,15,2024-01-31,4,720.0
7147,63,30,2024-01-31,5,250.0
7148,20,19,2024-02-01,2,40.0
7149,35,18,2024-02-01,2,100.0
7150,38,9,2024-02-01,2,360.0
7151,5,22,2024-02-01,1,28.0
7152,76,1,2024-02-01,1,1200.0
7153,88,20,2024-02-01,1,25.0
7154,6,25,2024-02-01,2,60.0
7155,43,23,2024-02-02,1,15.0
7156,34,22,2024-02-02,3,84.0
7157,94,17,2024-02-03,1,40.0
7158,64,5,2024-02-04,1,350.0
7159,11,15,2024-02-04,1,180.0
7160,81,4,2024-02-04,1,120.0
7161,16,18,2024-02-04,1,50.0
7162,7,30,2024-02-04,1,50.0
7163,74,5,2024-02-05,5,1750.0
7164,59,2,2024-02-06,3,105.0
7165,97,7,2024-02-06,1,300.0
7166,54,22,2024-02-06,3,84.0
7167,64,4,2024-02-06,2,240.0
7168,16,15,2024-02-06,9,1620.0
7169,1,7,2024-02-07,1,300.0
7170,42,6,2024-02-07,3,240.0
7171,69,28,2024-02-07,1,45.0
7172,11,10,2024-02-07,2,440.0
7173,48,27,2024-02-07,4,160.0
7174,93,19,2024-02-08,2,40.0
7175,59,25,2024-02-09,3,90.0
7176,23,13,2024-02-09,1,50.0
7177,36,24,2024-02-09,1,35.0
7178,90,10,2024-02-09,3,660.0
7179,6,4,2024-02-09,1,120.0
7180,50,30,2024-02-10,1,50.0
7181,68,1,2024-02-11,1,1200.0
7182,35,30,2024-02-11,1,50.0
7183,29,24,2024-02-11,1,35.0
7184,42,28,2024-02-12,1,45.0
7185,65,6,2024-02-12,1,80.0
7186,29,7,2024-02-12,1,300.0
7187,29,26,2024-02-12,1,35.0
7188,58,11,2024-02-12,1,800.0
7189,80,28,2024-02-12,1,45.0
7190,77,19,2024-02-13,3,60.0
7191,30,22,2024-02-14,1,28.0
7192,83,25,2024-02-14,1,30.0
7193,68,26,2024-02-14,1,35.0
7194,34,7,2024-02-15,1,300.0
7195,21,3,2024-02-16,2,110.0
7196,5,24,2024-02-16,7,245.0
7197,93,20,2024-02-16,1,25.0
7198,37,20,2024-02-17,1,25.0
7199,7,23,2024-02-17,1,15.0
7200,90,13,2024-02-17,7,350.0
7201,39,18,2024-02-17,1,50.0
7202,81,22,2024-02-17,1,28.0
7203,63,1,2024-02-18,1,1200.0
7204,19,23,2024-02-18,1,15.0
7205,4,21,2024-02-18,1,15.0
7206,47,19,2024-02-19,2,40.0
7207,6,17,2024-02-19,2,80.0
7208,7,13,2024-02-19,1,50.0
7209,39,2,2024-02-19,3,105.0
7210,60,14,2024-02-19,3,210.0
7211,81,1,2024-02-20,2,2400.0
7212,57,30,2024-02-20,3,150.0
7213,94,7,2024-02-20,2,600.0
7214,40,15,2024-02-21,1,180.0
7215,21,30,2024-02-21,3,150.0
7216,81,9,2024-02-21,1,180.0
7217,13,4,2024-02-21,1,120.0
7218,80,17,2024-02-21,1,40.0
7219,30,16,2024-02-21,1,120.0
7220,89,23,2024-02-21,1,15.0
7221,28,30,2024-02-22,1,50.0
7222,9,23,2024-02-22,1,15.0
7223,52,6,2024-02-22,1,80.0
7224,17,18,2024-02-22,4,200.0
7225,95,27,2024-02-23,2,80.0
7226,35,6,2024-02-23,3,240.0
7227,55,9,2024-02-23,3,540.0
7228,79,3,2024-02-24,1,55.0
7229,75,1,2024-02-24,1,1200.0
7230,96,28,2024-02-24,1,45.0
7231,20,18,2024-02-25,1,50.0
7232,11,17,2024-02-25,1,40.0
7233,47,18,2024-02-25,2,100.0
7234,13,27,2024-02-25,2,80.0
7235,68,30,2024-02-25,3,150.0
7236,69,18,2024-02-26,3,150.0
7237,73,26,2024-02-26,1,35.0
7238,21,20,2024-02-26,1,25.0
7239,27,11,2024-02-27,2,1600.0
7240,60,25,2024-02-27,2,60.0
7241,64,11,2024-02-27,4,3200.0
7242,15,14,2024-02-27,14,980.0
7243,32,11,2024-02-27,11,8800.0
7244,53,21,2024-02-27,1,15.0
7245,90,25,2024-02-28,1,30.0
7246,87,13,2024-02-28,1,50.0
7247,88,3,2024-02-28,2,110.0
7248,26,22,2024-02-28,1,28.0
7249,11,7,2024-02-29,4,1200.0
7250,94,11,2024-03-01,4,3200.0
7251,70,23,2024-03-01,1,15.0
7252,25,24,2024-03-01,1,35.0
7253,52,23,2024-03-01,4,60.0
7254,17,11,2024-03-01,5,4000.0
7255,13,18,2024-03-02,3,150.0
7256,87,8,2024-03-02,1,500.0
7257,85,17,2024-03-02,2,80.0
7258,38,1,2024-03-03,4,4800.0
7259,74,26,2024-03-03,7,245.0
7260,86,6,2024-03-03,4,320.0
7261,99,8,2024-03-03,7,3500.0
7262,39,5,2024-03-03,1,350.0
7263,57,17,2024-03-04,2,80.0
7264,49,29,2024-03-04,3,114.0
7265,43,4,2024-03-04,2,240.0
7266,32,11,2024-03-05,1,800.0
7267,7,18,2024-03-05,4,200.0
7268,85,6,2024-03-06,1,80.0
7269,93,3,2024-03-06,4,220.0
7270,14,19,2024-03-07,2,40.0
7271,1,28,2024-03-07,2,90.0
7272,51,16,2024-03-08,3,360.0
7273,63,18,2024-03-10,2,100.0
7274,52,23,2024-03-10,2,30.0
7275,79,29,2024-03-11,4,152.0
7276,39,26,2024-03-11,1,35.0
7277,30,17,2024-03-11,4,160.0
7278,96,21,2024-03-12,21,315.0
7279,40,19,2024-03-12,1,20.0
7280,39,3,2024-03-12,2,110.0
7281,15,8,2024-03-13,2,1000.0
7282,69,23,2024-03-13,6,90.0
7283,94,23,2024-03-13,5,75.0
7284,96,30,2024-03-14,1,50.0
7285,4,8,2024-03-14,4,2000.0
7286,99,18,2024-03-15,7,350.0
7287,13,26,2024-03-15,1,35.0
7288,36,23,2024-03-15,12,180.0
7289,18,28,2024-03-15,3,135.0
7290,26,29,2024-03-16,4,152.0
7291,80,29,2024-03-16,9,342.0
7292,78,12,2024-03-17,10,650.0
7293,6,7,2024-03-17,1,300.0
7294,1,13,2024-03-17,1,50.0
7295,81,21,2024-03-17,1,15.0
7296,64,27,2024-03-17,1,40.0
7297,69,30,2024-03-17,3,150.0
7298,7,29,2024-03-18,2,76.0
7299,76,10,2024-03-18,2,440.0
7300,51,23,2024-03-18,8,120.0
7301,58,19,2024-03-18,1,20.0
7302,54,22,2024-03-19,3,84.0
7303,63,4,2024-03-19,2,240.0
7304,10,16,2024-03-19,2,240.0
7305,62,8,2024-03-19,19,9500.0
7306,94,22,2024-03-19,2,56.0
7307,92,24,2024-03-19,6,210.0
7308,49,10,2024-03-19,1,220.0
7309,54,8,2024-03-20,3,1500.0
7310,6,18,2024-03-20,4,200.0
7311,98,22,2024-03-20,3,84.0
7312,97,28,2024-03-20,3,135.0
7313,13,14,2024-03-20,1,70.0
7314,20,13,2024-03-20,1,50.0
7315,56,6,2024-03-21,3,240.0
7316,67,12,2024-03-21,4,260.0
7317,82,26,2024-03-22,3,105.0
7318,98,15,2024-03-22,6,1080.0
7319,11,21,2024-03-22,1,15.0
7320,65,28,2024-03-22,2,90.0
7321,100,22,2024-03-23,3,84.0
7322,54,10,2024-03-23,2,440.0
7323,93,5,2024-03-24,1,350.0
7324,99,25,2024-03-24,1,30.0
7325,24,13,2024-03-24,1,50.0
7326,97,2,2024-03-24,1,35.0
7327,19,7,2024-03-24,2,600.0
7328,21,24,2024-03-24,1,35.0
7329,93,22,2024-03-25,2,56.0
7330,77,26,2024-03-25,3,105.0
7331,26,29,2024-03-25,1,38.0
7332,72,15,2024-03-25,2,360.0
7333,51,8,2024-03-25,1,500.0
7334,2,17,2024-03-26,2,80.0
7335,91,14,2024-03-26,1,70.0
7336,33,6,2024-03-27,4,320.0
7337,26,23,2024-03-27,3,45.0
7338,11,1,2024-03-28,1,1200.0
7339,56,24,2024-03-28,8,280.0
7340,14,25,2024-03-28,1,30.0
7341,67,5,2024-03-28,2,700.0
7342,15,2,2024-03-28,4,140.0
7343,36,27,2024-03-29,2,80.0
7344,11,21,2024-03-29,5,75.0
7345,77,29,2024-03-29,1,38.0
7346,71,29,2024-03-29,17,646.0
7347,57,19,2024-03-30,2,40.0
7348,58,24,2024-03-30,4,140.0
7349,30,23,2024-03-30,1,15.0
7350,38,7,2024-03-30,9,2700.0
7351,64,19,2024-03-30,1,20.0
7352,37,9,2024-03-31,2,360.0
7353,80,2,2024-03-31,1,35.0
7354,54,25,2024-03-31,3,90.0
7355,55,12,2024-03-31,2,130.0
7356,97,10,2024-03-31,1,220.0
7357,26,19,2024-04-01,5,100.0
7358,87,2,2024-04-02,2,70.0
7359,83,1,2024-04-03,1,1200.0
7360,69,15,2024-04-03,1,180.0
7361,68,2,2024-04-04,1,35.0
7362,36,4,2024-04-04,2,240.0
7363,57,20,2024-04-04,1,25.0
7364,57,30,2024-04-05,1,50.0
7365,34,23,2024-04-05,1,15.0
7366,43,21,2024-04-05,3,45.0
7367,46,11,2024-04-05,4,3200.0
7368,36,26,2024-04-06,1,35.0
7369,11,19,2024-04-07,1,20.0
7370,20,7,2024-04-08,5,1500.0
7371,29,7,2024-04-08,3,900.0
7372,99,5,2024-04-08,9,3150.0
7373,59,19,2024-04-09,1,20.0
7374,61,7,2024-04-09,7,2100.0
7375,65,9,2024-04-09,2,360.0
7376,94,23,2024-04-09,13,195.0
7377,35,30,2024-04-09,9,450.0
7378,77,17,2024-04-10,23,920.0
7379,14,1,2024-04-10,1,1200.0
7380,58,10,2024-04-11,3,660.0
7381,89,24,2024-04-11,1,35.0
7382,52,20,2024-04-11,2,50.0
7383,4,10,2024-04-12,5,1100.0
7384,83,28,2024-04-12,7,315.0
7385,59,16,2024-04-12,5,600.0
7386,4,3,2024-04-12,3,165.0
7387,98,3,2024-04-13,2,110.0
7388,23,21,2024-04-13,1,15.0
7389,100,13,2024-04-14,2,100.0
7390,64,9,2024-04-15,1,180.0
7391,7,13,2024-04-16,3,150.0
7392,28,30,2024-04-16,7,350.0
7393,91,2,2024-04-17,1,35.0
7394,96,7,2024-04-17,3,900.0
7395,38,16,2024-04-17,6,720.0
7396,32,13,2024-04-17,2,100.0
7397,31,22,2024-04-17,4,112.0
7398,17,22,2024-04-17,3,84.0
7399,62,15,2024-04-18,3,540.0
7400,17,14,2024-04-18,3,210.0
7401,18,22,2024-04-18,2,56.0
7402,87,13,2024-04-19,9,450.0
7403,36,27,2024-04-19,2,80.0
7404,24,18,2024-04-19,3,150.0
7405,72,14,2024-04-19,2,140.0
7406,16,21,2024-04-20,1,15.0
7407,39,15,2024-04-20,1,180.0
7408,88,30,2024-04-20,1,50.0
7409,21,15,2024-04-21,1,180.0
7410,4,24,2024-04-21,3,105.0
7411,63,12,2024-04-21,4,260.0
7412,23,15,2024-04-21,1,180.0
7413,1,1,2024-04-21,1,1200.0
7414,29,24,2024-04-21,1,35.0
7415,24,7,2024-04-22,1,300.0
7416,97,13,2024-04-22,3,150.0
7417,100,12,2024-04-22,11,715.0
7418,88,21,2024-04-22,2,30.0
7419,16,25,2024-04-23,1,30.0
7420,96,5,2024-04-23,4,1400.0
7421,31,28,2024-04-23,5,225.0
7422,76,18,2024-04-24,6,300.0
7423,15,30,2024-04-25,2,100.0
7424,11,25,2024-04-25,6,180.0
7425,64,30,2024-04-25,2,100.0
7426,4,30,2024-04-25,5,250.0
7427,41,10,2024-04-25,7,1540.0
7428,93,23,2024-04-26,9,135.0
7429,86,11,2024-04-26,9,7200.0
7430,65,6,2024-04-26,9,720.0
7431,10,20,2024-04-26,7,175.0
7432,64,18,2024-04-26,1,50.0
7433,100,25,2024-04-27,1,30.0
7434,36,15,2024-04-27,1,180.0
7435,20,16,2024-04-27,6,720.0
7436,33,23,2024-04-27,6,90.0
7437,74,28,2024-04-27,3,135.0
7438,90,29,2024-04-27,1,38.0
7439,5,6,2024-04-28,2,160.0
7440,3,9,2024-04-28,1,180.0
7441,41,6,2024-04-28,5,400.0
7442,75,11,2024-04-28,2,1600.0
7443,28,3,2024-04-28,1,55.0
7444,82,26,2024-04-29,1,35.0
7445,98,3,2024-04-29,3,165.0
7446,92,7,2024-04-29,2,600.0
7447,72,29,2024-04-29,9,342.0
7448,8,30,2024-04-29,1,50.0
7449,44,24,2024-04-29,7,245.0
7450,100,27,2024-04-29,4,160.0
7451,53,8,2024-04-30,10,5000.0
7452,53,24,2024-04-30,5,175.0
7453,20,24,2024-04-30,4,140.0
7454,91,6,2024-04-30,8,640.0
7455,30,22,2024-05-01,23,644.0
7456,52,28,2024-05-01,2,90.0
7457,81,29,2024-05-02,10,380.0
7458,63,18,2024-05-02,1,50.0
7459,96,29,2024-05-03,1,38.0
7460,7,18,2024-05-04,2,100.0
7461,9,15,2024-05-04,1,180.0
7462,50,21,2024-05-04,1,15.0
7463,23,26,2024-05-05,4,140.0
7464,52,30,2024-05-05,1,50.0
7465,3,6,2024-05-05,1,80.0
7466,76,16,2024-05-05,1,120.0
7467,44,3,2024-05-06,4,220.0
7468,92,13,2024-05-06,1,50.0
7469,56,29,2024-05-06,4,152.0
7470,67,27,2024-05-06,2,80.0
7471,38,20,2024-05-07,4,100.0
7472,18,25,2024-05-07,7,210.0
7473,2,5,2024-05-07,3,1050.0
7474,91,15,2024-05-08,3,540.0
7475,84,9,2024-05-08,1,180.0
7476,6,25,2024-05-09,3,90.0
7477,97,29,2024-05-09,2,76.0
7478,10,17,2024-05-10,3,120.0
7479,71,6,2024-05-10,1,80.0
7480,25,18,2024-05-10,5,250.0
7481,85,20,2024-05-11,10,250.0
7482,90,25,2024-05-11,1,30.0
7483,44,24,2024-05-11,1,35.0
7484,82,28,2024-05-11,1,45.0
7485,72,9,2024-05-11,1,180.0
7486,39,15,2024-05-11,1,180.0
7487,88,8,2024-05-12,1,500.0
7488,71,17,2024-05-13,4,160.0
7489,54,15,2024-05-13,3,540.0
7490,35,7,2024-05-13,1,300.0
7491,14,26,2024-05-13,7,245.0
7492,9,3,2024-05-13,1,55.0
7493,39,10,2024-05-13,4,880.0
7494,22,6,2024-05-14,4,320.0
7495,43,30,2024-05-14,1,50.0
7496,83,12,2024-05-14,4,260.0
7497,26,30,2024-05-15,3,150.0
7498,21,6,2024-05-15,1,80.0
7499,41,10,2024-05-16,3,660.0
7500,53,21,2024-05-16,2,30.0
7501,1,5,2024-05-17,1,350.0
7502,23,17,2024-05-17,6,240.0
7503,83,18,2024-05-17,2,100.0
7504,8,1,2024-05-17,7,8400.0
7505,75,30,2024-05-17,5,250.0
7506,82,9,2024-05-17,4,720.0
7507,98,14,2024-05-18,4,280.0
7508,59,5,2024-05-18,1,350.0
7509,48,30,2024-05-18,5,250.0
7510,17,22,2024-05-18,1,28.0
7511,34,24,2024-05-18,3,105.0
7512,43,10,2024-05-18,2,440.0
7513,4,20,2024-05-19,3,75.0
7514,72,28,2024-05-19,1,45.0
7515,46,28,2024-05-19,2,90.0
7516,19,8,2024-05-19,4,2000.0
7517,94,10,2024-05-20,3,660.0
7518,33,19,2024-05-20,5,100.0
7519,57,2,2024-05-21,4,140.0
7520,75,30,2024-05-21,1,50.0
7521,35,28,2024-05-21,1,45.0
7522,81,21,2024-05-21,3,45.0
7523,21,26,2024-05-21,1,35.0
7524,17,9,2024-05-22,1,180.0
7525,28,21,2024-05-22,1,15.0
7526,19,26,2024-05-22,2,70.0
7527,64,2,2024-05-23,3,105.0
7528,10,12,2024-05-23,1,65.0
7529,27,11,2024-05-23,1,800.0
7530,89,29,2024-05-24,6,228.0
7531,29,30,2024-05-24,1,50.0
7532,4,14,2024-05-24,1,70.0
7533,72,18,2024-05-25,6,300.0
7534,43,6,2024-05-25,21,1680.0
7535,94,18,2024-05-25,3,150.0
7536,71,17,2024-05-25,10,400.0
7537,96,21,2024-05-25,5,75.0
7538,67,26,2024-05-26,2,70.0
7539,27,5,2024-05-26,5,1750.0
7540,93,30,2024-05-26,1,50.0
7541,71,2,2024-05-27,5,175.0
7542,28,12,2024-05-27,3,195.0
7543,77,19,2024-05-27,1,20.0
7544,98,21,2024-05-27,7,105.0
7545,62,14,2024-05-27,7,490.0
7546,100,21,2024-05-27,2,30.0
7547,80,26,2024-05-27,17,595.0
7548,100,5,2024-05-28,8,2800.0
7549,67,10,2024-05-28,6,1320.0
7550,20,24,2024-05-28,1,35.0
7551,51,2,2024-05-28,4,140.0
7552,52,16,2024-05-29,1,120.0
7553,28,9,2024-05-29,1,180.0
7554,49,18,2024-05-29,2,100.0
7555,74,15,2024-05-30,8,1440.0
7556,11,9,2024-05-31,2,360.0
7557,55,19,2024-05-31,1,20.0
7558,66,10,2024-05-31,4,880.0
7559,57,19,2024-06-01,1,20.0
7560,44,18,2024-06-01,1,50.0
7561,80,2,2024-06-01,2,70.0
7562,69,6,2024-06-01,5,400.0
7563,46,23,2024-06-01,1,15.0
7564,88,20,2024-06-01,1,25.0
7565,94,6,2024-06-02,4,320.0
7566,46,24,2024-06-02,3,105.0
7567,92,20,2024-06-03,1,25.0
7568,68,19,2024-06-03,12,240.0
7569,44,21,2024-06-03,2,30.0
7570,52,20,2024-06-03,2,50.0
7571,64,29,2024-06-03,1,38.0
7572,26,15,2024-06-04,3,540.0
7573,73,28,2024-06-04,1,45.0
7574,73,3,2024-06-04,1,55.0
7575,13,24,2024-06-04,1,35.0
7576,98,4,2024-06-05,1,120.0
7577,82,2,2024-06-06,1,35.0
7578,99,24,2024-06-06,10,350.0
7579,100,5,2024-06-06,5,1750.0
7580,47,21,2024-06-07,7,105.0
7581,53,11,2024-06-07,4,3200.0
7582,73,6,2024-06-07,2,160.0
7583,57,13,2024-06-08,1,50.0
7584,81,24,2024-06-08,1,35.0
7585,49,5,2024-06-09,3,1050.0
7586,33,25,2024-06-09,1,30.0
7587,18,20,2024-06-09,3,75.0
7588,12,30,2024-06-09,3,150.0
7589,10,14,2024-06-10,2,140.0
7590,23,29,2024-06-10,6,228.0
7591,86,15,2024-06-10,8,1440.0
7592,91,24,2024-06-10,14,490.0
7593,45,24,2024-06-10,1,35.0
7594,76,4,2024-06-11,7,840.0
7595,8,18,2024-06-11,5,250.0
7596,61,7,2024-06-11,3,900.0
7597,64,26,2024-06-11,15,525.0
7598,12,14,2024-06-12,1,70.0
7599,90,16,2024-06-12,1,120.0
7600,72,28,2024-06-12,6,270.0
7601,81,3,2024-06-13,5,275.0
7602,30,17,2024-06-14,2,80.0
7603,22,21,2024-06-14,6,90.0
7604,16,13,2024-06-14,3,150.0
7605,79,27,2024-06-14,6,240.0
7606,91,6,2024-06-14,3,240.0
7607,89,8,2024-06-15,4,2000.0
7608,27,15,2024-06-15,1,180.0
7609,21,2,2024-06-15,2,70.0
7610,60,4,2024-06-15,1,120.0
7611,38,10,2024-06-15,1,220.0
7612,37,2,2024-06-16,5,175.0
7613,73,24,2024-06-16,4,140.0
7614,55,17,2024-06-16,1,40.0
7615,79,27,2024-06-17,1,40.0
7616,7,18,2024-06-17,1,50.0
7617,66,2,2024-06-17,2,70.0
7618,2,22,2024-06-18,1,28.0
7619,19,21,2024-06-18,3,45.0
7620,65,10,2024-06-19,2,440.0
7621,51,10,2024-06-19,1,220.0
7622,72,17,2024-06-19,8,320.0
7623,37,4,2024-06-20,5,600.0
7624,45,21,2024-06-20,5,75.0
7625,25,9,2024-06-20,1,180.0
7626,59,23,2024-06-21,5,75.0
7627,28,28,2024-06-21,2,90.0
7628,8,13,2024-06-21,2,100.0
7629,65,19,2024-06-21,1,20.0
7630,83,3,2024-06-21,4,220.0
7631,12,25,2024-06-21,1,30.0
7632,23,29,2024-06-22,1,38.0
7633,95,29,2024-06-22,1,38.0
7634,37,2,2024-06-23,1,35.0
7635,12,3,2024-06-23,6,330.0
7636,36,15,2024-06-24,9,1620.0
7637,26,21,2024-06-24,1,15.0
7638,17,22,2024-06-25,1,28.0
7639,7,24,2024-06-25,4,140.0
7640,96,16,2024-06-25,4,480.0
7641,88,21,2024-06-26,5,75.0
7642,84,24,2024-06-26,1,35.0
7643,59,9,2024-06-27,1,180.0
7644,51,28,2024-06-27,7,315.0
7645,41,3,2024-06-27,1,55.0
7646,35,7,2024-06-27,5,1500.0
7647,43,13,2024-06-27,2,100.0
7648,85,25,2024-06-27,2,60.0
7649,71,1,2024-06-28,4,4800.0
7650,98,3,2024-06-28,12,660.0
7651,62,10,2024-06-28,8,1760.0
7652,97,4,2024-06-28,4,480.0
7653,68,10,2024-06-29,1,220.0
7654,70,29,2024-06-29,3,114.0
7655,53,16,2024-06-29,1,120.0
7656,54,26,2024-06-30,5,175.0
7657,94,26,2024-07-01,2,70.0
7658,89,16,2024-07-01,6,720.0
7659,38,23,2024-07-01,4,60.0
7660,50,26,2024-07-01,1,35.0
7661,88,8,2024-07-02,8,4000.0
7662,1,6,2024-07-02,3,240.0
7663,78,21,2024-07-02,2,30.0
7664,25,17,2024-07-02,5,200.0
7665,34,22,2024-07-02,1,28.0
7666,48,8,2024-07-02,4,2000.0
7667,31,19,2024-07-02,1,20.0
7668,55,13,2024-07-03,1,50.0
7669,88,17,2024-07-03,7,280.0
7670,34,11,2024-07-03,8,6400.0
7671,5,20,2024-07-04,7,175.0
7672,10,13,2024-07-04,2,100.0
7673,18,22,2024-07-04,1,28.0
7674,59,4,2024-07-05,4,480.0
7675,89,16,2024-07-05,3,360.0
7676,94,19,2024-07-06,1,20.0
7677,7,16,2024-07-07,5,600.0
7678,57,22,2024-07-07,1,28.0
7679,18,6,2024-07-07,1,80.0
7680,78,9,2024-07-07,2,360.0
7681,63,11,2024-07-07,1,800.0
7682,66,21,2024-07-08,4,60.0
7683,41,12,2024-07-09,3,195.0
7684,17,13,2024-07-10,3,150.0
7685,90,25,2024-07-10,3,90.0
7686,3,11,2024-07-10,3,2400.0
7687,17,9,2024-07-10,2,360.0
7688,94,30,2024-07-10,1,50.0
7689,54,25,2024-07-10,7,210.0
7690,76,19,2024-07-11,6,120.0
7691,52,26,2024-07-11,3,105.0
7692,13,23,2024-07-11,14,210.0
7693,80,14,2024-07-12,18,1260.0
7694,46,1,2024-07-12,5,6000.0
7695,19,16,2024-07-12,2,240.0
7696,2,22,2024-07-12,3,84.0
7697,61,19,2024-07-12,1,20.0
7698,51,4,2024-07-13,1,120.0
7699,38,21,2024-07-13,1,15.0
7700,76,30,2024-07-14,1,50.0
7701,73,17,2024-07-14,1,40.0
7702,72,22,2024-07-14,1,28.0
7703,76,20,2024-07-15,1,25.0
7704,48,2,2024-07-16,1,35.0
7705,54,14,2024-07-16,5,350.0
7706,78,18,2024-07-16,2,100.0
7707,95,10,2024-07-16,3,660.0
7708,50,27,2024-07-17,1,40.0
7709,67,11,2024-07-17,4,3200.0
7710,33,12,2024-07-17,21,1365.0
7711,77,2,2024-07-17,2,70.0
7712,62,2,2024-07-18,1,35.0
7713,61,23,2024-07-18,1,15.0
7714,99,18,2024-07-18,1,50.0
7715,53,26,2024-07-18,1,35.0
7716,81,30,2024-07-19,5,250.0
7717,4,24,2024-07-19,1,35.0
7718,44,5,2024-07-19,2,700.0
7719,38,9,2024-07-20,3,540.0
7720,5,10,2024-07-21,1,220.0
7721,86,26,2024-07-21,3,105.0
7722,7,24,2024-07-21,11,385.0
7723,95,18,2024-07-22,1,50.0
7724,27,8,2024-07-22,1,500.0
7725,84,21,2024-07-22,5,75.0
7726,51,16,2024-07-22,1,120.0
7727,55,3,2024-07-22,2,110.0
7728,74,8,2024-07-22,3,1500.0
7729,71,18,2024-07-22,3,150.0
7730,53,11,2024-07-23,5,4000.0
7731,78,23,2024-07-24,2,30.0
7732,41,22,2024-07-24,5,140.0
7733,79,2,2024-07-25,2,70.0
7734,59,23,2024-07-25,7,105.0
7735,40,24,2024-07-26,5,175.0
7736,18,8,2024-07-26,6,3000.0
7737,99,24,2024-07-26,2,70.0
7738,46,18,2024-07-27,1,50.0
7739,66,18,2024-07-27,4,200.0
7740,45,4,2024-07-28,2,240.0
7741,62,14,2024-07-28,4,280.0
7742,75,28,2024-07-28,4,180.0
7743,78,7,2024-07-28,1,300.0
7744,90,8,2024-07-28,3,1500.0
7745,57,8,2024-07-28,3,1500.0
7746,44,1,2024-07-28,5,6000.0
7747,23,8,2024-07-29,1,500.0
7748,7,26,2024-07-29,5,175.0
7749,59,13,2024-07-30,1,50.0
7750,46,10,2024-07-30,9,1980.0
7751,55,22,2024-07-30,2,56.0
7752,31,18,2024-07-30,25,1250.0
7753,95,18,2024-07-31,1,50.0
7754,27,3,2024-07-31,3,165.0
7755,27,2,2024-07-31,1,35.0
7756,20,28,2024-07-31,2,90.0
7757,96,17,2024-08-01,1,40.0
7758,81,12,2024-08-01,4,260.0
7759,57,22,2024-08-01,3,84.0
7760,34,21,2024-08-02,4,60.0
7761,97,7,2024-08-02,4,1200.0
7762,37,5,2024-08-02,1,350.0
7763,25,5,2024-08-02,1,350.0
7764,33,22,2024-08-03,1,28.0
7765,89,3,2024-08-03,1,55.0
7766,93,14,2024-08-04,1,70.0
7767,39,27,2024-08-04,1,40.0
7768,66,19,2024-08-04,1,20.0
7769,20,25,2024-08-05,1,30.0
7770,63,9,2024-08-06,3,540.0
7771,17,23,2024-08-06,3,45.0
7772,78,3,2024-08-07,3,165.0
7773,67,30,2024-08-07,1,50.0
7774,59,21,2024-08-07,12,180.0
7775,49,9,2024-08-08,2,360.0
7776,4,13,2024-08-08,6,300.0
7777,29,20,2024-08-08,1,25.0
7778,99,15,2024-08-08,1,180.0
7779,97,11,2024-08-08,6,4800.0
7780,83,18,2024-08-09,1,50.0
7781,90,17,2024-08-09,2,80.0
7782,48,16,2024-08-09,1,120.0
7783,79,23,2024-08-09,3,45.0
7784,94,10,2024-08-09,3,660.0
7785,48,12,2024-08-10,2,130.0
7786,90,9,2024-08-10,1,180.0
7787,49,10,2024-08-10,1,220.0
7788,62,2,2024-08-10,1,35.0
7789,57,16,2024-08-10,2,240.0
7790,39,16,2024-08-10,1,120.0
7791,1,27,2024-08-10,2,80.0
7792,18,13,2024-08-11,1,50.0
7793,21,10,2024-08-11,1,220.0
7794,40,19,2024-08-11,2,40.0
7795,38,12,2024-08-11,1,65.0
7796,38,10,2024-08-11,1,220.0
7797,95,4,2024-08-11,1,120.0
7798,8,7,2024-08-12,1,300.0
7799,8,16,2024-08-12,1,120.0
7800,23,27,2024-08-12,7,280.0
7801,68,10,2024-08-12,3,660.0
7802,53,28,2024-08-12,3,135.0
7803,7,30,2024-08-12,2,100.0
7804,77,14,2024-08-12,1,70.0
7805,72,20,2024-08-13,1,25.0
7806,61,13,2024-08-13,1,50.0
7807,71,23,2024-08-13,1,15.0
7808,68,27,2024-08-13,4,160.0
7809,83,14,2024-08-13,1,70.0
7810,41,16,2024-08-14,2,240.0
7811,77,9,2024-08-14,8,1440.0
7812,39,18,2024-08-15,3,150.0
7813,86,28,2024-08-15,4,180.0
7814,4,26,2024-08-15,1,35.0
7815,24,15,2024-08-16,2,360.0
7816,94,14,2024-08-16,9,630.0
7817,17,28,2024-08-16,1,45.0
7818,36,11,2024-08-16,5,4000.0
7819,10,28,2024-08-16,3,135.0
7820,71,11,2024-08-17,1,800.0
7821,9,18,2024-08-17,2,100.0
7822,66,2,2024-08-17,1,35.0
7823,80,13,2024-08-17,5,250.0
7824,86,14,2024-08-17,2,140.0
7825,25,15,2024-08-18,3,540.0
7826,18,10,2024-08-18,1,220.0
7827,87,11,2024-08-18,1,800.0
7828,61,12,2024-08-19,1,65.0
7829,56,8,2024-08-19,1,500.0
7830,31,18,2024-08-19,1,50.0
7831,13,10,2024-08-20,1,220.0
7832,100,12,2024-08-21,7,455.0
7833,48,27,2024-08-21,1,40.0
7834,12,10,2024-08-21,2,440.0
7835,40,4,2024-08-21,2,240.0
7836,85,7,2024-08-21,1,300.0
7837,79,7,2024-08-22,3,900.0
7838,77,10,2024-08-22,11,2420.0
7839,66,18,2024-08-22,1,50.0
7840,10,9,2024-08-22,6,1080.0
7841,96,18,2024-08-23,2,100.0
7842,49,26,2024-08-23,1,35.0
7843,64,11,2024-08-23,2,1600.0
7844,27,23,2024-08-23,3,45.0
7845,76,9,2024-08-23,3,540.0
7846,26,19,2024-08-23,3,60.0
7847,35,11,2024-08-23,1,800.0
7848,7,27,2024-08-24,1,40.0
7849,78,23,2024-08-24,3,45.0
7850,92,21,2024-08-24,3,45.0
7851,73,9,2024-08-24,1,180.0
7852,40,1,2024-08-25,1,1200.0
7853,41,10,2024-08-25,2,440.0
7854,68,23,2024-08-26,16,240.0
7855,78,29,2024-08-26,1,38.0
7856,23,12,2024-08-26,3,195.0
7857,36,29,2024-08-27,2,76.0
7858,44,15,2024-08-27,1,180.0
7859,71,3,2024-08-27,6,330.0
7860,51,15,2024-08-27,5,900.0
7861,49,14,2024-08-27,7,490.0
7862,6,29,2024-08-27,1,38.0
7863,84,10,2024-08-27,1,220.0
7864,13,25,2024-08-28,3,90.0
7865,81,29,2024-08-28,2,76.0
7866,43,9,2024-08-28,3,540.0
7867,17,20,2024-08-28,3,75.0
7868,51,20,2024-08-29,7,175.0
7869,16,15,2024-08-29,9,1620.0
7870,71,11,2024-08-29,2,1600.0
7871,48,4,2024-08-30,1,120.0
7872,2,30,2024-08-30,5,250.0
7873,97,23,2024-08-30,5,75.0
7874,95,7,2024-08-31,2,600.0
7875,93,20,2024-08-31,1,25.0
7876,68,21,2024-08-31,1,15.0
7877,8,15,2024-09-01,3,540.0
7878,9,26,2024-09-01,1,35.0
7879,36,21,2024-09-01,1,15.0
7880,37,28,2024-09-02,1,45.0
7881,29,27,2024-09-02,1,40.0
7882,77,22,2024-09-02,2,56.0
7883,42,14,2024-09-02,4,280.0
7884,18,27,2024-09-02,3,120.0
7885,49,4,2024-09-03,1,120.0
7886,55,7,2024-09-03,3,900.0
7887,4,13,2024-09-03,1,50.0
7888,24,22,2024-09-04,4,112.0
7889,6,7,2024-09-04,2,600.0
7890,50,12,2024-09-04,1,65.0
7891,7,10,2024-09-04,1,220.0
7892,70,21,2024-09-04,2,30.0
7893,81,27,2024-09-04,6,240.0
7894,12,23,2024-09-05,4,60.0
7895,85,12,2024-09-05,6,390.0
7896,51,21,2024-09-05,19,285.0
7897,92,20,2024-09-06,12,300.0
7898,25,9,2024-09-06,4,720.0
7899,46,2,2024-09-06,2,70.0
7900,80,12,2024-09-07,1,65.0
7901,98,21,2024-09-07,2,30.0
7902,5,9,2024-09-08,2,360.0
7903,10,29,2024-09-08,3,114.0
7904,65,25,2024-09-08,1,30.0
7905,38,28,2024-09-09,1,45.0
7906,70,11,2024-09-09,2,1600.0
7907,29,27,2024-09-09,2,80.0
7908,51,20,2024-09-09,7,175.0
7909,92,20,2024-09-09,2,50.0
7910,39,13,2024-09-10,7,350.0
7911,66,23,2024-09-10,3,45.0
7912,77,18,2024-09-11,5,250.0
7913,36,27,2024-09-12,11,440.0
7914,46,24,2024-09-12,2,70.0
7915,28,3,2024-09-12,7,385.0
7916,2,15,2024-09-13,10,1800.0
7917,24,8,2024-09-13,9,4500.0
7918,74,14,2024-09-13,17,1190.0
7919,96,6,2024-09-13,2,160.0
7920,41,14,2024-09-13,10,700.0
7921,50,22,2024-09-13,5,140.0
7922,30,5,2024-09-13,1,350.0
7923,89,22,2024-09-14,5,140.0
7924,53,18,2024-09-14,4,200.0
7925,55,19,2024-09-14,1,20.0
7926,69,28,2024-09-14,1,45.0
7927,99,21,2024-09-15,4,60.0
7928,4,29,2024-09-15,4,152.0
7929,6,28,2024-09-15,3,135.0
7930,58,28,2024-09-15,1,45.0
7931,31,1,2024-09-15,1,1200.0
7932,99,14,2024-09-15,1,70.0
7933,4,4,2024-09-16,3,360.0
7934,75,12,2024-09-16,2,130.0
7935,97,24,2024-09-16,1,35.0
7936,34,2,2024-09-16,3,105.0
7937,43,13,2024-09-16,3,150.0
7938,66,23,2024-09-16,1,15.0
7939,96,20,2024-09-17,4,100.0
7940,17,5,2024-09-17,3,1050.0
7941,28,12,2024-09-18,6,390.0
7942,12,3,2024-09-18,1,55.0
7943,12,6,2024-09-18,3,240.0
7944,73,19,2024-09-18,1,20.0
7945,91,18,2024-09-18,9,450.0
7946,18,28,2024-09-18,3,135.0
7947,81,28,2024-09-19,4,180.0
7948,28,15,2024-09-19,2,360.0
7949,82,6,2024-09-19,3,240.0
7950,18,29,2024-09-19,4,152.0
7951,27,24,2024-09-19,6,210.0
7952,22,21,2024-09-19,2,30.0
7953,82,30,2024-09-20,9,450.0
7954,76,20,2024-09-20,2,50.0
7955,76,18,2024-09-20,1,50.0
7956,100,17,2024-09-20,3,120.0
7957,61,12,2024-09-20,3,195.0
7958,21,2,2024-09-21,4,140.0
7959,59,9,2024-09-21,5,900.0
7960,96,17,2024-09-21,1,40.0
7961,11,10,2024-09-22,1,220.0
7962,31,29,2024-09-22,1,38.0
7963,31,21,2024-09-22,6,90.0
7964,39,8,2024-09-22,2,1000.0
7965,67,23,2024-09-22,1,15.0
7966,16,24,2024-09-23,2,70.0
7967,93,4,2024-09-23,10,1200.0
7968,82,6,2024-09-23,8,640.0
7969,37,10,2024-09-23,2,440.0
7970,78,30,2024-09-24,4,200.0
7971,44,4,2024-09-24,2,240.0
7972,11,29,2024-09-24,5,190.0
7973,64,5,2024-09-24,5,1750.0
7974,54,28,2024-09-26,3,135.0
7975,8,6,2024-09-26,11,880.0
7976,29,16,2024-09-26,24,2880.0
7977,97,9,2024-09-26,13,2340.0
7978,10,15,2024-09-27,6,1080.0
7979,100,2,2024-09-27,4,140.0
7980,89,14,2024-09-27,13,910.0
7981,75,18,2024-09-27,2,100.0
7982,73,21,2024-09-28,1,15.0
7983,88,14,2024-09-29,2,140.0
7984,89,28,2024-09-30,2,90.0
7985,66,6,2024-09-30,22,1760.0
7986,98,24,2024-09-30,8,280.0
7987,98,2,2024-10-01,1,35.0
7988,44,18,2024-10-01,5,250.0
7989,22,15,2024-10-01,4,720.0
7990,40,1,2024-10-01,7,8400.0
7991,8,20,2024-10-01,1,25.0
7992,50,8,2024-10-01,1,500.0
7993,39,4,2024-10-02,3,360.0
7994,67,16,2024-10-02,8,960.0
7995,63,12,2024-10-02,2,130.0
7996,85,21,2024-10-02,8,120.0
7997,10,23,2024-10-02,5,75.0
7998,49,25,2024-10-02,3,90.0
7999,30,6,2024-10-02,6,480.0
8000,95,17,2024-10-03,3,120.0
8001,65,19,2024-10-03,1,20.0
8002,36,25,2024-10-03,4,120.0
8003,80,26,2024-10-04,4,140.0
8004,12,8,2024-10-04,4,2000.0
8005,31,3,2024-10-04,7,385.0
8006,96,28,2024-10-04,1,45.0
8007,19,19,2024-10-04,6,120.0
8008,97,15,2024-10-05,1,180.0
8009,82,18,2024-10-05,1,50.0
8010,31,9,2024-10-06,3,540.0
8011,95,20,2024-10-06,2,50.0
8012,89,23,2024-10-07,5,75.0
8013,50,2,2024-10-07,7,245.0
8014,42,8,2024-10-07,3,1500.0
8015,30,4,2024-10-08,11,1320.0
8016,76,25,2024-10-08,3,90.0
8017,75,2,2024-10-08,3,105.0
8018,7,28,2024-10-08,3,135.0
8019,36,9,2024-10-08,4,720.0
8020,38,19,2024-10-08,2,40.0
8021,38,16,2024-10-08,2,240.0
8022,90,21,2024-10-08,6,90.0
8023,87,14,2024-10-08,4,280.0
8024,14,4,2024-10-09,10,1200.0
8025,60,1,2024-10-09,4,4800.0
8026,26,5,2024-10-11,4,1400.0
8027,64,2,2024-10-11,1,35.0
8028,63,7,2024-10-11,4,1200.0
8029,83,19,2024-10-11,26,520.0
8030,88,1,2024-10-11,1,1200.0
8031,53,22,2024-10-11,5,140.0
8032,59,8,2024-10-12,2,1000.0
8033,90,17,2024-10-13,3,120.0
8034,58,1,2024-10-13,3,3600.0
8035,31,10,2024-10-14,1,220.0
8036,61,27,2024-10-14,1,40.0
8037,29,11,2024-10-14,4,3200.0
8038,66,18,2024-10-15,1,50.0
8039,93,19,2024-10-15,3,60.0
8040,56,23,2024-10-15,9,135.0
8041,56,1,2024-10-15,12,14400.0
8042,39,2,2024-10-15,1,35.0
8043,27,17,2024-10-15,2,80.0
8044,52,11,2024-10-15,5,4000.0
8045,14,28,2024-10-15,4,180.0
8046,18,27,2024-10-15,5,200.0
8047,74,8,2024-10-16,3,1500.0
8048,68,11,2024-10-16,9,7200.0
8049,50,22,2024-10-16,2,56.0
8050,100,4,2024-10-16,4,480.0
8051,9,3,2024-10-17,4,220.0
8052,49,15,2024-10-17,5,900.0
8053,80,6,2024-10-17,1,80.0
8054,34,30,2024-10-17,5,250.0
8055,92,18,2024-10-18,34,1700.0
8056,14,10,2024-10-18,4,880.0
8057,84,5,2024-10-19,5,1750.0
8058,69,21,2024-10-19,4,60.0
8059,98,17,2024-10-19,3,120.0
8060,60,28,2024-10-19,4,180.0
8061,23,27,2024-10-19,18,720.0
8062,87,7,2024-10-19,3,900.0
8063,26,13,2024-10-20,2,100.0
8064,52,15,2024-10-20,7,1260.0
8065,43,29,2024-10-20,4,152.0
8066,18,18,2024-10-20,5,250.0
8067,50,1,2024-10-20,4,4800.0
8068,93,1,2024-10-21,4,4800.0
8069,22,9,2024-10-21,3,540.0
8070,9,4,2024-10-21,1,120.0
8071,81,17,2024-10-21,9,360.0
8072,21,26,2024-10-21,4,140.0
8073,19,15,2024-10-22,5,900.0
8074,99,19,2024-10-22,11,220.0
8075,12,13,2024-10-22,6,300.0
8076,31,16,2024-10-22,2,240.0
8077,37,5,2024-10-22,3,1050.0
8078,11,18,2024-10-22,9,450.0
8079,69,10,2024-10-23,1,220.0
8080,62,6,2024-10-24,3,240.0
8081,17,9,2024-10-24,1,180.0
8082,5,25,2024-10-24,2,60.0
8083,41,3,2024-10-25,7,385.0
8084,90,8,2024-10-25,4,2000.0
8085,38,22,2024-10-25,7,196.0
8086,83,1,2024-10-25,5,6000.0
8087,28,9,2024-10-25,4,720.0
8088,33,21,2024-10-26,2,30.0
8089,53,30,2024-10-26,7,350.0
8090,12,28,2024-10-26,5,225.0
8091,76,4,2024-10-26,7,840.0
8092,89,21,2024-10-26,7,105.0
8093,74,1,2024-10-27,4,4800.0
8094,47,23,2024-10-27,1,15.0
8095,47,29,2024-10-28,1,38.0
8096,64,14,2024-10-28,4,280.0
8097,40,13,2024-10-28,11,550.0
8098,56,17,2024-10-29,23,920.0
8099,20,15,2024-10-30,2,360.0
8100,24,21,2024-10-30,3,45.0
8101,94,27,2024-10-30,2,80.0
8102,31,26,2024-10-30,4,140.0
8103,73,5,2024-10-30,1,350.0
8104,58,10,2024-10-30,3,660.0
8105,30,18,2024-10-31,2,100.0
8106,38,17,2024-10-31,4,160.0
8107,77,6,2024-11-01,25,2000.0
8108,39,2,2024-11-01,2,70.0
8109,88,23,2024-11-01,1,15.0
8110,25,25,2024-11-01,17,510.0
8111,80,20,2024-11-02,1,25.0
8112,96,9,2024-11-02,1,180.0
8113,60,6,2024-11-02,5,400.0
8114,29,11,2024-11-02,3,2400.0
8115,37,6,2024-11-02,1,80.0
8116,38,19,2024-11-03,15,300.0
8117,67,15,2024-11-03,4,720.0
8118,9,22,2024-11-04,2,56.0
8119,25,25,2024-11-04,17,510.0
8120,57,7,2024-11-04,6,1800.0
8121,92,7,2024-11-05,9,2700.0
8122,30,13,2024-11-05,2,100.0
8123,81,26,2024-11-05,6,210.0
8124,35,3,2024-11-05,5,275.0
8125,87,19,2024-11-06,6,120.0
8126,38,27,2024-11-06,4,160.0
8127,48,25,2024-11-07,5,150.0
8128,91,12,2024-11-07,1,65.0
8129,78,26,2024-11-07,6,210.0
8130,31,28,2024-11-07,4,180.0
8131,47,11,2024-11-07,2,1600.0
8132,53,29,2024-11-08,10,380.0
8133,3,21,2024-11-08,4,60.0
8134,56,17,2024-11-09,2,80.0
8135,57,18,2024-11-09,4,200.0
8136,56,6,2024-11-09,6,480.0
8137,97,29,2024-11-09,19,722.0
8138,12,16,2024-11-09,1,120.0
8139,94,6,2024-11-10,1,80.0
8140,18,7,2024-11-10,9,2700.0
8141,57,29,2024-11-10,3,114.0
8142,25,23,2024-11-10,10,150.0
8143,6,24,2024-11-10,2,70.0
8144,65,27,2024-11-11,6,240.0
8145,61,9,2024-11-11,11,1980.0
8146,94,19,2024-11-12,2,40.0
8147,70,9,2024-11-12,2,360.0
8148,62,6,2024-11-12,3,240.0
8149,24,11,2024-11-13,2,1600.0
8150,49,3,2024-11-13,30,1650.0
8151,81,30,2024-11-15,2,100.0
8152,74,5,2024-11-15,2,700.0
8153,75,21,2024-11-15,3,45.0
8154,90,5,2024-11-15,14,4900.0
8155,92,22,2024-11-15,12,336.0
8156,48,22,2024-11-16,7,196.0
8157,35,29,2024-11-16,6,228.0
8158,85,8,2024-11-16,4,2000.0
8159,36,8,2024-11-16,2,1000.0
8160,75,14,2024-11-16,1,70.0
8161,80,5,2024-11-16,5,1750.0
8162,50,5,2024-11-17,1,350.0
8163,9,18,2024-11-17,3,150.0
8164,61,10,2024-11-17,9,1980.0
8165,36,14,2024-11-17,1,70.0
8166,15,13,2024-11-17,6,300.0
8167,2,12,2024-11-18,2,130.0
8168,72,4,2024-11-18,6,720.0
8169,36,12,2024-11-19,6,390.0
8170,66,8,2024-11-19,5,2500.0
8171,15,10,2024-11-20,5,1100.0
8172,91,8,2024-11-20,2,1000.0
8173,51,24,2024-11-20,1,35.0
8174,1,18,2024-11-21,3,150.0
8175,82,18,2024-11-21,2,100.0
8176,46,17,2024-11-22,11,440.0
8177,92,13,2024-11-22,3,150.0
8178,46,24,2024-11-22,1,35.0
8179,44,16,2024-11-22,13,1560.0
8180,21,29,2024-11-22,8,304.0
8181,76,18,2024-11-23,18,900.0
8182,68,11,2024-11-23,1,800.0
8183,87,22,2024-11-23,5,140.0
8184,37,30,2024-11-23,4,200.0
8185,68,22,2024-11-23,2,56.0
8186,35,6,2024-11-24,1,80.0
8187,89,16,2024-11-24,1,120.0
8188,82,18,2024-11-24,1,50.0
8189,97,9,2024-11-24,1,180.0
8190,32,17,2024-11-24,2,80.0
8191,20,30,2024-11-24,13,650.0
8192,8,25,2024-11-24,4,120.0
8193,17,16,2024-11-24,6,720.0
8194,56,14,2024-11-25,12,840.0
8195,42,12,2024-11-25,5,325.0
8196,51,23,2024-11-26,10,150.0
8197,13,4,2024-11-26,2,240.0
8198,74,28,2024-11-26,2,90.0
8199,3,12,2024-11-26,8,520.0
8200,87,25,2024-11-27,5,150.0
8201,35,3,2024-11-27,7,385.0
8202,51,14,2024-11-27,2,140.0
8203,78,7,2024-11-28,6,1800.0
8204,74,11,2024-11-28,2,1600.0
8205,21,20,2024-11-28,5,125.0
8206,32,4,2024-11-30,7,840.0
8207,52,22,2024-11-30,6,168.0
8208,20,28,2024-11-30,14,630.0
8209,19,3,2024-11-30,2,110.0
8210,22,23,2024-11-30,8,120.0
8211,68,25,2024-11-30,2,60.0
8212,17,2,2024-11-30,14,490.0
8213,94,9,2024-12-01,9,1620.0
8214,20,25,2024-12-01,1,30.0
8215,97,11,2024-12-01,5,4000.0
8216,98,29,2024-12-01,2,76.0
8217,100,26,2024-12-01,1,35.0
8218,34,7,2024-12-03,2,600.0
8219,78,23,2024-12-03,10,150.0
8220,46,1,2024-12-03,9,10800.0
8221,53,2,2024-12-04,5,175.0
8222,53,2,2024-12-04,1,35.0
8223,26,28,2024-12-05,8,360.0
8224,83,14,2024-12-05,3,210.0
8225,33,22,2024-12-05,1,28.0
8226,13,29,2024-12-06,6,228.0
8227,9,14,2024-12-06,2,140.0
8228,34,12,2024-12-06,3,195.0
8229,20,11,2024-12-06,2,1600.0
8230,81,16,2024-12-07,1,120.0
8231,82,17,2024-12-08,1,40.0
8232,27,15,2024-12-08,7,1260.0
8233,56,9,2024-12-08,1,180.0
8234,10,25,2024-12-09,25,750.0
8235,45,26,2024-12-09,6,210.0
8236,2,19,2024-12-09,11,220.0
8237,50,27,2024-12-09,6,240.0
8238,93,10,2024-12-10,8,1760.0
8239,6,11,2024-12-10,4,3200.0
8240,77,12,2024-12-11,2,130.0
8241,62,4,2024-12-11,6,720.0
8242,10,8,2024-12-11,9,4500.0
8243,52,7,2024-12-11,9,2700.0
8244,25,30,2024-12-11,8,400.0
8245,7,10,2024-12-12,8,1760.0
8246,49,8,2024-12-12,3,1500.0
8247,2,17,2024-12-12,9,360.0
8248,69,22,2024-12-13,4,112.0
8249,82,23,2024-12-13,6,90.0
8250,35,11,2024-12-14,5,4000.0
8251,65,11,2024-12-14,7,5600.0
8252,85,28,2024-12-14,4,180.0
8253,61,5,2024-12-14,2,700.0
8254,23,2,2024-12-15,4,140.0
8255,35,14,2024-12-15,2,140.0
8256,34,6,2024-12-15,2,160.0
8257,15,14,2024-12-16,8,560.0
8258,47,8,2024-12-16,3,1500.0
8259,90,11,2024-12-16,6,4800.0
8260,77,7,2024-12-16,1,300.0
8261,98,25,2024-12-17,14,420.0
8262,62,12,2024-12-17,5,325.0
8263,85,4,2024-12-17,6,720.0
8264,44,10,2024-12-17,6,1320.0
8265,80,10,2024-12-17,2,440.0
8266,90,10,2024-12-17,10,2200.0
8267,79,12,2024-12-18,35,2275.0
8268,99,11,2024-12-18,5,4000.0
8269,42,25,2024-12-18,4,120.0
8270,46,8,2024-12-18,11,5500.0
8271,17,9,2024-12-18,2,360.0
8272,27,12,2024-12-18,14,910.0
8273,63,4,2024-12-18,3,360.0
8274,78,15,2024-12-19,10,1800.0
8275,3,5,2024-12-19,3,1050.0
8276,5,23,2024-12-19,15,225.0
8277,2,14,2024-12-19,9,630.0
8278,22,23,2024-12-19,2,30.0
8279,62,21,2024-12-20,10,150.0
8280,59,22,2024-12-20,3,84.0
8281,72,14,2024-12-20,6,420.0
8282,17,4,2024-12-20,2,240.0
8283,73,10,2024-12-20,7,1540.0
8284,93,3,2024-12-20,52,2860.0
8285,72,11,2024-12-21,6,4800.0
8286,89,10,2024-12-21,1,220.0
8287,48,18,2024-12-21,5,250.0
8288,19,22,2024-12-21,3,84.0
8289,61,4,2024-12-21,9,1080.0
8290,1,9,2024-12-22,1,180.0
8291,43,10,2024-12-22,8,1760.0
8292,87,23,2024-12-22,5,75.0
8293,30,21,2024-12-22,5,75.0
8294,6,15,2024-12-22,1,180.0
8295,57,4,2024-12-23,5,600.0
8296,70,15,2024-12-23,4,720.0
8297,43,28,2024-12-23,2,90.0
8298,23,18,2024-12-23,2,100.0
8299,74,27,2024-12-23,5,200.0
8300,50,8,2024-12-23,2,1000.0
8301,4,25,2024-12-23,9,270.0
8302,48,9,2024-12-24,6,1080.0
8303,21,12,2024-12-24,2,130.0
8304,10,3,2024-12-24,3,165.0
8305,64,23,2024-12-24,10,150.0
8306,68,10,2024-12-25,2,440.0
8307,55,17,2024-12-25,34,1360.0
8308,62,21,2024-12-25,2,30.0
8309,40,24,2024-12-25,2,70.0
8310,9,3,2024-12-25,8,440.0
8311,4,16,2024-12-26,3,360.0
8312,90,8,2024-12-27,13,6500.0
8313,63,6,2024-12-28,8,640.0
8314,25,10,2024-12-28,7,1540.0
8315,52,8,2024-12-29,29,14500.0
8316,30,9,2024-12-29,7,1260.0
8317,97,28,2024-12-29,3,135.0
8318,56,8,2024-12-30,13,6500.0
8319,97,12,2024-12-30,10,650.0
8320,29,19,2024-12-31,6,120.0
8321,100,27,2024-12-31,12,480.0
8322,39,24,2025-01-01,1,35.0
8323,96,5,2025-01-01,1,350.0
8324,5,11,2025-01-01,2,1600.0
8325,74,11,2025-01-02,1,800.0
8326,91,5,2025-01-02,1,350.0
8327,61,27,2025-01-02,3,120.0
8328,3,3,2025-01-02,1,55.0
8329,7,20,2025-01-03,1,25.0
8330,20,1,2025-01-03,1,1200.0
8331,39,24,2025-01-03,2,70.0
8332,2,5,2025-01-04,1,350.0
8333,55,18,2025-01-05,1,50.0
8334,37,24,2025-01-05,1,35.0
8335,22,20,2025-01-05,2,50.0
8336,28,12,2025-01-06,1,65.0
8337,79,30,2025-01-06,2,100.0
8338,46,20,2025-01-06,5,125.0
8339,42,11,2025-01-06,1,800.0
8340,61,18,2025-01-06,5,250.0
8341,74,22,2025-01-06,1,28.0
8342,13,22,2025-01-06,2,56.0
8343,53,16,2025-01-06,3,360.0
8344,56,20,2025-01-07,1,25.0
8345,20,6,2025-01-07,5,400.0
8346,94,17,2025-01-07,3,120.0
8347,100,19,2025-01-07,1,20.0
8348,48,11,2025-01-07,1,800.0
8349,28,8,2025-01-07,1,500.0
8350,98,20,2025-01-07,5,125.0
8351,91,17,2025-01-07,14,560.0
8352,90,22,2025-01-08,1,28.0
8353,61,16,2025-01-08,1,120.0
8354,24,6,2025-01-08,9,720.0
8355,88,1,2025-01-08,1,1200.0
8356,64,27,2025-01-08,1,40.0
8357,48,8,2025-01-09,4,2000.0
8358,7,30,2025-01-09,1,50.0
8359,61,20,2025-01-09,1,25.0
8360,39,13,2025-01-10,4,200.0
8361,48,26,2025-01-10,4,140.0
8362,95,16,2025-01-10,3,360.0
8363,66,16,2025-01-10,3,360.0
8364,76,13,2025-01-11,1,50.0
8365,35,14,2025-01-12,3,210.0
8366,46,24,2025-01-12,2,70.0
8367,42,5,2025-01-12,1,350.0
8368,74,11,2025-01-12,1,800.0
8369,43,1,2025-01-13,2,2400.0
8370,12,11,2025-01-13,1,800.0
8371,5,16,2025-01-13,1,120.0
8372,7,13,2025-01-14,1,50.0
8373,61,30,2025-01-14,1,50.0
8374,58,17,2025-01-14,1,40.0
8375,53,23,2025-01-14,4,60.0
8376,22,10,2025-01-14,1,220.0
8377,82,26,2025-01-14,1,35.0
8378,43,12,2025-01-14,2,130.0
8379,57,22,2025-01-14,3,84.0
8380,83,19,2025-01-15,5,100.0
8381,83,27,2025-01-15,2,80.0
8382,51,22,2025-01-15,1,28.0
8383,3,8,2025-01-15,3,1500.0
8384,67,5,2025-01-15,1,350.0
8385,85,11,2025-01-16,2,1600.0
8386,51,24,2025-01-17,2,70.0
8387,32,24,2025-01-17,2,70.0
8388,95,22,2025-01-18,1,28.0
8389,6,17,2025-01-18,1,40.0
8390,43,13,2025-01-19,2,100.0
8391,61,27,2025-01-19,2,80.0
8392,68,16,2025-01-19,1,120.0
8393,85,4,2025-01-19,1,120.0
8394,1,18,2025-01-19,3,150.0
8395,84,25,2025-01-19,2,60.0
8396,25,29,2025-01-19,5,190.0
8397,24,22,2025-01-20,3,84.0
8398,41,25,2025-01-20,1,30.0
8399,38,5,2025-01-20,3,1050.0
8400,8,3,2025-01-20,1,55.0
8401,28,4,2025-01-20,1,120.0
8402,40,26,2025-01-20,4,140.0
8403,71,4,2025-01-21,1,120.0
8404,96,19,2025-01-21,1,20.0
8405,80,18,2025-01-21,3,150.0
8406,93,21,2025-01-21,2,30.0
8407,9,10,2025-01-21,1,220.0
8408,33,25,2025-01-21,1,30.0
8409,22,22,2025-01-21,6,168.0
8410,53,5,2025-01-22,1,350.0
8411,95,21,2025-01-22,2,30.0
8412,100,1,2025-01-22,1,1200.0
8413,31,9,2025-01-22,1,180.0
8414,31,2,2025-01-23,1,35.0
8415,16,2,2025-01-23,1,35.0
8416,53,27,2025-01-24,5,200.0
8417,11,25,2025-01-24,1,30.0
8418,12,28,2025-01-24,2,90.0
8419,81,25,2025-01-25,1,30.0
8420,21,16,2025-01-26,1,120.0
8421,5,7,2025-01-26,2,600.0
8422,36,13,2025-01-26,1,50.0
8423,72,19,2025-01-26,1,20.0
8424,6,19,2025-01-26,4,80.0
8425,7,4,2025-01-27,1,120.0
8426,20,5,2025-01-27,1,350.0
8427,86,10,2025-01-27,2,440.0
8428,30,10,2025-01-27,1,220.0
8429,75,5,2025-01-27,1,350.0
8430,37,17,2025-01-28,2,80.0
8431,65,15,2025-01-28,1,180.0
8432,84,30,2025-01-28,1,50.0
8433,47,10,2025-01-28,2,440.0
8434,70,24,2025-01-29,4,140.0
8435,95,5,2025-01-29,4,1400.0
8436,17,1,2025-01-29,13,15600.0
8437,49,21,2025-01-29,1,15.0
8438,18,18,2025-01-29,2,100.0
8439,54,10,2025-01-29,1,220.0
8440,35,6,2025-01-31,2,160.0
8441,33,19,2025-01-31,2,40.0
8442,62,18,2025-01-31,4,200.0
8443,29,9,2025-01-31,6,1080.0
8444,29,27,2025-02-01,1,40.0
8445,69,19,2025-02-01,1,20.0
8446,36,20,2025-02-02,2,50.0
8447,29,9,2025-02-02,2,360.0
8448,86,12,2025-02-02,4,260.0
8449,72,3,2025-02-02,7,385.0
8450,63,7,2025-02-02,1,300.0
8451,33,3,2025-02-03,1,55.0
8452,17,2,2025-02-03,1,35.0
8453,34,2,2025-02-03,1,35.0
8454,77,22,2025-02-04,1,28.0
8455,32,7,2025-02-04,4,1200.0
8456,39,10,2025-02-05,1,220.0
8457,46,10,2025-02-05,1,220.0
8458,2,16,2025-02-05,1,120.0
8459,11,18,2025-02-05,2,100.0
8460,92,1,2025-02-05,1,1200.0
8461,62,14,2025-02-06,2,140.0
8462,16,2,2025-02-07,6,210.0
8463,90,19,2025-02-07,1,20.0
8464,28,17,2025-02-08,1,40.0
8465,60,30,2025-02-08,1,50.0
8466,100,8,2025-02-08,1,500.0
8467,51,21,2025-02-08,3,45.0
8468,37,26,2025-02-09,1,35.0
8469,3,26,2025-02-09,1,35.0
8470,36,1,2025-02-09,3,3600.0
8471,43,25,2025-02-09,1,30.0
8472,64,6,2025-02-10,2,160.0
8473,32,16,2025-02-10,1,120.0
8474,16,20,2025-02-10,3,75.0
8475,67,22,2025-02-10,1,28.0
8476,36,5,2025-02-10,1,350.0
8477,43,22,2025-02-11,1,28.0
8478,67,26,2025-02-11,4,140.0
8479,22,19,2025-02-11,1,20.0
8480,13,8,2025-02-11,1,500.0
8481,89,9,2025-02-12,1,180.0
8482,73,9,2025-02-12,2,360.0
8483,71,26,2025-02-13,2,70.0
8484,100,26,2025-02-13,2,70.0
8485,59,4,2025-02-13,1,120.0
8486,56,20,2025-02-13,3,75.0
8487,60,16,2025-02-13,1,120.0
8488,69,6,2025-02-14,4,320.0
8489,53,19,2025-02-14,2,40.0
8490,92,2,2025-02-14,4,140.0
8491,18,7,2025-02-15,1,300.0
8492,58,16,2025-02-15,2,240.0
8493,65,25,2025-02-15,1,30.0
8494,1,9,2025-02-15,1,180.0
8495,72,14,2025-02-15,3,210.0
8496,40,3,2025-02-16,1,55.0
8497,89,6,2025-02-16,2,160.0
8498,9,26,2025-02-16,1,35.0
8499,70,9,2025-02-16,3,540.0
8500,50,9,2025-02-16,2,360.0
8501,42,10,2025-02-16,1,220.0
8502,76,5,2025-02-16,2,700.0
8503,21,18,2025-02-17,1,50.0
8504,87,6,2025-02-17,1,80.0
8505,3,11,2025-02-17,2,1600.0
8506,45,19,2025-02-17,2,40.0
8507,87,15,2025-02-17,3,540.0
8508,60,12,2025-02-18,1,65.0
8509,25,5,2025-02-18,4,1400.0
8510,50,1,2025-02-19,1,1200.0
8511,50,24,2025-02-19,1,35.0
8512,55,21,2025-02-19,2,30.0
8513,92,14,2025-02-19,2,140.0
8514,51,6,2025-02-19,1,80.0
8515,30,6,2025-02-20,1,80.0
8516,60,18,2025-02-20,3,150.0
8517,80,17,2025-02-20,2,80.0
8518,10,7,2025-02-20,1,300.0
8519,40,1,2025-02-21,3,3600.0
8520,78,27,2025-02-22,2,80.0
8521,6,28,2025-02-22,1,45.0
8522,75,22,2025-02-22,1,28.0
8523,51,21,2025-02-22,1,15.0
8524,76,1,2025-02-22,1,1200.0
8525,33,25,2025-02-22,1,30.0
8526,87,30,2025-02-22,2,100.0
8527,72,15,2025-02-23,1,180.0
8528,49,15,2025-02-23,1,180.0
8529,44,29,2025-02-23,1,38.0
8530,62,12,2025-02-23,1,65.0
8531,75,17,2025-02-23,2,80.0
8532,87,17,2025-02-23,2,80.0
8533,60,26,2025-02-23,1,35.0
8534,58,25,2025-02-24,4,120.0
8535,67,5,2025-02-24,2,700.0
8536,57,6,2025-02-24,3,240.0
8537,10,7,2025-02-24,5,1500.0
8538,64,29,2025-02-24,1,38.0
8539,13,26,2025-02-25,2,70.0
8540,89,10,2025-02-26,1,220.0
8541,1,7,2025-02-26,4,1200.0
8542,92,21,2025-02-26,3,45.0
8543,35,25,2025-02-28,2,60.0
8544,83,27,2025-02-28,5,200.0
8545,30,2,2025-03-01,1,35.0
8546,57,7,2025-03-01,1,300.0
8547,31,20,2025-03-01,1,25.0
8548,94,18,2025-03-01,1,50.0
8549,24,4,2025-03-01,1,120.0
8550,81,7,2025-03-02,1,300.0
8551,51,7,2025-03-02,1,300.0
8552,86,22,2025-03-03,1,28.0
8553,91,18,2025-03-03,1,50.0
8554,59,12,2025-03-03,7,455.0
8555,12,25,2025-03-03,2,60.0
8556,42,15,2025-03-04,3,540.0
8557,77,18,2025-03-04,3,150.0
8558,8,30,2025-03-04,1,50.0
8559,23,28,2025-03-04,1,45.0
8560,97,30,2025-03-04,1,50.0
8561,49,11,2025-03-04,1,800.0
8562,4,21,2025-03-05,3,45.0
8563,18,4,2025-03-06,5,600.0
8564,2,18,2025-03-06,1,50.0
8565,33,28,2025-03-06,2,90.0
8566,4,1,2025-03-07,1,1200.0
8567,40,15,2025-03-07,1,180.0
8568,45,21,2025-03-08,2,30.0
8569,29,26,2025-03-08,2,70.0
8570,32,10,2025-03-08,1,220.0
8571,59,13,2025-03-09,4,200.0
8572,30,21,2025-03-09,1,15.0
8573,98,26,2025-03-09,1,35.0
8574,76,16,2025-03-09,3,360.0
8575,55,3,2025-03-10,1,55.0
8576,39,17,2025-03-10,3,120.0
8577,17,25,2025-03-10,8,240.0
8578,98,13,2025-03-10,8,400.0
8579,68,21,2025-03-10,2,30.0
8580,80,24,2025-03-11,1,35.0
8581,27,3,2025-03-11,1,55.0
8582,23,15,2025-03-11,4,720.0
8583,91,1,2025-03-11,1,1200.0
8584,61,27,2025-03-11,2,80.0
8585,89,9,2025-03-11,3,540.0
8586,89,7,2025-03-11,1,300.0
8587,14,10,2025-03-11,3,660.0
8588,43,1,2025-03-12,17,20400.0
8589,58,14,2025-03-12,4,280.0
8590,41,6,2025-03-12,1,80.0
8591,30,6,2025-03-12,5,400.0
8592,86,26,2025-03-13,1,35.0
8593,79,7,2025-03-13,4,1200.0
8594,70,7,2025-03-13,3,900.0
8595,67,14,2025-03-13,12,840.0
8596,63,23,2025-03-13,1,15.0
8597,28,17,2025-03-13,5,200.0
8598,3,23,2025-03-13,3,45.0
8599,46,1,2025-03-13,3,3600.0
8600,69,12,2025-03-13,1,65.0
8601,57,14,2025-03-14,1,70.0
8602,68,13,2025-03-14,1,50.0
8603,30,17,2025-03-14,5,200.0
8604,72,2,2025-03-14,3,105.0
8605,84,18,2025-03-15,1,50.0
8606,10,17,2025-03-15,4,160.0
8607,68,4,2025-03-15,1,120.0
8608,41,2,2025-03-15,1,35.0
8609,62,26,2025-03-16,3,105.0
8610,10,12,2025-03-16,2,130.0
8611,98,15,2025-03-17,3,540.0
8612,34,10,2025-03-17,1,220.0
8613,17,15,2025-03-18,4,720.0
8614,52,6,2025-03-18,1,80.0
8615,96,28,2025-03-19,5,225.0
8616,88,3,2025-03-19,2,110.0
8617,62,18,2025-03-20,4,200.0
8618,2,12,2025-03-20,4,260.0
8619,98,17,2025-03-20,3,120.0
8620,20,25,2025-03-20,2,60.0
8621,39,11,2025-03-20,3,2400.0
8622,54,21,2025-03-20,5,75.0
8623,56,7,2025-03-21,1,300.0
8624,75,29,2025-03-21,5,190.0
8625,92,14,2025-03-21,1,70.0
8626,52,11,2025-03-22,3,2400.0
8627,58,6,2025-03-22,9,720.0
8628,91,16,2025-03-22,1,120.0
8629,1,21,2025-03-22,1,15.0
8630,27,21,2025-03-23,4,60.0
8631,43,24,2025-03-23,1,35.0
8632,3,3,2025-03-24,1,55.0
8633,28,26,2025-03-24,1,35.0
8634,33,25,2025-03-25,3,90.0
8635,39,11,2025-03-26,5,4000.0
8636,17,26,2025-03-27,3,105.0
8637,66,2,2025-03-27,1,35.0
8638,35,21,2025-03-27,1,15.0
8639,24,19,2025-03-27,2,40.0
8640,17,15,2025-03-27,1,180.0
8641,44,26,2025-03-27,3,105.0
8642,67,15,2025-03-27,1,180.0
8643,83,2,2025-03-28,4,140.0
8644,54,22,2025-03-28,1,28.0
8645,82,9,2025-03-28,30,5400.0
8646,66,1,2025-03-28,4,4800.0
8647,28,5,2025-03-28,2,700.0
8648,87,1,2025-03-28,3,3600.0
8649,80,24,2025-03-28,4,140.0
8650,85,28,2025-03-29,3,135.0
8651,15,4,2025-03-29,3,360.0
8652,20,15,2025-03-29,1,180.0
8653,32,12,2025-03-30,14,910.0
8654,14,10,2025-03-30,2,440.0
8655,86,2,2025-03-30,15,525.0
8656,96,30,2025-03-30,1,50.0
8657,7,20,2025-03-30,2,50.0
8658,65,28,2025-03-30,2,90.0
8659,36,5,2025-03-30,1,350.0
8660,64,22,2025-03-30,1,28.0
8661,52,2,2025-03-31,1,35.0
8662,11,25,2025-03-31,1,30.0
8663,58,4,2025-03-31,9,1080.0
8664,56,8,2025-04-02,1,500.0
8665,4,11,2025-04-02,1,800.0
8666,31,9,2025-04-02,1,180.0
8667,56,16,2025-04-02,3,360.0
8668,18,28,2025-04-03,4,180.0
8669,65,26,2025-04-03,1,35.0
8670,44,9,2025-04-03,1,180.0
8671,28,25,2025-04-03,2,60.0
8672,99,2,2025-04-04,5,175.0
8673,58,26,2025-04-04,1,35.0
8674,99,11,2025-04-04,4,3200.0
8675,40,23,2025-04-05,1,15.0
8676,53,16,2025-04-05,5,600.0
8677,76,27,2025-04-05,1,40.0
8678,76,28,2025-04-05,1,45.0
8679,67,26,2025-04-05,3,105.0
8680,25,27,2025-04-06,1,40.0
8681,4,9,2025-04-07,14,2520.0
8682,97,14,2025-04-07,5,350.0
8683,11,29,2025-04-08,2,76.0
8684,71,4,2025-04-08,6,720.0
8685,86,29,2025-04-09,1,38.0
8686,5,28,2025-04-09,1,45.0
8687,11,30,2025-04-09,1,50.0
8688,49,14,2025-04-09,3,210.0
8689,62,16,2025-04-09,2,240.0
8690,51,11,2025-04-09,17,13600.0
8691,43,24,2025-04-10,15,525.0
8692,40,10,2025-04-10,4,880.0
8693,72,20,2025-04-10,1,25.0
8694,86,24,2025-04-10,1,35.0
8695,84,21,2025-04-11,1,15.0
8696,54,18,2025-04-11,7,350.0
8697,16,30,2025-04-11,2,100.0
8698,23,22,2025-04-12,1,28.0
8699,84,26,2025-04-12,6,210.0
8700,80,17,2025-04-12,4,160.0
8701,98,9,2025-04-12,12,2160.0
8702,9,19,2025-04-12,1,20.0
8703,37,22,2025-04-13,3,84.0
8704,65,5,2025-04-13,1,350.0
8705,21,22,2025-04-14,11,308.0
8706,13,9,2025-04-14,2,360.0
8707,71,2,2025-04-14,3,105.0
8708,34,22,2025-04-14,4,112.0
8709,72,5,2025-04-14,7,2450.0
8710,62,4,2025-04-14,1,120.0
8711,48,1,2025-04-15,25,30000.0
8712,33,13,2025-04-15,5,250.0
8713,72,18,2025-04-15,1,50.0
8714,4,9,2025-04-15,4,720.0
8715,14,14,2025-04-15,4,280.0
8716,15,8,2025-04-16,1,500.0
8717,50,28,2025-04-17,1,45.0
8718,2,23,2025-04-18,2,30.0
8719,7,6,2025-04-19,1,80.0
8720,32,13,2025-04-19,3,150.0
8721,4,23,2025-04-20,5,75.0
8722,59,9,2025-04-20,1,180.0
8723,10,20,2025-04-21,2,50.0
8724,36,30,2025-04-21,4,200.0
8725,47,7,2025-04-21,3,900.0
8726,3,21,2025-04-21,2,30.0
8727,73,24,2025-04-21,1,35.0
8728,51,1,2025-04-21,1,1200.0
8729,25,21,2025-04-21,3,45.0
8730,23,19,2025-04-21,2,40.0
8731,82,11,2025-04-22,4,3200.0
8732,72,20,2025-04-22,3,75.0
8733,74,30,2025-04-22,11,550.0
8734,8,27,2025-04-23,1,40.0
8735,90,23,2025-04-23,2,30.0
8736,45,7,2025-04-23,4,1200.0
8737,16,8,2025-04-23,5,2500.0
8738,66,19,2025-04-24,6,120.0
8739,7,18,2025-04-24,1,50.0
8740,69,23,2025-04-24,6,90.0
8741,12,4,2025-04-25,7,840.0
8742,3,25,2025-04-25,2,60.0
8743,88,3,2025-04-25,1,55.0
8744,85,26,2025-04-25,4,140.0
8745,7,27,2025-04-26,5,200.0
8746,94,29,2025-04-26,1,38.0
8747,6,30,2025-04-26,2,100.0
8748,67,29,2025-04-27,13,494.0
8749,97,17,2025-04-27,4,160.0
8750,82,24,2025-04-27,4,140.0
8751,63,13,2025-04-28,4,200.0
8752,71,24,2025-04-28,2,70.0
8753,87,1,2025-04-28,2,2400.0
8754,85,30,2025-04-28,19,950.0
8755,42,25,2025-04-29,2,60.0
8756,62,9,2025-04-29,4,720.0
8757,43,13,2025-04-29,4,200.0
8758,42,16,2025-04-29,3,360.0
8759,4,30,2025-04-30,1,50.0
8760,28,17,2025-04-30,1,40.0
8761,75,28,2025-05-02,1,45.0
8762,100,8,2025-05-03,3,1500.0
8763,10,14,2025-05-03,3,210.0
8764,32,29,2025-05-04,1,38.0
8765,10,17,2025-05-04,3,120.0
8766,22,8,2025-05-04,3,1500.0
8767,62,13,2025-05-04,2,100.0
8768,1,3,2025-05-05,1,55.0
8769,17,6,2025-05-05,1,80.0
8770,89,5,2025-05-05,1,350.0
8771,76,17,2025-05-05,16,640.0
8772,4,27,2025-05-06,1,40.0
8773,77,15,2025-05-06,6,1080.0
8774,64,10,2025-05-06,7,1540.0
8775,8,13,2025-05-06,27,1350.0
8776,75,18,2025-05-06,1,50.0
8777,95,5,2025-05-06,1,350.0
8778,28,15,2025-05-07,8,1440.0
8779,93,5,2025-05-07,8,2800.0
8780,83,11,2025-05-07,4,3200.0
8781,24,20,2025-05-07,1,25.0
8782,67,1,2025-05-08,8,9600.0
8783,37,24,2025-05-08,5,175.0
8784,72,14,2025-05-09,7,490.0
8785,75,28,2025-05-10,4,180.0
8786,81,3,2025-05-11,3,165.0
8787,80,15,2025-05-11,2,360.0
8788,9,28,2025-05-11,1,45.0
8789,53,21,2025-05-11,3,45.0
8790,92,30,2025-05-11,1,50.0
8791,31,27,2025-05-11,4,160.0
8792,63,2,2025-05-12,3,105.0
8793,63,30,2025-05-12,1,50.0
8794,60,18,2025-05-12,1,50.0
8795,42,10,2025-05-13,6,1320.0
8796,91,19,2025-05-13,5,100.0
8797,34,14,2025-05-13,1,70.0
8798,23,8,2025-05-13,3,1500.0
8799,34,1,2025-05-13,4,4800.0
8800,12,28,2025-05-14,1,45.0
8801,91,5,2025-05-14,5,1750.0
8802,61,1,2025-05-14,6,7200.0
8803,51,29,2025-05-15,13,494.0
8804,82,21,2025-05-16,1,15.0
8805,37,17,2025-05-16,5,200.0
8806,27,23,2025-05-17,2,30.0
8807,90,15,2025-05-18,1,180.0
8808,65,17,2025-05-19,2,80.0
8809,36,8,2025-05-19,1,500.0
8810,50,25,2025-05-19,1,30.0
8811,99,6,2025-05-19,1,80.0
8812,18,13,2025-05-19,8,400.0
8813,46,30,2025-05-19,15,750.0
8814,62,14,2025-05-20,1,70.0
8815,12,11,2025-05-21,5,4000.0
8816,91,22,2025-05-22,7,196.0
8817,58,29,2025-05-22,2,76.0
8818,15,30,2025-05-23,40,2000.0
8819,57,12,2025-05-23,1,65.0
8820,59,28,2025-05-23,6,270.0
8821,31,11,2025-05-24,1,800.0
8822,100,15,2025-05-24,1,180.0
8823,87,8,2025-05-24,1,500.0
8824,90,14,2025-05-24,5,350.0
8825,74,26,2025-05-24,1,35.0
8826,96,23,2025-05-24,1,15.0
8827,44,5,2025-05-24,1,350.0
8828,10,19,2025-05-24,1,20.0
8829,15,14,2025-05-25,4,280.0
8830,76,11,2025-05-25,2,1600.0
8831,7,4,2025-05-25,6,720.0
8832,80,1,2025-05-26,6,7200.0
8833,21,15,2025-05-26,4,720.0
8834,36,27,2025-05-27,3,120.0
8835,49,25,2025-05-27,4,120.0
8836,94,9,2025-05-28,4,720.0
8837,73,1,2025-05-28,3,3600.0
8838,95,13,2025-05-28,8,400.0
8839,93,14,2025-05-29,7,490.0
8840,40,24,2025-05-29,3,105.0
8841,83,28,2025-05-29,3,135.0
8842,69,14,2025-05-29,4,280.0
8843,62,5,2025-05-30,4,1400.0
8844,95,5,2025-05-30,9,3150.0
8845,26,18,2025-05-31,2,100.0
8846,22,3,2025-05-31,2,110.0
8847,68,12,2025-06-01,1,65.0
8848,1,16,2025-06-01,1,120.0
8849,90,22,2025-06-01,2,56.0
8850,84,25,2025-06-01,1,30.0
8851,69,7,2025-06-01,3,900.0
8852,92,26,2025-06-02,1,35.0
8853,17,25,2025-06-02,4,120.0
8854,76,19,2025-06-02,13,260.0
8855,74,7,2025-06-02,1,300.0
8856,87,1,2025-06-02,1,1200.0
8857,38,12,2025-06-02,28,1820.0
8858,49,22,2025-06-03,6,168.0
8859,31,11,2025-06-04,3,2400.0
8860,53,19,2025-06-04,4,80.0
8861,15,6,2025-06-04,6,480.0
8862,38,26,2025-06-05,1,35.0
8863,41,17,2025-06-05,1,40.0
8864,12,13,2025-06-05,2,100.0
8865,63,26,2025-06-05,4,140.0
8866,71,16,2025-06-05,3,360.0
8867,95,13,2025-06-06,25,1250.0
8868,20,18,2025-06-06,1,50.0
8869,3,16,2025-06-06,1,120.0
8870,64,8,2025-06-07,2,1000.0
8871,77,9,2025-06-07,2,360.0
8872,7,14,2025-06-08,2,140.0
8873,10,22,2025-06-08,1,28.0
8874,84,27,2025-06-08,2,80.0
8875,67,3,2025-06-09,1,55.0
8876,61,19,2025-06-09,1,20.0
8877,76,13,2025-06-09,2,100.0
8878,14,3,2025-06-09,1,55.0
8879,4,2,2025-06-09,1,35.0
8880,10,15,2025-06-09,2,360.0
8881,7,19,2025-06-10,2,40.0
8882,55,24,2025-06-11,4,140.0
8883,57,12,2025-06-11,1,65.0
8884,61,2,2025-06-11,6,210.0
8885,6,12,2025-06-12,4,260.0
8886,65,6,2025-06-13,3,240.0
8887,30,19,2025-06-13,5,100.0
8888,13,6,2025-06-14,2,160.0
8889,66,2,2025-06-14,3,105.0
8890,26,3,2025-06-14,4,220.0
8891,13,12,2025-06-14,1,65.0
8892,79,12,2025-06-14,1,65.0
8893,18,3,2025-06-15,1,55.0
8894,93,8,2025-06-15,2,1000.0
8895,71,21,2025-06-15,1,15.0
8896,65,15,2025-06-15,5,900.0
8897,78,26,2025-06-15,1,35.0
8898,79,1,2025-06-16,1,1200.0
8899,83,22,2025-06-16,2,56.0
8900,4,3,2025-06-16,3,165.0
8901,11,8,2025-06-17,21,10500.0
8902,87,26,2025-06-17,2,70.0
8903,96,13,2025-06-17,10,500.0
8904,15,2,2025-06-17,1,35.0
8905,78,8,2025-06-17,6,3000.0
8906,19,2,2025-06-17,5,175.0
8907,63,28,2025-06-17,8,360.0
8908,71,17,2025-06-18,7,280.0
8909,9,24,2025-06-18,2,70.0
8910,69,24,2025-06-18,3,105.0
8911,92,21,2025-06-18,1,15.0
8912,62,10,2025-06-18,1,220.0
8913,50,17,2025-06-18,5,200.0
8914,93,3,2025-06-18,21,1155.0
8915,31,15,2025-06-19,2,360.0
8916,93,28,2025-06-19,8,360.0
8917,89,11,2025-06-19,3,2400.0
8918,40,11,2025-06-19,1,800.0
8919,91,4,2025-06-20,3,360.0
8920,62,18,2025-06-21,5,250.0
8921,16,2,2025-06-22,1,35.0
8922,85,30,2025-06-22,1,50.0
8923,58,5,2025-06-22,5,1750.0
8924,45,25,2025-06-22,1,30.0
8925,39,7,2025-06-23,20,6000.0
8926,22,26,2025-06-24,4,140.0
8927,25,11,2025-06-24,8,6400.0
8928,100,23,2025-06-25,8,120.0
8929,19,24,2025-06-25,8,280.0
8930,91,29,2025-06-26,5,190.0
8931,84,6,2025-06-26,11,880.0
8932,50,25,2025-06-27,10,300.0
8933,27,30,2025-06-27,3,150.0
8934,84,6,2025-06-27,4,320.0
8935,3,26,2025-06-28,5,175.0
8936,48,3,2025-06-28,1,55.0
8937,96,5,2025-06-28,4,1400.0
8938,83,10,2025-06-29,1,220.0
8939,33,16,2025-06-29,10,1200.0
8940,40,24,2025-06-30,3,105.0
8941,3,4,2025-06-30,4,480.0
8942,65,25,2025-06-30,2,60.0
8943,63,9,2025-06-30,13,2340.0
8944,99,5,2025-06-30,1,350.0
8945,73,11,2025-06-30,3,2400.0
8946,48,8,2025-07-01,1,500.0
8947,70,20,2025-07-01,1,25.0
8948,86,7,2025-07-01,1,300.0
8949,12,8,2025-07-01,16,8000.0
8950,95,20,2025-07-02,1,25.0
8951,31,5,2025-07-02,1,350.0
8952,77,15,2025-07-03,1,180.0
8953,17,11,2025-07-03,9,7200.0
8954,41,25,2025-07-03,3,90.0
8955,97,19,2025-07-04,1,20.0
8956,18,9,2025-07-04,2,360.0
8957,8,20,2025-07-04,11,275.0
8958,57,6,2025-07-05,2,160.0
8959,45,3,2025-07-05,1,55.0
8960,60,9,2025-07-06,1,180.0
8961,45,2,2025-07-06,1,35.0
8962,96,9,2025-07-06,2,360.0
8963,61,9,2025-07-06,4,720.0
8964,77,29,2025-07-06,1,38.0
8965,10,27,2025-07-07,8,320.0
8966,25,27,2025-07-07,5,200.0
8967,4,11,2025-07-07,1,800.0
8968,100,22,2025-07-08,2,56.0
8969,99,23,2025-07-08,1,15.0
8970,69,2,2025-07-08,3,105.0
8971,91,16,2025-07-08,1,120.0
8972,94,27,2025-07-09,2,80.0
8973,3,6,2025-07-09,5,400.0
8974,65,12,2025-07-09,3,195.0
8975,93,13,2025-07-09,1,50.0
8976,71,14,2025-07-10,6,420.0
8977,32,20,2025-07-10,6,150.0
8978,36,15,2025-07-10,7,1260.0
8979,66,29,2025-07-10,6,228.0
8980,41,16,2025-07-10,1,120.0
8981,81,2,2025-07-10,1,35.0
8982,43,2,2025-07-11,1,35.0
8983,63,7,2025-07-11,13,3900.0
8984,4,12,2025-07-11,1,65.0
8985,58,30,2025-07-11,7,350.0
8986,77,3,2025-07-12,2,110.0
8987,49,29,2025-07-12,1,38.0
8988,92,29,2025-07-12,4,152.0
8989,42,27,2025-07-12,1,40.0
8990,25,8,2025-07-13,11,5500.0
8991,67,29,2025-07-13,1,38.0
8992,68,25,2025-07-13,3,90.0
8993,22,17,2025-07-15,2,80.0
8994,14,5,2025-07-15,3,1050.0
8995,87,23,2025-07-15,2,30.0
8996,71,11,2025-07-16,6,4800.0
8997,12,16,2025-07-17,1,120.0
8998,82,12,2025-07-17,1,65.0
8999,100,15,2025-07-17,6,1080.0
9000,6,27,2025-07-18,1,40.0
9001,4,20,2025-07-19,1,25.0
9002,51,21,2025-07-19,2,30.0
9003,46,27,2025-07-19,2,80.0
9004,54,27,2025-07-19,3,120.0
9005,71,16,2025-07-19,1,120.0
9006,75,1,2025-07-20,5,6000.0
9007,82,12,2025-07-20,2,130.0
9008,60,6,2025-07-20,1,80.0
9009,97,15,2025-07-20,1,180.0
9010,25,4,2025-07-20,1,120.0
9011,93,6,2025-07-21,1,80.0
9012,42,25,2025-07-21,1,30.0
9013,29,24,2025-07-21,19,665.0
9014,87,26,2025-07-21,16,560.0
9015,72,20,2025-07-21,4,100.0
9016,49,25,2025-07-22,1,30.0
9017,40,14,2025-07-22,2,140.0
9018,64,17,2025-07-23,5,200.0
9019,42,22,2025-07-24,2,56.0
9020,61,7,2025-07-24,3,900.0
9021,31,21,2025-07-24,1,15.0
9022,14,18,2025-07-24,4,200.0
9023,58,29,2025-07-25,7,266.0
9024,11,18,2025-07-25,6,300.0
9025,78,14,2025-07-25,4,280.0
9026,85,3,2025-07-26,7,385.0
9027,15,20,2025-07-26,2,50.0
9028,46,27,2025-07-27,3,120.0
9029,25,29,2025-07-27,1,38.0
9030,19,7,2025-07-27,4,1200.0
9031,18,28,2025-07-28,9,405.0
9032,67,29,2025-07-28,2,76.0
9033,80,17,2025-07-29,7,280.0
9034,94,10,2025-07-29,3,660.0
9035,48,3,2025-07-29,1,55.0
9036,36,20,2025-07-29,1,25.0
9037,64,23,2025-07-30,3,45.0
9038,55,17,2025-07-30,2,80.0
9039,69,18,2025-07-30,1,50.0
9040,85,12,2025-07-30,5,325.0
9041,48,4,2025-07-30,2,240.0
9042,34,28,2025-07-30,1,45.0
9043,30,20,2025-07-31,1,25.0
9044,62,21,2025-07-31,2,30.0
9045,21,4,2025-07-31,6,720.0
9046,42,24,2025-07-31,48,1680.0
9047,68,23,2025-07-31,1,15.0
9048,100,7,2025-08-01,4,1200.0
9049,44,4,2025-08-01,1,120.0
9050,26,29,2025-08-02,2,76.0
9051,29,13,2025-08-02,2,100.0
9052,76,9,2025-08-02,1,180.0
9053,53,11,2025-08-03,3,2400.0
9054,28,14,2025-08-03,1,70.0
9055,24,2,2025-08-03,1,35.0
9056,45,13,2025-08-04,3,150.0
9057,21,6,2025-08-04,1,80.0
9058,33,20,2025-08-04,2,50.0
9059,57,1,2025-08-05,11,13200.0
9060,19,15,2025-08-05,2,360.0
9061,29,24,2025-08-05,1,35.0
9062,86,16,2025-08-05,2,240.0
9063,67,24,2025-08-05,2,70.0
9064,35,21,2025-08-05,1,15.0
9065,69,27,2025-08-06,1,40.0
9066,71,19,2025-08-06,6,120.0
9067,5,13,2025-08-07,1,50.0
9068,16,26,2025-08-07,4,140.0
9069,97,19,2025-08-07,13,260.0
9070,98,12,2025-08-07,1,65.0
9071,77,17,2025-08-08,6,240.0
9072,95,25,2025-08-08,6,180.0
9073,26,21,2025-08-08,4,60.0
9074,81,16,2025-08-09,1,120.0
9075,50,25,2025-08-09,2,60.0
9076,32,16,2025-08-09,1,120.0
9077,49,18,2025-08-09,2,100.0
9078,29,2,2025-08-10,14,490.0
9079,34,3,2025-08-10,1,55.0
9080,41,10,2025-08-11,3,660.0
9081,72,13,2025-08-11,1,50.0
9082,10,19,2025-08-11,1,20.0
9083,92,2,2025-08-11,1,35.0
9084,19,27,2025-08-12,3,120.0
9085,50,8,2025-08-12,6,3000.0
9086,99,7,2025-08-13,3,900.0
9087,73,24,2025-08-13,3,105.0
9088,97,29,2025-08-13,1,38.0
9089,60,24,2025-08-13,4,140.0
9090,48,14,2025-08-14,1,70.0
9091,30,17,2025-08-14,2,80.0
9092,18,10,2025-08-15,3,660.0
9093,54,21,2025-08-15,5,75.0
9094,75,15,2025-08-16,4,720.0
9095,46,23,2025-08-16,2,30.0
9096,27,20,2025-08-16,2,50.0
9097,76,15,2025-08-17,4,720.0
9098,70,28,2025-08-17,4,180.0
9099,20,30,2025-08-17,1,50.0
9100,19,16,2025-08-17,3,360.0
9101,64,6,2025-08-17,3,240.0
9102,17,30,2025-08-17,3,150.0
9103,55,3,2025-08-17,2,110.0
9104,51,24,2025-08-17,4,140.0
9105,78,4,2025-08-17,1,120.0
9106,66,12,2025-08-18,3,195.0
9107,27,9,2025-08-18,1,180.0
9108,24,8,2025-08-18,4,2000.0
9109,54,20,2025-08-19,7,175.0
9110,67,2,2025-08-19,1,35.0
9111,32,5,2025-08-19,3,1050.0
9112,54,23,2025-08-19,1,15.0
9113,26,28,2025-08-20,4,180.0
9114,91,2,2025-08-20,1,35.0
9115,73,1,2025-08-21,2,2400.0
9116,51,13,2025-08-21,16,800.0
9117,32,7,2025-08-21,1,300.0
9118,71,26,2025-08-23,3,105.0
9119,55,22,2025-08-23,1,28.0
9120,26,3,2025-08-23,1,55.0
9121,87,13,2025-08-23,1,50.0
9122,74,14,2025-08-23,1,70.0
9123,11,26,2025-08-24,1,35.0
9124,84,17,2025-08-24,5,200.0
9125,51,14,2025-08-24,1,70.0
9126,74,2,2025-08-24,1,35.0
9127,2,11,2025-08-24,1,800.0
9128,42,11,2025-08-24,4,3200.0
9129,7,24,2025-08-25,3,105.0
9130,93,20,2025-08-25,2,50.0
9131,34,9,2025-08-25,3,540.0
9132,26,6,2025-08-26,1,80.0
9133,59,29,2025-08-26,3,114.0
9134,100,1,2025-08-26,3,3600.0
9135,14,7,2025-08-26,1,300.0
9136,68,23,2025-08-26,1,15.0
9137,21,26,2025-08-26,7,245.0
9138,100,8,2025-08-27,3,1500.0
9139,56,10,2025-08-27,17,3740.0
9140,51,10,2025-08-27,1,220.0
9141,49,11,2025-08-28,3,2400.0
9142,54,13,2025-08-29,1,50.0
9143,6,13,2025-08-29,6,300.0
9144,63,3,2025-08-29,1,55.0
9145,35,30,2025-08-29,2,100.0
9146,19,20,2025-08-29,1,25.0
9147,45,9,2025-08-29,1,180.0
9148,79,20,2025-08-30,2,50.0
9149,64,2,2025-08-30,1,35.0
9150,30,30,2025-08-31,1,50.0
9151,37,23,2025-08-31,4,60.0
9152,11,26,2025-08-31,2,70.0
9153,41,26,2025-09-01,1,35.0
9154,48,6,2025-09-01,3,240.0
9155,47,22,2025-09-01,9,252.0
9156,34,3,2025-09-01,1,55.0
9157,66,10,2025-09-02,5,1100.0
9158,52,14,2025-09-02,3,210.0
9159,72,1,2025-09-02,4,4800.0
9160,80,12,2025-09-02,2,130.0
9161,93,13,2025-09-03,1,50.0
9162,30,10,2025-09-03,19,4180.0
9163,29,13,2025-09-03,3,150.0
9164,61,10,2025-09-04,1,220.0
9165,69,14,2025-09-04,2,140.0
9166,36,11,2025-09-04,8,6400.0
9167,9,10,2025-09-04,6,1320.0
9168,61,21,2025-09-04,1,15.0
9169,71,30,2025-09-04,3,150.0
9170,9,11,2025-09-04,3,2400.0
9171,67,9,2025-09-05,7,1260.0
9172,30,19,2025-09-06,16,320.0
9173,87,11,2025-09-06,5,4000.0
9174,77,4,2025-09-06,5,600.0
9175,4,23,2025-09-06,10,150.0
9176,40,17,2025-09-07,3,120.0
9177,82,6,2025-09-07,3,240.0
9178,32,9,2025-09-07,3,540.0
9179,31,4,2025-09-07,1,120.0
9180,82,28,2025-09-08,16,720.0
9181,23,16,2025-09-09,2,240.0
9182,91,18,2025-09-10,2,100.0
9183,27,25,2025-09-10,2,60.0
9184,100,14,2025-09-10,3,210.0
9185,66,13,2025-09-11,1,50.0
9186,51,24,2025-09-11,4,140.0
9187,10,28,2025-09-11,1,45.0
9188,9,27,2025-09-11,1,40.0
9189,45,18,2025-09-11,5,250.0
9190,53,13,2025-09-12,4,200.0
9191,7,17,2025-09-13,3,120.0
9192,22,6,2025-09-13,1,80.0
9193,57,23,2025-09-13,6,90.0
9194,54,15,2025-09-13,1,180.0
9195,69,23,2025-09-13,3,45.0
9196,73,29,2025-09-14,10,380.0
9197,91,10,2025-09-14,4,880.0
9198,78,6,2025-09-14,4,320.0
9199,32,23,2025-09-14,23,345.0
9200,96,29,2025-09-15,6,228.0
9201,31,19,2025-09-15,1,20.0
9202,22,24,2025-09-15,4,140.0
9203,30,10,2025-09-15,8,1760.0
9204,11,13,2025-09-15,2,100.0
9205,65,9,2025-09-15,1,180.0
9206,56,24,2025-09-16,3,105.0
9207,43,15,2025-09-16,2,360.0
9208,43,14,2025-09-16,5,350.0
9209,94,26,2025-09-16,1,35.0
9210,89,26,2025-09-17,10,350.0
9211,90,3,2025-09-18,4,220.0
9212,2,17,2025-09-18,9,360.0
9213,32,1,2025-09-18,2,2400.0
9214,76,6,2025-09-18,4,320.0
9215,31,27,2025-09-19,7,280.0
9216,62,15,2025-09-19,2,360.0
9217,28,20,2025-09-19,5,125.0
9218,84,7,2025-09-19,2,600.0
9219,39,8,2025-09-19,18,9000.0
9220,87,8,2025-09-19,6,3000.0
9221,26,19,2025-09-19,2,40.0
9222,51,23,2025-09-20,3,45.0
9223,93,25,2025-09-20,1,30.0
9224,54,4,2025-09-20,3,360.0
9225,63,22,2025-09-20,1,28.0
9226,8,8,2025-09-20,1,500.0
9227,93,5,2025-09-21,3,1050.0
9228,3,7,2025-09-21,4,1200.0
9229,42,3,2025-09-21,2,110.0
9230,71,1,2025-09-21,1,1200.0
9231,16,25,2025-09-21,5,150.0
9232,32,6,2025-09-22,4,320.0
9233,92,14,2025-09-22,1,70.0
9234,68,30,2025-09-22,3,150.0
9235,26,29,2025-09-23,4,152.0
9236,34,28,2025-09-23,1,45.0
9237,8,29,2025-09-23,9,342.0
9238,45,18,2025-09-23,7,350.0
9239,5,16,2025-09-23,2,240.0
9240,29,6,2025-09-24,2,160.0
9241,88,22,2025-09-24,2,56.0
9242,77,6,2025-09-24,2,160.0
9243,84,1,2025-09-24,1,1200.0
9244,19,12,2025-09-24,5,325.0
9245,61,28,2025-09-25,5,225.0
9246,82,1,2025-09-25,2,2400.0
9247,63,3,2025-09-26,4,220.0
9248,72,30,2025-09-26,24,1200.0
9249,39,15,2025-09-26,10,1800.0
9250,11,19,2025-09-26,2,40.0
9251,38,10,2025-09-26,2,440.0
9252,84,30,2025-09-26,15,750.0
9253,71,24,2025-09-27,3,105.0
9254,70,7,2025-09-28,4,1200.0
9255,44,2,2025-09-29,2,70.0
9256,61,24,2025-09-29,2,70.0
9257,75,11,2025-09-29,7,5600.0
9258,14,29,2025-09-30,5,190.0
9259,22,8,2025-09-30,1,500.0
9260,43,10,2025-09-30,6,1320.0
9261,46,4,2025-10-01,2,240.0
9262,26,1,2025-10-01,5,6000.0
9263,42,2,2025-10-02,10,350.0
9264,38,12,2025-10-03,2,130.0
9265,54,19,2025-10-03,1,20.0
9266,9,4,2025-10-03,10,1200.0
9267,61,1,2025-10-04,1,1200.0
9268,47,5,2025-10-04,3,1050.0
9269,36,19,2025-10-04,2,40.0
9270,25,21,2025-10-04,4,60.0
9271,70,4,2025-10-04,7,840.0
9272,1,8,2025-10-04,5,2500.0
9273,90,23,2025-10-04,4,60.0
9274,3,24,2025-10-05,1,35.0
9275,82,9,2025-10-05,2,360.0
9276,2,14,2025-10-06,7,490.0
9277,14,16,2025-10-06,1,120.0
9278,31,8,2025-10-07,3,1500.0
9279,90,6,2025-10-07,6,480.0
9280,5,9,2025-10-08,7,1260.0
9281,29,1,2025-10-08,3,3600.0
9282,29,9,2025-10-08,5,900.0
9283,5,3,2025-10-09,1,55.0
9284,91,11,2025-10-09,26,20800.0
9285,36,8,2025-10-09,2,1000.0
9286,85,23,2025-10-09,4,60.0
9287,57,9,2025-10-09,15,2700.0
9288,87,2,2025-10-09,7,245.0
9289,25,7,2025-10-10,11,3300.0
9290,26,19,2025-10-11,4,80.0
9291,25,24,2025-10-11,6,210.0
9292,36,9,2025-10-12,1,180.0
9293,29,13,2025-10-12,4,200.0
9294,2,27,2025-10-13,8,320.0
9295,69,21,2025-10-13,2,30.0
9296,25,28,2025-10-13,7,315.0
9297,87,28,2025-10-13,3,135.0
9298,28,3,2025-10-13,2,110.0
9299,41,5,2025-10-14,9,3150.0
9300,45,27,2025-10-14,2,80.0
9301,55,28,2025-10-14,7,315.0
9302,97,29,2025-10-15,9,342.0
9303,24,23,2025-10-15,2,30.0
9304,34,11,2025-10-15,4,3200.0
9305,33,3,2025-10-16,3,165.0
9306,50,1,2025-10-16,11,13200.0
9307,28,23,2025-10-16,8,120.0
9308,11,23,2025-10-16,9,135.0
9309,39,20,2025-10-17,4,100.0
9310,99,23,2025-10-17,13,195.0
9311,72,18,2025-10-17,8,400.0
9312,75,29,2025-10-18,1,38.0
9313,40,16,2025-10-19,3,360.0
9314,63,22,2025-10-19,4,112.0
9315,65,1,2025-10-20,1,1200.0
9316,21,5,2025-10-20,5,1750.0
9317,69,23,2025-10-21,2,30.0
9318,37,20,2025-10-21,2,50.0
9319,18,20,2025-10-21,2,50.0
9320,76,14,2025-10-22,7,490.0
9321,8,21,2025-10-22,1,15.0
9322,81,5,2025-10-22,9,3150.0
9323,17,4,2025-10-22,5,600.0
9324,4,18,2025-10-22,3,150.0
9325,59,6,2025-10-22,11,880.0
9326,57,17,2025-10-23,14,560.0
9327,33,4,2025-10-23,5,600.0
9328,58,13,2025-10-23,4,200.0
9329,52,11,2025-10-23,7,5600.0
9330,20,26,2025-10-24,9,315.0
9331,75,1,2025-10-24,2,2400.0
9332,69,20,2025-10-26,2,50.0
9333,89,7,2025-10-26,5,1500.0
9334,8,15,2025-10-26,4,720.0
9335,22,16,2025-10-27,4,480.0
9336,69,30,2025-10-27,2,100.0
9337,17,21,2025-10-27,3,45.0
9338,13,23,2025-10-27,9,135.0
9339,99,24,2025-10-28,2,70.0
9340,37,17,2025-10-28,19,760.0
9341,85,3,2025-10-28,2,110.0
9342,87,14,2025-10-29,7,490.0
9343,72,2,2025-10-29,13,455.0
9344,64,13,2025-10-30,2,100.0
9345,55,24,2025-10-31,2,70.0
9346,6,22,2025-10-31,6,168.0
9347,44,1,2025-10-31,6,7200.0
9348,87,27,2025-10-31,10,400.0
9349,63,20,2025-11-01,3,75.0
9350,20,1,2025-11-01,1,1200.0
9351,100,3,2025-11-01,3,165.0
9352,38,9,2025-11-01,8,1440.0
9353,68,6,2025-11-01,2,160.0
9354,59,3,2025-11-01,1,55.0
9355,29,15,2025-11-01,12,2160.0
9356,58,14,2025-11-02,2,140.0
9357,43,7,2025-11-02,6,1800.0
9358,27,11,2025-11-02,1,800.0
9359,77,11,2025-11-03,1,800.0
9360,81,15,2025-11-03,5,900.0
9361,1,8,2025-11-03,4,2000.0
9362,8,3,2025-11-04,8,440.0
9363,69,27,2025-11-04,2,80.0
9364,9,16,2025-11-04,5,600.0
9365,72,16,2025-11-04,1,120.0
9366,94,13,2025-11-04,5,250.0
9367,25,27,2025-11-05,2,80.0
9368,13,11,2025-11-05,5,4000.0
9369,81,9,2025-11-05,4,720.0
9370,45,8,2025-11-05,2,1000.0
9371,20,19,2025-11-06,9,180.0
9372,74,30,2025-11-07,40,2000.0
9373,6,11,2025-11-08,2,1600.0
9374,95,6,2025-11-08,2,160.0
9375,95,8,2025-11-08,8,4000.0
9376,77,23,2025-11-08,5,75.0
9377,28,3,2025-11-08,2,110.0
9378,77,2,2025-11-08,3,105.0
9379,67,26,2025-11-08,1,35.0
9380,53,8,2025-11-09,6,3000.0
9381,16,20,2025-11-10,3,75.0
9382,92,29,2025-11-10,9,342.0
9383,14,7,2025-11-10,6,1800.0
9384,29,28,2025-11-10,2,90.0
9385,48,19,2025-11-11,3,60.0
9386,77,2,2025-11-11,3,105.0
9387,58,21,2025-11-11,24,360.0
9388,45,27,2025-11-11,13,520.0
9389,69,3,2025-11-12,3,165.0
9390,16,29,2025-11-12,2,76.0
9391,71,19,2025-11-12,11,220.0
9392,73,29,2025-11-12,2,76.0
9393,33,15,2025-11-12,5,900.0
9394,22,29,2025-11-12,2,76.0
9395,19,13,2025-11-12,2,100.0
9396,74,27,2025-11-13,2,80.0
9397,8,8,2025-11-13,10,5000.0
9398,58,20,2025-11-13,9,225.0
9399,78,3,2025-11-13,2,110.0
9400,37,3,2025-11-13,4,220.0
9401,77,21,2025-11-14,6,90.0
9402,44,8,2025-11-14,5,2500.0
9403,42,14,2025-11-14,4,280.0
9404,95,30,2025-11-14,4,200.0
9405,29,7,2025-11-15,2,600.0
9406,91,22,2025-11-15,1,28.0
9407,69,9,2025-11-15,3,540.0
9408,64,28,2025-11-16,4,180.0
9409,59,22,2025-11-16,1,28.0
9410,73,3,2025-11-17,4,220.0
9411,68,6,2025-11-17,3,240.0
9412,10,16,2025-11-18,2,240.0
9413,97,6,2025-11-18,32,2560.0
9414,59,2,2025-11-18,6,210.0
9415,37,17,2025-11-18,7,280.0
9416,66,11,2025-11-18,8,6400.0
9417,43,22,2025-11-18,2,56.0
9418,40,25,2025-11-19,4,120.0
9419,13,21,2025-11-19,8,120.0
9420,96,21,2025-11-19,2,30.0
9421,80,6,2025-11-20,6,480.0
9422,9,26,2025-11-20,6,210.0
9423,97,8,2025-11-21,3,1500.0
9424,45,17,2025-11-21,15,600.0
9425,44,20,2025-11-21,13,325.0
9426,59,22,2025-11-21,2,56.0
9427,20,11,2025-11-21,2,1600.0
9428,66,23,2025-11-22,6,90.0
9429,34,29,2025-11-22,2,76.0
9430,28,22,2025-11-22,1,28.0
9431,16,24,2025-11-23,1,35.0
9432,1,12,2025-11-24,2,130.0
9433,99,23,2025-11-24,4,60.0
9434,75,12,2025-11-25,4,260.0
9435,26,9,2025-11-25,11,1980.0
9436,88,27,2025-11-25,11,440.0
9437,84,14,2025-11-25,33,2310.0
9438,11,9,2025-11-25,7,1260.0
9439,29,19,2025-11-25,3,60.0
9440,44,5,2025-11-25,6,2100.0
9441,5,10,2025-11-26,3,660.0
9442,52,14,2025-11-26,19,1330.0
9443,53,12,2025-11-26,7,455.0
9444,53,3,2025-11-27,3,165.0
9445,35,3,2025-11-27,3,165.0
9446,90,12,2025-11-27,7,455.0
9447,5,19,2025-11-27,3,60.0
9448,16,22,2025-11-27,3,84.0
9449,61,10,2025-11-28,21,4620.0
9450,30,1,2025-11-29,2,2400.0
9451,20,12,2025-11-29,5,325.0
9452,56,4,2025-11-29,5,600.0
9453,85,18,2025-11-30,5,250.0
9454,20,17,2025-11-30,3,120.0
9455,8,8,2025-11-30,5,2500.0
9456,95,28,2025-12-01,11,495.0
9457,32,28,2025-12-01,4,180.0
9458,93,7,2025-12-01,3,900.0
9459,12,17,2025-12-01,2,80.0
9460,15,15,2025-12-01,6,1080.0
9461,15,13,2025-12-01,2,100.0
9462,3,1,2025-12-02,5,6000.0
9463,15,14,2025-12-02,10,700.0
9464,16,16,2025-12-02,10,1200.0
9465,55,25,2025-12-02,4,120.0
9466,61,2,2025-12-03,9,315.0
9467,93,22,2025-12-03,10,280.0
9468,26,1,2025-12-04,2,2400.0
9469,84,9,2025-12-04,1,180.0
9470,37,19,2025-12-04,2,40.0
9471,56,5,2025-12-05,3,1050.0
9472,75,22,2025-12-06,11,308.0
9473,95,15,2025-12-06,7,1260.0
9474,9,25,2025-12-06,4,120.0
9475,16,16,2025-12-06,4,480.0
9476,65,7,2025-12-08,5,1500.0
9477,1,15,2025-12-09,3,540.0
9478,100,4,2025-12-10,6,720.0
9479,31,7,2025-12-11,13,3900.0
9480,64,20,2025-12-11,8,200.0
9481,15,22,2025-12-11,35,980.0
9482,23,5,2025-12-11,9,3150.0
9483,9,29,2025-12-12,8,304.0
9484,27,8,2025-12-12,8,4000.0
9485,44,25,2025-12-12,3,90.0
9486,44,14,2025-12-13,4,280.0
9487,27,10,2025-12-13,2,440.0
9488,13,15,2025-12-13,1,180.0
9489,67,1,2025-12-14,2,2400.0
9490,61,30,2025-12-14,8,400.0
9491,24,5,2025-12-15,5,1750.0
9492,13,1,2025-12-15,6,7200.0
9493,23,28,2025-12-16,3,135.0
9494,82,21,2025-12-16,10,150.0
9495,77,11,2025-12-16,2,1600.0
9496,66,11,2025-12-17,7,5600.0
9497,78,15,2025-12-17,8,1440.0
9498,75,16,2025-12-17,10,1200.0
9499,21,28,2025-12-18,2,90.0
9500,64,1,2025-12-18,10,12000.0
9501,75,5,2025-12-19,5,1750.0
9502,69,29,2025-12-19,2,76.0
9503,87,25,2025-12-20,8,240.0
9504,54,11,2025-12-21,3,2400.0
9505,67,23,2025-12-21,8,120.0
9506,36,17,2025-12-21,2,80.0
9507,32,7,2025-12-22,3,900.0
9508,9,30,2025-12-22,8,400.0
9509,10,18,2025-12-22,6,300.0
9510,34,24,2025-12-23,6,210.0
9511,95,2,2025-12-23,15,525.0
9512,72,9,2025-12-23,8,1440.0
9513,95,16,2025-12-24,7,840.0
9514,66,14,2025-12-24,10,700.0
9515,58,14,2025-12-25,4,280.0
9516,49,26,2025-12-25,3,105.0
9517,9,5,2025-12-25,13,4550.0
9518,19,28,2025-12-26,2,90.0
9519,20,2,2025-12-26,41,1435.0
9520,70,4,2025-12-26,12,1440.0
9521,71,16,2025-12-26,7,840.0
9522,79,27,2025-12-26,3,120.0
9523,75,19,2025-12-26,2,40.0
9524,56,27,2025-12-26,9,360.0
9525,10,14,2025-12-27,5,350.0
9526,95,9,2025-12-27,9,1620.0
9527,26,12,2025-12-27,5,325.0
9528,28,20,2025-12-28,2,50.0
9529,100,8,2025-12-29,12,6000.0
9530,59,7,2025-12-29,31,9300.0
9531,68,29,2025-12-29,13,494.0
9532,38,9,2025-12-30,19,3420.0
9533,72,17,2025-12-30,6,240.0
9534,25,26,2025-12-30,3,105.0
9535,3,15,2025-12-30,4,720.0
9536,1,17,2025-12-30,5,200.0
9537,16,22,2025-12-30,3,84.0
9538,26,10,2025-12-30,58,12760.0
9539,83,10,2025-12-31,2,440.0
9540,4,28,2025-12-31,6,270.0
9541,72,2,2025-12-31,11,385.0
9542,24,19,2026-01-01,2,40.0
9543,18,1,2026-01-02,3,3600.0
9544,86,3,2026-01-02,3,165.0
9545,5,30,2026-01-02,1,50.0
9546,5,15,2026-01-02,2,360.0
9547,33,20,2026-01-02,1,25.0
9548,12,25,2026-01-02,4,120.0
9549,25,29,2026-01-03,1,38.0
9550,91,30,2026-01-03,1,50.0
9551,91,5,2026-01-03,1,350.0
9552,4,29,2026-01-03,1,38.0
9553,52,22,2026-01-04,1,28.0
9554,53,30,2026-01-04,1,50.0
9555,27,15,2026-01-04,1,180.0
9556,45,3,2026-01-04,2,110.0
9557,46,8,2026-01-04,3,1500.0
9558,25,29,2026-01-04,1,38.0
9559,36,12,2026-01-04,1,65.0
9560,34,17,2026-01-05,1,40.0
9561,20,9,2026-01-06,1,180.0
9562,15,18,2026-01-06,1,50.0
9563,52,15,2026-01-06,2,360.0
9564,38,28,2026-01-07,1,45.0
9565,71,5,2026-01-07,3,1050.0
9566,13,30,2026-01-07,2,100.0
9567,11,3,2026-01-07,3,165.0
9568,85,13,2026-01-08,2,100.0
9569,85,10,2026-01-08,6,1320.0
9570,11,10,2026-01-08,3,660.0
9571,1,28,2026-01-08,1,45.0
9572,79,20,2026-01-09,1,25.0
9573,75,23,2026-01-09,1,15.0
9574,6,26,2026-01-09,2,70.0
9575,93,6,2026-01-11,2,160.0
9576,21,11,2026-01-11,4,3200.0
9577,90,4,2026-01-11,1,120.0
9578,67,9,2026-01-11,3,540.0
9579,7,4,2026-01-11,1,120.0
9580,35,23,2026-01-11,1,15.0
9581,60,10,2026-01-11,1,220.0
9582,25,3,2026-01-11,1,55.0
9583,19,17,2026-01-11,3,120.0
9584,91,30,2026-01-12,2,100.0
9585,33,30,2026-01-13,1,50.0
9586,21,9,2026-01-13,1,180.0
9587,95,14,2026-01-13,2,140.0
9588,27,12,2026-01-14,3,195.0
9589,87,8,2026-01-14,3,1500.0
9590,29,2,2026-01-14,2,70.0
9591,35,11,2026-01-14,5,4000.0
9592,83,29,2026-01-15,1,38.0
9593,1,11,2026-01-15,2,1600.0
9594,79,29,2026-01-16,1,38.0
9595,56,23,2026-01-16,2,30.0
9596,68,11,2026-01-16,1,800.0
9597,96,7,2026-01-16,2,600.0
9598,12,24,2026-01-17,1,35.0
9599,27,16,2026-01-18,11,1320.0
9600,52,8,2026-01-19,2,1000.0
9601,46,20,2026-01-19,1,25.0
9602,64,22,2026-01-19,1,28.0
9603,51,21,2026-01-19,1,15.0
9604,5,8,2026-01-20,9,4500.0
9605,10,25,2026-01-20,3,90.0
9606,6,15,2026-01-20,3,540.0
9607,62,26,2026-01-20,1,35.0
9608,27,10,2026-01-21,2,440.0
9609,45,2,2026-01-21,1,35.0
9610,20,23,2026-01-21,1,15.0
9611,39,30,2026-01-21,2,100.0
9612,10,22,2026-01-21,1,28.0
9613,22,2,2026-01-22,1,35.0
9614,91,6,2026-01-22,2,160.0
9615,97,17,2026-01-22,3,120.0
9616,86,3,2026-01-23,4,220.0
9617,25,6,2026-01-23,2,160.0
9618,98,23,2026-01-23,4,60.0
9619,70,2,2026-01-23,1,35.0
9620,4,15,2026-01-24,1,180.0
9621,93,12,2026-01-25,2,130.0
9622,62,11,2026-01-25,1,800.0
9623,60,2,2026-01-25,1,35.0
9624,80,23,2026-01-26,2,30.0
9625,52,24,2026-01-26,2,70.0
9626,67,20,2026-01-27,1,25.0
9627,98,11,2026-01-27,1,800.0
9628,41,30,2026-01-28,7,350.0
9629,21,11,2026-01-28,1,800.0
9630,72,28,2026-01-29,13,585.0
9631,62,1,2026-01-29,1,1200.0
9632,58,4,2026-01-30,2,240.0
9633,98,28,2026-01-30,1,45.0
9634,73,10,2026-01-30,3,660.0
9635,18,9,2026-01-30,3,540.0
9636,93,8,2026-01-31,1,500.0
9637,76,17,2026-01-31,1,40.0
9638,79,28,2026-02-01,1,45.0
9639,54,5,2026-02-01,1,350.0
9640,55,28,2026-02-01,1,45.0
9641,55,6,2026-02-01,1,80.0
9642,23,8,2026-02-01,1,500.0
9643,55,2,2026-02-02,5,175.0
9644,60,12,2026-02-02,1,65.0
9645,84,20,2026-02-02,1,25.0
9646,81,22,2026-02-02,1,28.0
9647,67,13,2026-02-03,2,100.0
9648,84,14,2026-02-03,7,490.0
9649,23,14,2026-02-03,2,140.0
9650,57,9,2026-02-03,1,180.0
9651,42,29,2026-02-04,3,114.0
9652,18,14,2026-02-04,8,560.0
9653,9,14,2026-02-04,1,70.0
9654,71,27,2026-02-04,1,40.0
9655,38,30,2026-02-04,2,100.0
9656,48,9,2026-02-05,1,180.0
9657,93,7,2026-02-05,3,900.0
9658,58,30,2026-02-05,1,50.0
9659,14,23,2026-02-06,4,60.0
9660,69,11,2026-02-06,2,1600.0
9661,99,1,2026-02-07,2,2400.0
9662,53,12,2026-02-07,1,65.0
9663,57,2,2026-02-07,1,35.0
9664,49,20,2026-02-07,3,75.0
9665,40,27,2026-02-08,2,80.0
9666,67,26,2026-02-09,2,70.0
9667,92,17,2026-02-09,3,120.0
9668,7,22,2026-02-09,1,28.0
9669,39,27,2026-02-09,2,80.0
9670,98,12,2026-02-09,1,65.0
9671,99,23,2026-02-10,2,30.0
9672,27,21,2026-02-10,1,15.0
9673,38,22,2026-02-10,3,84.0
9674,17,17,2026-02-11,11,440.0
9675,88,22,2026-02-11,1,28.0
9676,48,23,2026-02-11,1,15.0
9677,93,13,2026-02-11,1,50.0
9678,84,21,2026-02-11,1,15.0
9679,17,19,2026-02-12,3,60.0
9680,21,8,2026-02-12,3,1500.0
9681,34,20,2026-02-12,1,25.0
9682,40,1,2026-02-13,1,1200.0
9683,81,4,2026-02-13,4,480.0
9684,65,12,2026-02-14,1,65.0
9685,66,18,2026-02-14,9,450.0
9686,6,24,2026-02-14,1,35.0
9687,81,22,2026-02-15,1,28.0
9688,55,16,2026-02-15,1,120.0
9689,44,6,2026-02-15,1,80.0
9690,4,17,2026-02-15,1,40.0
9691,50,30,2026-02-15,1,50.0
9692,30,5,2026-02-16,5,1750.0
9693,85,15,2026-02-16,6,1080.0
9694,39,6,2026-02-16,2,160.0
9695,91,3,2026-02-17,6,330.0
9696,21,26,2026-02-17,2,70.0
9697,44,5,2026-02-18,1,350.0
9698,90,26,2026-02-18,1,35.0
9699,53,18,2026-02-18,1,50.0
9700,2,29,2026-02-19,13,494.0
9701,28,29,2026-02-19,1,38.0
9702,66,14,2026-02-19,1,70.0
9703,71,3,2026-02-19,1,55.0
9704,14,29,2026-02-19,18,684.0
9705,9,19,2026-02-19,1,20.0
9706,60,25,2026-02-20,1,30.0
9707,19,14,2026-02-20,1,70.0
9708,74,22,2026-02-21,1,28.0
9709,82,7,2026-02-21,2,600.0
9710,96,25,2026-02-21,2,60.0
9711,25,18,2026-02-21,1,50.0
9712,17,29,2026-02-21,1,38.0
9713,61,26,2026-02-21,1,35.0
9714,81,26,2026-02-22,2,70.0
9715,93,21,2026-02-22,1,15.0
9716,24,4,2026-02-22,1,120.0
9717,82,19,2026-02-22,1,20.0
9718,18,4,2026-02-23,1,120.0
9719,30,10,2026-02-23,2,440.0
9720,74,4,2026-02-23,2,240.0
9721,62,16,2026-02-23,3,360.0
9722,52,17,2026-02-25,4,160.0
9723,84,26,2026-02-25,1,35.0
9724,38,6,2026-02-25,18,1440.0
9725,45,17,2026-02-26,2,80.0
9726,58,26,2026-02-27,3,105.0
9727,16,13,2026-02-27,1,50.0
9728,73,7,2026-02-27,22,6600.0
9729,94,25,2026-02-27,4,120.0
9730,89,18,2026-02-28,1,50.0
9731,68,20,2026-02-28,1,25.0
9732,59,29,2026-02-28,2,76.0
9733,29,8,2026-02-28,3,1500.0
9734,80,29,2026-02-28,8,304.0
9735,35,20,2026-02-28,2,50.0
9736,32,12,2026-02-28,7,455.0
9737,51,10,2026-02-28,1,220.0
9738,57,8,2026-02-28,1,500.0
9739,75,7,2026-03-01,2,600.0
9740,44,29,2026-03-01,1,38.0
9741,85,28,2026-03-01,1,45.0
9742,78,16,2026-03-02,1,120.0
9743,75,13,2026-03-02,1,50.0
9744,54,14,2026-03-02,4,280.0
9745,27,8,2026-03-02,3,1500.0
9746,49,7,2026-03-03,2,600.0
9747,71,21,2026-03-03,11,165.0
9748,21,13,2026-03-03,5,250.0
9749,87,9,2026-03-03,5,900.0
9750,13,1,2026-03-03,1,1200.0
9751,35,13,2026-03-04,1,50.0
9752,43,29,2026-03-04,11,418.0
9753,16,7,2026-03-04,1,300.0
9754,43,6,2026-03-04,1,80.0
9755,32,18,2026-03-05,1,50.0
9756,99,15,2026-03-05,1,180.0
9757,52,10,2026-03-05,3,660.0
9758,80,27,2026-03-05,2,80.0
9759,36,19,2026-03-06,3,60.0
9760,45,1,2026-03-06,2,2400.0
9761,21,3,2026-03-06,2,110.0
9762,13,19,2026-03-07,1,20.0
9763,6,9,2026-03-07,3,540.0
9764,15,11,2026-03-07,1,800.0
9765,80,16,2026-03-07,1,120.0
9766,22,27,2026-03-07,11,440.0
9767,63,14,2026-03-07,2,140.0
9768,75,25,2026-03-07,4,120.0
9769,9,4,2026-03-08,3,360.0
9770,78,21,2026-03-08,3,45.0
9771,93,5,2026-03-08,3,1050.0
9772,75,3,2026-03-08,3,165.0
9773,61,23,2026-03-09,6,90.0
9774,90,16,2026-03-10,1,120.0
9775,100,11,2026-03-11,13,10400.0
9776,86,20,2026-03-11,1,25.0
9777,41,10,2026-03-11,6,1320.0
9778,14,1,2026-03-11,6,7200.0
9779,87,13,2026-03-12,1,50.0
9780,35,9,2026-03-12,1,180.0
9781,21,23,2026-03-12,4,60.0
9782,75,29,2026-03-13,4,152.0
9783,84,6,2026-03-13,1,80.0
9784,37,30,2026-03-13,1,50.0
9785,58,10,2026-03-13,1,220.0
9786,48,27,2026-03-14,1,40.0
9787,71,24,2026-03-14,1,35.0
9788,40,17,2026-03-14,3,120.0
9789,38,1,2026-03-14,1,1200.0
9790,58,16,2026-03-14,1,120.0
9791,17,9,2026-03-14,1,180.0
9792,40,26,2026-03-14,3,105.0
9793,22,26,2026-03-14,1,35.0
9794,56,24,2026-03-14,1,35.0
9795,9,6,2026-03-14,3,240.0
9796,9,21,2026-03-15,1,15.0
9797,68,16,2026-03-15,1,120.0
9798,29,12,2026-03-16,1,65.0
9799,7,30,2026-03-16,1,50.0
9800,17,14,2026-03-16,2,140.0
9801,37,29,2026-03-16,22,836.0
9802,93,17,2026-03-16,3,120.0
9803,69,29,2026-03-17,2,76.0
9804,100,28,2026-03-17,4,180.0
9805,27,19,2026-03-18,5,100.0
9806,22,17,2026-03-18,13,520.0
9807,26,16,2026-03-18,3,360.0
9808,64,28,2026-03-18,3,135.0
9809,11,9,2026-03-18,2,360.0
9810,19,15,2026-03-18,2,360.0
9811,62,15,2026-03-18,15,2700.0
9812,93,9,2026-03-18,3,540.0
9813,84,3,2026-03-18,6,330.0
9814,43,9,2026-03-19,6,1080.0
9815,59,3,2026-03-19,2,110.0
9816,90,2,2026-03-19,4,140.0
9817,17,3,2026-03-19,4,220.0
9818,67,2,2026-03-19,1,35.0
9819,29,4,2026-03-20,5,600.0
9820,39,4,2026-03-20,3,360.0
9821,68,9,2026-03-20,4,720.0
9822,70,27,2026-03-20,23,920.0
9823,68,29,2026-03-21,10,380.0
9824,14,1,2026-03-21,2,2400.0
9825,1,10,2026-03-21,1,220.0
9826,56,23,2026-03-21,3,45.0
9827,44,27,2026-03-22,2,80.0
9828,8,20,2026-03-23,2,50.0
9829,39,1,2026-03-23,6,7200.0
9830,57,6,2026-03-23,2,160.0
9831,28,16,2026-03-23,1,120.0
9832,67,30,2026-03-24,4,200.0
9833,91,23,2026-03-25,1,15.0
9834,41,20,2026-03-25,3,75.0
9835,18,8,2026-03-26,5,2500.0
9836,80,3,2026-03-26,3,165.0
9837,93,19,2026-03-26,1,20.0
9838,21,18,2026-03-26,6,300.0
9839,49,30,2026-03-27,4,200.0
9840,99,28,2026-03-27,7,315.0
9841,70,13,2026-03-28,4,200.0
9842,64,7,2026-03-28,3,900.0
9843,96,3,2026-03-28,4,220.0
9844,91,29,2026-03-28,3,114.0
9845,33,11,2026-03-28,4,3200.0
9846,97,15,2026-03-29,2,360.0
9847,20,11,2026-03-29,1,800.0
9848,43,3,2026-03-29,1,55.0
9849,48,11,2026-03-30,2,1600.0
9850,70,14,2026-03-30,10,700.0
9851,65,24,2026-03-30,2,70.0
9852,1,20,2026-03-30,7,175.0
9853,20,28,2026-03-30,3,135.0
9854,20,21,2026-03-31,3,45.0
9855,61,25,2026-03-31,2,60.0
9856,82,26,2026-03-31,4,140.0
9857,8,21,2026-03-31,2,30.0
9858,86,12,2026-04-01,6,390.0
9859,100,5,2026-04-01,1,350.0
9860,90,19,2026-04-01,6,120.0
9861,28,23,2026-04-01,6,90.0
9862,74,15,2026-04-01,1,180.0
9863,28,24,2026-04-02,3,105.0
9864,96,16,2026-04-02,2,240.0
9865,76,18,2026-04-02,2,100.0
9866,12,9,2026-04-02,3,540.0
9867,27,6,2026-04-02,1,80.0
9868,79,15,2026-04-03,2,360.0
9869,30,29,2026-04-03,6,228.0
9870,79,12,2026-04-03,6,390.0
9871,51,20,2026-04-03,2,50.0
9872,45,6,2026-04-03,4,320.0
9873,72,30,2026-04-03,1,50.0
9874,73,23,2026-04-04,4,60.0
9875,81,30,2026-04-04,1,50.0
9876,72,14,2026-04-04,4,280.0
9877,15,22,2026-04-04,5,140.0
9878,37,12,2026-04-05,1,65.0
9879,73,11,2026-04-05,4,3200.0
9880,41,12,2026-04-06,3,195.0
9881,30,20,2026-04-07,2,50.0
9882,16,30,2026-04-08,1,50.0
9883,58,28,2026-04-08,1,45.0
9884,80,28,2026-04-08,2,90.0
9885,13,3,2026-04-08,5,275.0
9886,61,22,2026-04-09,2,56.0
9887,75,15,2026-04-09,3,540.0
9888,75,24,2026-04-09,1,35.0
9889,19,7,2026-04-09,4,1200.0
9890,97,2,2026-04-09,3,105.0
9891,86,20,2026-04-09,6,150.0
9892,71,18,2026-04-09,1,50.0
9893,2,13,2026-04-10,2,100.0
9894,53,25,2026-04-10,1,30.0
9895,24,27,2026-04-10,4,160.0
9896,93,25,2026-04-11,3,90.0
9897,1,12,2026-04-11,1,65.0
9898,15,15,2026-04-11,1,180.0
9899,29,24,2026-04-11,4,140.0
9900,1,10,2026-04-11,19,4180.0
9901,61,20,2026-04-11,2,50.0
9902,30,6,2026-04-11,1,80.0
9903,69,1,2026-04-12,1,1200.0
9904,66,27,2026-04-12,2,80.0
9905,40,17,2026-04-12,1,40.0
9906,53,24,2026-04-12,2,70.0
9907,15,14,2026-04-12,1,70.0
9908,60,24,2026-04-12,2,70.0
9909,12,16,2026-04-12,2,240.0
9910,30,2,2026-04-12,8,280.0
9911,85,23,2026-04-12,1,15.0
9912,71,24,2026-04-13,3,105.0
9913,85,3,2026-04-13,9,495.0
9914,76,22,2026-04-13,3,84.0
9915,61,23,2026-04-14,3,45.0
9916,11,7,2026-04-15,1,300.0
9917,44,11,2026-04-16,2,1600.0
9918,34,8,2026-04-16,2,1000.0
9919,90,10,2026-04-16,5,1100.0
9920,77,3,2026-04-16,1,55.0
9921,8,4,2026-04-16,4,480.0
9922,22,11,2026-04-16,4,3200.0
9923,84,18,2026-04-17,3,150.0
9924,16,7,2026-04-17,1,300.0
9925,65,1,2026-04-17,2,2400.0
9926,22,18,2026-04-17,4,200.0
9927,41,22,2026-04-17,3,84.0
9928,21,10,2026-04-17,1,220.0
9929,39,7,2026-04-17,3,900.0
9930,10,18,2026-04-18,1,50.0
9931,37,29,2026-04-18,2,76.0
9932,37,22,2026-04-18,1,28.0
9933,88,29,2026-04-18,1,38.0
9934,90,22,2026-04-18,12,336.0
9935,24,14,2026-04-18,3,210.0
9936,46,28,2026-04-19,5,225.0
9937,66,12,2026-04-19,1,65.0
9938,29,10,2026-04-19,14,3080.0
9939,90,23,2026-04-19,8,120.0
9940,33,29,2026-04-19,5,190.0
9941,64,10,2026-04-19,3,660.0
9942,18,2,2026-04-20,20,700.0
9943,73,30,2026-04-20,2,100.0
9944,6,14,2026-04-20,3,210.0
9945,28,29,2026-04-20,1,38.0
9946,86,5,2026-04-20,2,700.0
9947,79,14,2026-04-21,20,1400.0
9948,95,7,2026-04-21,6,1800.0
9949,13,28,2026-04-21,1,45.0
9950,22,25,2026-04-21,3,90.0
9951,11,25,2026-04-21,5,150.0
9952,25,23,2026-04-21,1,15.0
9953,77,27,2026-04-22,6,240.0
9954,42,18,2026-04-22,1,50.0
9955,65,7,2026-04-23,3,900.0
9956,12,20,2026-04-23,1,25.0
9957,34,6,2026-04-23,1,80.0
9958,92,12,2026-04-23,21,1365.0
9959,11,18,2026-04-23,5,250.0
9960,49,11,2026-04-24,2,1600.0
9961,74,30,2026-04-24,1,50.0
9962,78,3,2026-04-24,2,110.0
9963,67,16,2026-04-24,4,480.0
9964,62,27,2026-04-25,2,80.0
9965,21,28,2026-04-25,4,180.0
9966,32,12,2026-04-26,1,65.0
9967,67,25,2026-04-26,2,60.0
9968,36,15,2026-04-26,7,1260.0
9969,16,16,2026-04-26,16,1920.0
9970,44,5,2026-04-26,3,1050.0
9971,20,27,2026-04-26,4,160.0
9972,56,4,2026-04-26,2,240.0
9973,34,16,2026-04-27,2,240.0
9974,7,9,2026-04-27,7,1260.0
9975,19,4,2026-04-27,9,1080.0
9976,32,20,2026-04-27,8,200.0
9977,29,15,2026-04-27,1,180.0
9978,77,18,2026-04-27,15,750.0
9979,86,23,2026-04-27,3,45.0
9980,26,21,2026-04-28,6,90.0
9981,3,1,2026-04-29,5,6000.0
9982,99,1,2026-04-29,1,1200.0
9983,48,7,2026-04-29,1,300.0
9984,13,17,2026-04-30,2,80.0
9985,26,17,2026-04-30,17,680.0
9986,1,16,2026-04-30,2,240.0
9987,42,5,2026-04-30,1,350.0
9988,66,24,2026-05-01,1,35.0
9989,63,18,2026-05-01,1,50.0
9990,28,30,2026-05-01,4,200.0
9991,94,26,2026-05-02,1,35.0
9992,22,4,2026-05-02,6,720.0
9993,19,30,2026-05-02,2,100.0
9994,93,18,2026-05-02,3,150.0
9995,87,22,2026-05-03,1,28.0
9996,19,18,2026-05-04,1,50.0
9997,91,27,2026-05-04,3,120.0
9998,94,5,2026-05-04,2,700.0
9999,90,24,2026-05-04,1,35.0
10000,12,30,2026-05-04,1,50.0
